Date,Adj Close,Close,High,Low,Open,Volume
2000-01-03,1.10587739944458,5.875,5.875,5.875,5.875,35389440000
2000-01-04,1.044701337814331,5.550000190734863,5.550000190734863,5.550000190734863,5.550000190734863,28861440000
2000-01-05,1.034159541130066,5.49399995803833,5.49399995803833,5.49399995803833,5.49399995803833,43033600000
2000-01-06,1.030583381652832,5.474999904632568,5.474999904632568,5.474999904632568,5.474999904632568,34055680000
2000-01-07,1.0352892875671387,5.5,5.5,5.5,5.5,20912640000
2000-01-10,1.0565592050552368,5.61299991607666,5.61299991607666,5.61299991607666,5.61299991607666,19563520000
2000-01-11,1.030583381652832,5.474999904632568,5.474999904632568,5.474999904632568,5.474999904632568,23987200000
2000-01-12,1.0320894718170166,5.482999801635742,5.482999801635742,5.482999801635742,5.482999801635742,23301120000
2000-01-13,1.0023480653762817,5.324999809265137,5.324999809265137,5.324999809265137,5.324999809265137,26383360000
2000-01-14,1.016465663909912,5.400000095367432,5.400000095367432,5.400000095367432,5.400000095367432,16657920000
2000-01-17,1.0047953128814697,5.3379998207092285,5.3379998207092285,5.3379998207092285,5.3379998207092285,16573440000
2000-01-18,1.0095009803771973,5.36299991607666,5.36299991607666,5.36299991607666,5.36299991607666,17925120000
2000-01-19,1.0023480653762817,5.324999809265137,5.324999809265137,5.324999809265137,5.324999809265137,38883840000
2000-01-20,1.0000895261764526,5.313000202178955,5.313000202178955,5.313000202178955,5.313000202178955,26268160000
2000-01-21,0.9788185358047485,5.199999809265137,5.199999809265137,5.199999809265137,5.199999809265137,17512960000
2000-01-24,0.971854031085968,5.163000106811523,5.163000106811523,5.163000106811523,5.163000106811523,18385920000
2000-01-25,0.971854031085968,5.163000106811523,5.163000106811523,5.163000106811523,5.163000106811523,0
2000-01-26,0.9835250377655029,5.224999904632568,5.224999904632568,5.224999904632568,5.224999904632568,25917440000
2000-01-27,0.9765599966049194,5.188000202178955,5.188000202178955,5.188000202178955,5.188000202178955,38379520000
2000-01-28,0.9765599966049194,5.188000202178955,5.188000202178955,5.188000202178955,5.188000202178955,17894400000
2000-01-31,0.9601840376853943,5.10099983215332,5.10099983215332,5.10099983215332,5.10099983215332,32266240000
2000-02-01,0.9788185358047485,5.199999809265137,5.199999809265137,5.199999809265137,5.199999809265137,23672320000
2000-02-02,0.9976423382759094,5.300000190734863,5.300000190734863,5.300000190734863,5.300000190734863,14272000000
2000-02-03,1.025877594947815,5.449999809265137,5.449999809265137,5.449999809265137,5.449999809265137,25950720000
2000-02-04,1.0518537759780884,5.5879998207092285,5.5879998207092285,5.5879998207092285,5.5879998207092285,21199360000
2000-02-07,1.0588182210922241,5.625,5.625,5.625,5.625,20613120000
2000-02-08,1.0823476314544678,5.75,5.75,5.75,5.75,31498240000
2000-02-09,1.0588182210922241,5.625,5.625,5.625,5.625,15600640000
2000-02-10,1.0283244848251343,5.4629998207092285,5.4629998207092285,5.4629998207092285,5.4629998207092285,18600960000
2000-02-11,0.9953834414482117,5.288000106811523,5.288000106811523,5.288000106811523,5.288000106811523,25297920000
2000-02-14,0.9812659621238708,5.2129998207092285,5.2129998207092285,5.2129998207092285,5.2129998207092285,10119680000
2000-02-15,1.0000895261764526,5.313000202178955,5.313000202178955,5.313000202178955,5.313000202178955,33546240000
2000-02-16,1.0800890922546387,5.73799991607666,5.73799991607666,5.73799991607666,5.73799991607666,73564160000
2000-02-17,1.0706775188446045,5.688000202178955,5.688000202178955,5.688000202178955,5.688000202178955,21411840000
2000-02-18,1.0471479892730713,5.563000202178955,5.563000202178955,5.563000202178955,5.563000202178955,22484480000
2000-02-21,1.044701337814331,5.550000190734863,5.550000190734863,5.550000190734863,5.550000190734863,18700800000
2000-02-22,1.0399951934814453,5.525000095367432,5.525000095367432,5.525000095367432,5.525000095367432,22474240000
2000-02-23,1.0471479892730713,5.563000202178955,5.563000202178955,5.563000202178955,5.563000202178955,20334080000
2000-02-24,1.0753830671310425,5.7129998207092285,5.7129998207092285,5.7129998207092285,5.7129998207092285,32931840000
2000-02-25,1.1036182641983032,5.86299991607666,5.86299991607666,5.86299991607666,5.86299991607666,36958720000
2000-02-28,1.0823476314544678,5.75,5.75,5.75,5.75,11596800000
2000-02-29,1.087053656578064,5.775000095367432,5.775000095367432,5.775000095367432,5.775000095367432,24322560000
2000-03-01,1.10587739944458,5.875,5.875,5.875,5.875,23828480000
2000-03-02,1.0989123582839966,5.8379998207092285,5.8379998207092285,5.8379998207092285,5.8379998207092285,24053760000
2000-03-03,1.136559009552002,6.038000106811523,6.038000106811523,6.038000106811523,6.038000106811523,13217280000
2000-03-06,1.136559009552002,6.038000106811523,6.038000106811523,6.038000106811523,6.038000106811523,0
2000-03-07,1.136559009552002,6.038000106811523,6.038000106811523,6.038000106811523,6.038000106811523,0
2000-03-08,1.1634767055511475,6.181000232696533,6.181000232696533,6.181000232696533,6.181000232696533,8337920000
2000-03-09,1.204512357711792,6.39900016784668,6.39900016784668,6.39900016784668,6.39900016784668,21578240000
2000-03-10,1.169500470161438,6.2129998207092285,6.2129998207092285,6.2129998207092285,6.2129998207092285,14763520000
2000-03-13,1.169500470161438,6.2129998207092285,6.2129998207092285,6.2129998207092285,6.2129998207092285,0
2000-03-14,1.0942063331604004,5.813000202178955,5.813000202178955,5.813000202178955,5.813000202178955,28421120000
2000-03-15,1.1083241701126099,5.888000011444092,5.888000011444092,5.888000011444092,5.888000011444092,25216000000
2000-03-16,1.1152890920639038,5.925000190734863,5.925000190734863,5.925000190734863,5.925000190734863,23298560000
2000-03-17,1.1036182641983032,5.86299991607666,5.86299991607666,5.86299991607666,5.86299991607666,18447360000
2000-03-20,1.0706775188446045,5.688000202178955,5.688000202178955,5.688000202178955,5.688000202178955,16012800000
2000-03-21,1.0917596817016602,5.800000190734863,5.800000190734863,5.800000190734863,5.800000190734863,25492480000
2000-03-22,1.0943946838378906,5.814000129699707,5.814000129699707,5.814000129699707,5.814000129699707,25113600000
2000-03-23,1.0942063331604004,5.813000202178955,5.813000202178955,5.813000202178955,5.813000202178955,26447360000
2000-03-24,1.0942063331604004,5.813000202178955,5.813000202178955,5.813000202178955,5.813000202178955,15249920000
2000-03-27,1.1764652729034424,6.25,6.25,6.25,6.25,22727680000
2000-03-28,1.1271473169326782,5.98799991607666,5.98799991607666,5.98799991607666,5.98799991607666,16906240000
2000-03-29,1.1224417686462402,5.9629998207092285,5.9629998207092285,5.9629998207092285,5.9629998207092285,21788160000
2000-03-30,1.0964654684066772,5.824999809265137,5.824999809265137,5.824999809265137,5.824999809265137,16432640000
2000-03-31,1.1105828285217285,5.900000095367432,5.900000095367432,5.900000095367432,5.900000095367432,20659200000
2000-04-03,1.1011712551116943,5.849999904632568,5.849999904632568,5.849999904632568,5.849999904632568,18083840000
2000-04-04,1.0953360795974731,5.818999767303467,5.818999767303467,5.818999767303467,5.818999767303467,33208320000
2000-04-05,1.1412650346755981,6.063000202178955,6.063000202178955,6.063000202178955,6.063000202178955,40258560000
2000-04-06,1.1576417684555054,6.150000095367432,6.150000095367432,6.150000095367432,6.150000095367432,24975360000
2000-04-07,1.1647945642471313,6.188000202178955,6.188000202178955,6.188000202178955,6.188000202178955,19161600000
2000-04-10,1.1388181447982788,6.050000190734863,6.050000190734863,6.050000190734863,6.050000190734863,13194240000
2000-04-11,1.1105828285217285,5.900000095367432,5.900000095367432,5.900000095367432,5.900000095367432,21875200000
2000-04-12,1.1363707780838013,6.0370001792907715,6.0370001792907715,6.0370001792907715,6.0370001792907715,45626880000
2000-04-13,1.1105828285217285,5.900000095367432,5.900000095367432,5.900000095367432,5.900000095367432,40263680000
2000-04-14,1.1105828285217285,5.900000095367432,5.900000095367432,5.900000095367432,5.900000095367432,0
2000-04-17,0.9882307648658752,5.25,5.25,5.25,5.25,66396160000
2000-04-18,1.0189132690429688,5.413000106811523,5.413000106811523,5.413000106811523,5.413000106811523,50900480000
2000-04-19,0.9577370285987854,5.0879998207092285,5.0879998207092285,5.0879998207092285,5.0879998207092285,38799360000
2000-04-20,0.9599953889846802,5.099999904632568,5.099999904632568,5.099999904632568,5.099999904632568,17896960000
2000-04-21,0.9599953889846802,5.099999904632568,5.099999904632568,5.099999904632568,5.099999904632568,0
2000-04-24,0.9411721229553223,5.0,5.0,5.0,5.0,20638720000
2000-04-25,1.025877594947815,5.449999809265137,5.449999809265137,5.449999809265137,5.449999809265137,38284800000
2000-04-26,1.010630488395691,5.36899995803833,5.36899995803833,5.36899995803833,5.36899995803833,22627840000
2000-04-27,1.0117601156234741,5.375,5.375,5.375,5.375,43991040000
2000-04-28,1.0119482278823853,5.375999927520752,5.375999927520752,5.375999927520752,5.375999927520752,25940480000
2000-05-01,1.0119482278823853,5.375999927520752,5.375999927520752,5.375999927520752,5.375999927520752,0
2000-05-02,1.0364186763763428,5.50600004196167,5.50600004196167,5.50600004196167,5.50600004196167,19975680000
2000-05-03,1.0330302715301514,5.48799991607666,5.48799991607666,5.48799991607666,5.48799991607666,20416000000
2000-05-04,1.030583381652832,5.474999904632568,5.474999904632568,5.474999904632568,5.474999904632568,21488640000
2000-05-05,1.0330302715301514,5.48799991607666,5.48799991607666,5.48799991607666,5.48799991607666,17635840000
2000-05-08,1.034159541130066,5.49399995803833,5.49399995803833,5.49399995803833,5.49399995803833,17551360000
2000-05-09,1.0351009368896484,5.499000072479248,5.499000072479248,5.499000072479248,5.499000072479248,26621440000
2000-05-10,1.016465663909912,5.400000095367432,5.400000095367432,5.400000095367432,5.400000095367432,26841600000
2000-05-11,0.9999013543128967,5.311999797821045,5.311999797821045,5.311999797821045,5.311999797821045,36037120000
2000-05-12,0.9987720251083374,5.306000232696533,5.306000232696533,5.306000232696533,5.306000232696533,26560000000
2000-05-15,1.016465663909912,5.400000095367432,5.400000095367432,5.400000095367432,5.400000095367432,13186560000
2000-05-16,1.0494067668914795,5.574999809265137,5.574999809265137,5.574999809265137,5.574999809265137,27993600000
2000-05-17,1.0377360582351685,5.513000011444092,5.513000011444092,5.513000011444092,5.513000011444092,12966400000
2000-05-18,1.0424424409866333,5.538000106811523,5.538000106811523,5.538000106811523,5.538000106811523,23644160000
2000-05-19,1.0189132690429688,5.413000106811523,5.413000106811523,5.413000106811523,5.413000106811523,23654400000
2000-05-22,0.9893600940704346,5.25600004196167,5.25600004196167,5.25600004196167,5.25600004196167,20034560000
2000-05-23,1.0023480653762817,5.324999809265137,5.324999809265137,5.324999809265137,5.324999809265137,24501760000
2000-05-24,0.9859718680381775,5.23799991607666,5.23799991607666,5.23799991607666,5.23799991607666,38970880000
2000-05-25,1.0000895261764526,5.313000202178955,5.313000202178955,5.313000202178955,5.313000202178955,38474240000
2000-05-26,0.9884185194969177,5.250999927520752,5.250999927520752,5.250999927520752,5.250999927520752,26065920000
2000-05-29,0.9976423382759094,5.300000190734863,5.300000190734863,5.300000190734863,5.300000190734863,11112960000
2000-05-30,1.000653862953186,5.315999984741211,5.315999984741211,5.315999984741211,5.315999984741211,23626240000
2000-05-31,0.9859718680381775,5.23799991607666,5.23799991607666,5.23799991607666,5.23799991607666,26045440000
2000-06-01,1.0352892875671387,5.5,5.5,5.5,5.5,27148800000
2000-06-02,1.0942063331604004,5.813000202178955,5.813000202178955,5.813000202178955,5.813000202178955,51576320000
2000-06-05,1.0898767709732056,5.789999961853027,5.789999961853027,5.789999961853027,5.789999961853027,22650880000
2000-06-06,1.0898767709732056,5.789999961853027,5.789999961853027,5.789999961853027,5.789999961853027,0
2000-06-07,1.1753355264663696,6.24399995803833,6.24399995803833,6.24399995803833,6.24399995803833,23697920000
2000-06-08,1.181359052658081,6.276000022888184,6.276000022888184,6.276000022888184,6.276000022888184,28997120000
2000-06-09,1.18117094039917,6.275000095367432,6.275000095367432,6.275000095367432,6.275000095367432,10813440000
2000-06-12,1.174206256866455,6.23799991607666,6.23799991607666,6.23799991607666,6.23799991607666,6832640000
2000-06-13,1.1730769872665405,6.23199987411499,6.23199987411499,6.23199987411499,6.23199987411499,21562880000
2000-06-14,1.1600887775421143,6.163000106811523,6.163000106811523,6.163000106811523,6.163000106811523,27604480000
2000-06-15,1.1610299348831177,6.168000221252441,6.168000221252441,6.168000221252441,6.168000221252441,21391360000
2000-06-16,1.1836179494857788,6.288000106811523,6.288000106811523,6.288000106811523,6.288000106811523,36892160000
2000-06-19,1.1905823945999146,6.324999809265137,6.324999809265137,6.324999809265137,6.324999809265137,68078080000
2000-06-20,1.1977351903915405,6.36299991607666,6.36299991607666,6.36299991607666,6.36299991607666,17233920000
2000-06-21,1.21185302734375,6.438000202178955,6.438000202178955,6.438000202178955,6.438000202178955,38213120000
2000-06-22,1.21185302734375,6.438000202178955,6.438000202178955,6.438000202178955,6.438000202178955,0
2000-06-23,1.2119940519332886,6.43874979019165,6.43874979019165,6.43874979019165,6.43874979019165,28073600
2000-06-26,1.235288143157959,6.5625,6.5625,6.5625,6.5625,23228800
2000-06-27,1.2470531463623047,6.625,6.625,6.625,6.625,28342400
2000-06-28,1.2917579412460327,6.862500190734863,6.862500190734863,6.862500190734863,6.862500190734863,25206400
2000-06-29,1.2517586946487427,6.650000095367432,6.650000095367432,6.650000095367432,6.650000095367432,15392000
2000-06-30,1.2823467254638672,6.8125,6.8125,6.8125,6.8125,15942400
2000-07-03,1.3176405429840088,7.0,7.0,7.0,7.0,22694400
2000-07-04,1.34587562084198,7.150000095367432,7.150000095367432,7.150000095367432,7.150000095367432,21155200
2000-07-05,1.3129348754882812,6.974999904632568,6.974999904632568,6.974999904632568,6.974999904632568,40316800
2000-07-06,1.3129348754882812,6.974999904632568,6.974999904632568,6.974999904632568,6.974999904632568,29712000
2000-07-07,1.2623467445373535,6.706250190734863,6.706250190734863,6.706250190734863,6.706250190734863,48684800
2000-07-10,1.267052412033081,6.731249809265137,6.731249809265137,6.731249809265137,6.731249809265137,26758400
2000-07-11,1.205876111984253,6.40625,6.40625,6.40625,6.40625,55961600
2000-07-12,1.1882292032241821,6.3125,6.3125,6.3125,6.3125,48240000
2000-07-13,1.139758825302124,6.054999828338623,6.054999828338623,6.054999828338623,6.054999828338623,28204800
2000-07-14,1.1647002696990967,6.1875,6.1875,6.1875,6.1875,27990400
2000-07-17,1.1647002696990967,6.1875,6.1875,6.1875,6.1875,78153600
2000-07-18,1.1529356241226196,6.125,6.125,6.125,6.125,37033600
2000-07-19,1.1694061756134033,6.212500095367432,6.212500095367432,6.212500095367432,6.212500095367432,30892800
2000-07-20,1.2329351902008057,6.550000190734863,6.550000190734863,6.550000190734863,6.550000190734863,37116800
2000-07-21,1.211759090423584,6.4375,6.4375,6.4375,6.4375,53036800
2000-07-24,1.199994444847107,6.375,6.375,6.375,6.375,26806400
2000-07-25,1.136465311050415,6.037499904632568,6.037499904632568,6.037499904632568,6.037499904632568,59932800
2000-07-26,1.147053599357605,6.09375,6.09375,6.09375,6.09375,39897600
2000-07-27,1.1291711330413818,5.99875020980835,5.99875020980835,5.99875020980835,5.99875020980835,47590400
2000-07-28,1.087053656578064,5.775000095367432,5.775000095367432,5.775000095367432,5.775000095367432,36342400
2000-07-31,1.10164213180542,5.852499961853027,5.852499961853027,5.852499961853027,5.852499961853027,22048000
2000-08-01,1.0705832242965698,5.6875,5.6875,5.6875,5.6875,77788800
2000-08-02,1.0943472385406494,5.81374979019165,5.81374979019165,5.81374979019165,5.81374979019165,66147200
2000-08-03,1.0974063873291016,5.829999923706055,5.829999923706055,5.829999923706055,5.829999923706055,48515200
2000-08-04,1.0941126346588135,5.8125,5.8125,5.8125,5.8125,164937600
2000-08-07,1.1190534830093384,5.945000171661377,5.945000171661377,5.945000171661377,5.945000171661377,69481600
2000-08-08,1.0811711549758911,5.743750095367432,5.743750095367432,5.743750095367432,5.743750095367432,203132800
2000-08-09,1.059995174407959,5.631249904632568,5.631249904632568,5.631249904632568,5.631249904632568,136963200
2000-08-10,1.1647002696990967,6.1875,6.1875,6.1875,6.1875,218003200
2000-08-11,1.174112319946289,6.237500190734863,6.237500190734863,6.237500190734863,6.237500190734863,93910400
2000-08-14,1.1717588901519775,6.224999904632568,6.224999904632568,6.224999904632568,6.224999904632568,45708800
2000-08-15,1.185876488685608,6.300000190734863,6.300000190734863,6.300000190734863,6.300000190734863,48217600
2000-08-16,1.199994444847107,6.375,6.375,6.375,6.375,66998400
2000-08-17,1.2470531463623047,6.625,6.625,6.625,6.625,55654400
2000-08-18,1.2232879400253296,6.49875020980835,6.49875020980835,6.49875020980835,6.49875020980835,43158400
2000-08-21,1.1988176107406616,6.368750095367432,6.368750095367432,6.368750095367432,6.368750095367432,46761600
2000-08-22,1.211759090423584,6.4375,6.4375,6.4375,6.4375,42275200
2000-08-23,1.2397586107254028,6.586249828338623,6.586249828338623,6.586249828338623,6.586249828338623,54163200
2000-08-24,1.235288143157959,6.5625,6.5625,6.5625,6.5625,29488000
2000-08-25,1.258817434310913,6.6875,6.6875,6.6875,6.6875,37667200
2000-08-28,1.2446997165679932,6.612500190734863,6.612500190734863,6.612500190734863,6.612500190734863,29004800
2000-08-29,1.2799941301345825,6.800000190734863,6.800000190734863,6.800000190734863,6.800000190734863,53814400
2000-08-30,1.3294055461883545,7.0625,7.0625,7.0625,7.0625,91404800
2000-08-31,1.2964645624160767,6.887499809265137,6.887499809265137,6.887499809265137,6.887499809265137,49180800
2000-09-01,1.30587637424469,6.9375,6.9375,6.9375,6.9375,34025600
2000-09-04,1.2974056005477905,6.892499923706055,6.892499923706055,6.892499923706055,6.892499923706055,17913600
2000-09-05,1.28964102268219,6.851250171661377,6.851250171661377,6.851250171661377,6.851250171661377,28764800
2000-09-06,1.3388170003890991,7.112500190734863,7.112500190734863,7.112500190734863,7.112500190734863,38336000
2000-09-07,1.3388170003890991,7.112500190734863,7.112500190734863,7.112500190734863,7.112500190734863,0
2000-09-08,1.3294055461883545,7.0625,7.0625,7.0625,7.0625,21145600
2000-09-11,1.3552870750427246,7.199999809265137,7.199999809265137,7.199999809265137,7.199999809265137,39068800
2000-09-12,1.331993579864502,7.076250076293945,7.076250076293945,7.076250076293945,7.076250076293945,34668800
2000-09-13,1.3176405429840088,7.0,7.0,7.0,7.0,45532800
2000-09-14,1.268229603767395,6.737500190734863,6.737500190734863,6.737500190734863,6.737500190734863,39596800
2000-09-15,1.2842293977737427,6.822500228881836,6.822500228881836,6.822500228881836,6.822500228881836,27494400
2000-09-18,1.246817946434021,6.62375020980835,6.62375020980835,6.62375020980835,6.62375020980835,31660800
2000-09-19,1.2388176918029785,6.581250190734863,6.581250190734863,6.581250190734863,6.581250190734863,43027200
2000-09-20,1.258817434310913,6.6875,6.6875,6.6875,6.6875,39939200
2000-09-21,1.2258766889572144,6.512499809265137,6.512499809265137,6.512499809265137,6.512499809265137,28496000
2000-09-22,1.211759090423584,6.4375,6.4375,6.4375,6.4375,39763200
2000-09-25,1.223523497581482,6.5,6.5,6.5,6.5,34928000
2000-09-26,1.254111647605896,6.662499904632568,6.662499904632568,6.662499904632568,6.662499904632568,34464000
2000-09-27,1.2517586946487427,6.650000095367432,6.650000095367432,6.650000095367432,6.650000095367432,62380800
2000-09-28,1.2446997165679932,6.612500190734863,6.612500190734863,6.612500190734863,6.612500190734863,22048000
2000-09-29,1.2329351902008057,6.550000190734863,6.550000190734863,6.550000190734863,6.550000190734863,28652800
2000-10-02,1.2282296419143677,6.525000095367432,6.525000095367432,6.525000095367432,6.525000095367432,24534400
2000-10-03,1.2331703901290894,6.551249980926514,6.551249980926514,6.551249980926514,6.551249980926514,25948800
2000-10-04,1.2470531463623047,6.625,6.625,6.625,6.625,21932800
2000-10-05,1.2470531463623047,6.625,6.625,6.625,6.625,0
2000-10-06,1.2188175916671753,6.474999904632568,6.474999904632568,6.474999904632568,6.474999904632568,37315200
2000-10-09,1.2211706638336182,6.487500190734863,6.487500190734863,6.487500190734863,6.487500190734863,26342400
2000-10-10,1.243523359298706,6.606249809265137,6.606249809265137,6.606249809265137,6.606249809265137,40163200
2000-10-11,1.2470531463623047,6.625,6.625,6.625,6.625,30969600
2000-10-12,1.2470531463623047,6.625,6.625,6.625,6.625,0
2000-10-13,1.262111783027649,6.704999923706055,6.704999923706055,6.704999923706055,6.704999923706055,33702400
2000-10-16,1.216464877128601,6.462500095367432,6.462500095367432,6.462500095367432,6.462500095367432,61683200
2000-10-17,1.1647002696990967,6.1875,6.1875,6.1875,6.1875,30995200
2000-10-18,1.1764652729034424,6.25,6.25,6.25,6.25,97750400
2000-10-19,1.195523977279663,6.351250171661377,6.351250171661377,6.351250171661377,6.351250171661377,55462400
2000-10-20,1.1764652729034424,6.25,6.25,6.25,6.25,26928000
2000-10-23,1.1282302141189575,5.993750095367432,5.993750095367432,5.993750095367432,5.993750095367432,39004800
2000-10-24,1.1282302141189575,5.993750095367432,5.993750095367432,5.993750095367432,5.993750095367432,0
2000-10-25,1.0776419639587402,5.724999904632568,5.724999904632568,5.724999904632568,5.724999904632568,54582400
2000-10-26,1.1505829095840454,6.112500190734863,6.112500190734863,6.112500190734863,6.112500190734863,48233600
2000-10-27,1.1616417169570923,6.171249866485596,6.171249866485596,6.171249866485596,6.171249866485596,45820800
2000-10-30,1.1931710243225098,6.338749885559082,6.338749885559082,6.338749885559082,6.338749885559082,25900800
2000-10-31,1.191523790359497,6.329999923706055,6.329999923706055,6.329999923706055,6.329999923706055,44307200
2000-11-01,1.2042298316955566,6.397500038146973,6.397500038146973,6.397500038146973,6.397500038146973,31068800
2000-11-02,1.2042298316955566,6.397500038146973,6.397500038146973,6.397500038146973,6.397500038146973,0
2000-11-03,1.178817868232727,6.262499809265137,6.262499809265137,6.262499809265137,6.262499809265137,31468800
2000-11-06,1.2044649124145508,6.398749828338623,6.398749828338623,6.398749828338623,6.398749828338623,26361600
2000-11-07,1.2282296419143677,6.525000095367432,6.525000095367432,6.525000095367432,6.525000095367432,33436800
2000-11-08,1.211759090423584,6.4375,6.4375,6.4375,6.4375,34857600
2000-11-09,1.1764652729034424,6.25,6.25,6.25,6.25,52691200
2000-11-10,1.1799942255020142,6.268750190734863,6.268750190734863,6.268750190734863,6.268750190734863,33510400
2000-11-13,1.1952881813049316,6.349999904632568,6.349999904632568,6.349999904632568,6.349999904632568,29878400
2000-11-14,1.1952881813049316,6.349999904632568,6.349999904632568,6.349999904632568,6.349999904632568,0
2000-11-15,1.1952881813049316,6.349999904632568,6.349999904632568,6.349999904632568,6.349999904632568,0
2000-11-16,1.223523497581482,6.5,6.5,6.362500190734863,6.413750171661377,23590400
2000-11-17,1.223523497581482,6.5,6.574999809265137,6.4375,6.5625,24732800
2000-11-20,1.2143471240997314,6.451250076293945,6.487500190734863,6.366250038146973,6.375,18204800
2000-11-21,1.2294062376022339,6.53125,6.574999809265137,6.449999809265137,6.462500095367432,29494400
2000-11-22,1.2258766889572144,6.512499809265137,6.612500190734863,6.512499809265137,6.556250095367432,46486400
2000-11-23,1.199994444847107,6.375,6.512499809265137,6.300000190734863,6.5,41798400
2000-11-24,1.1884652376174927,6.31374979019165,6.4375,6.25,6.4375,25968000
2000-11-27,1.1529356241226196,6.125,6.37375020980835,6.074999809265137,6.358749866485596,40777600
2000-11-28,1.1388181447982788,6.050000190734863,6.162499904632568,6.037499904632568,6.074999809265137,41145600
2000-11-29,1.1383473873138428,6.047500133514404,6.162499904632568,6.037499904632568,6.074999809265137,37433600
2000-11-30,1.1152890920639038,5.925000190734863,6.0625,5.900000095367432,6.025000095367432,36176000
2000-12-01,1.1105828285217285,5.900000095367432,6.012499809265137,5.875,5.99875020980835,21267200
2000-12-04,1.1082302331924438,5.887499809265137,5.93625020980835,5.824999809265137,5.87624979019165,13091200
2000-12-05,1.1275237798690796,5.989999771118164,6.087500095367432,5.962500095367432,6.0625,23529600
2000-12-06,1.0494067668914795,5.574999809265137,6.0,5.574999809265137,5.972499847412109,69888000
2000-12-07,1.0623478889465332,5.643750190734863,5.699999809265137,5.5,5.62624979019165,77657600
2000-12-08,1.0705832242965698,5.6875,5.8125,5.637499809265137,5.712500095367432,59593600
2000-12-11,1.05646550655365,5.612500190734863,5.8125,5.574999809265137,5.8125,47737600
2000-12-12,1.05646550655365,5.612500190734863,5.612500190734863,5.612500190734863,5.612500190734863,0
2000-12-13,1.098818302154541,5.837500095367432,5.912499904632568,5.627500057220459,5.675000190734863,55424000
2000-12-14,1.1176421642303467,5.9375,6.0,5.8125,5.862500190734863,56918400
2000-12-15,1.1127005815505981,5.911250114440918,5.962500095367432,5.818749904632568,5.913750171661377,29577600
2000-12-18,1.098818302154541,5.837500095367432,5.986249923706055,5.787499904632568,5.974999904632568,68486400
2000-12-19,1.087053656578064,5.775000095367432,5.875,5.775000095367432,5.84375,36204800
2000-12-20,1.068465232849121,5.676249980926514,5.798749923706055,5.65749979019165,5.798749923706055,36201600
2000-12-21,1.051760196685791,5.587500095367432,5.75,5.56374979019165,5.75,43344000
2000-12-22,1.0588182210922241,5.625,5.724999904632568,5.5625,5.587500095367432,27811200
2000-12-25,1.0588182210922241,5.625,5.625,5.625,5.625,0
2000-12-26,1.051760196685791,5.587500095367432,5.693749904632568,5.587500095367432,5.625,10713600
2000-12-27,1.0658776760101318,5.662499904632568,5.699999809265137,5.576250076293945,5.618750095367432,18809600
2000-12-28,1.0771714448928833,5.722499847412109,5.75,5.637499809265137,5.637499809265137,16169600
2000-12-29,1.0771714448928833,5.722499847412109,5.722499847412109,5.722499847412109,5.722499847412109,0
2001-01-01,1.0771714448928833,5.722499847412109,5.722499847412109,5.722499847412109,5.722499847412109,0
2001-01-02,1.1129364967346191,5.912499904632568,5.971250057220459,5.724999904632568,5.724999904632568,32521600
2001-01-03,1.1694061756134033,6.212500095367432,6.212500095367432,5.824999809265137,5.887499809265137,60508800
2001-01-04,1.174112319946289,6.237500190734863,6.268750190734863,6.196249961853027,6.216249942779541,46118400
2001-01-05,1.1764652729034424,6.25,6.387499809265137,6.162499904632568,6.25,41360000
2001-01-08,1.1621122360229492,6.173749923706055,6.287499904632568,6.137499809265137,6.25,35968000
2001-01-09,1.1865824460983276,6.303750038146973,6.337500095367432,6.199999809265137,6.25,43475200
2001-01-10,1.18117094039917,6.275000095367432,6.337500095367432,6.199999809265137,6.287499904632568,39264000
2001-01-11,1.1952881813049316,6.349999904632568,6.386250019073486,6.25,6.262499809265137,34508800
2001-01-12,1.2023475170135498,6.387499809265137,6.474999904632568,6.362500190734863,6.381249904632568,38777600
2001-01-15,1.2070527076721191,6.412499904632568,6.462500095367432,6.375,6.4375,9497600
2001-01-16,1.2336411476135254,6.553750038146973,6.599999904632568,6.412499904632568,6.412499904632568,48595200
2001-01-17,1.2564646005630493,6.675000190734863,6.849999904632568,6.614999771118164,6.618750095367432,75100800
2001-01-18,1.2764644622802734,6.78125,6.800000190734863,6.625,6.668749809265137,39398400
2001-01-19,1.3004642724990845,6.908750057220459,6.93625020980835,6.574999809265137,6.8125,60195200
2001-01-22,1.28469979763031,6.824999809265137,6.900000095367432,6.800000190734863,6.875,31462400
2001-01-23,1.3129348754882812,6.974999904632568,7.025000095367432,6.849999904632568,6.862500190734863,44608000
2001-01-24,1.2964645624160767,6.887499809265137,7.037499904632568,6.875,6.976250171661377,39036800
2001-01-25,1.2964645624160767,6.887499809265137,6.887499809265137,6.887499809265137,6.887499809265137,0
2001-01-26,1.2788172960281372,6.793749809265137,6.875,6.712500095367432,6.875,26076800
2001-01-29,1.2799941301345825,6.800000190734863,6.9375,6.699999809265137,6.9375,26550400
2001-01-30,1.2811702489852905,6.806250095367432,6.862500190734863,6.74875020980835,6.800000190734863,24995200
2001-01-31,1.2825820446014404,6.81374979019165,6.923749923706055,6.775000095367432,6.806250095367432,34620800
2001-02-01,1.265876293182373,6.724999904632568,6.849999904632568,6.675000190734863,6.8125,43728000
2001-02-02,1.265876293182373,6.724999904632568,6.793749809265137,6.662499904632568,6.662499904632568,17532800
2001-02-05,1.261170506477356,6.699999809265137,6.75,6.662499904632568,6.724999904632568,21875200
2001-02-06,1.27552330493927,6.776249885559082,6.875,6.699999809265137,6.787499904632568,25504000
2001-02-07,1.2731703519821167,6.763750076293945,6.8125,6.625,6.768750190734863,29075200
2001-02-08,1.3108173608779907,6.963749885559082,6.974999904632568,6.8125,6.862500190734863,28233600
2001-02-09,1.3178763389587402,7.00124979019165,7.03125,6.912499904632568,6.963749885559082,23536000
2001-02-12,1.3110522031784058,6.965000152587891,7.087500095367432,6.9375,7.0,18220800
2001-02-13,1.3411701917648315,7.125,7.125,6.9375,6.96875,26681600
2001-02-14,1.369640588760376,7.276249885559082,7.287499904632568,7.050000190734863,7.074999809265137,42454400
2001-02-15,1.3625818490982056,7.238749980926514,7.348750114440918,7.125,7.125,37494400
2001-02-16,1.3272874355316162,7.051249980926514,7.262499809265137,6.940000057220459,7.224999904632568,48470400
2001-02-19,1.3035231828689575,6.925000190734863,7.074999809265137,6.914999961853027,7.050000190734863,27600000
2001-02-20,1.322346806526184,7.025000095367432,7.037499904632568,6.93874979019165,6.962500095367432,21920000
2001-02-21,1.3141111135482788,6.981249809265137,7.112500190734863,6.875,7.098750114440918,27328000
2001-02-22,1.3176405429840088,7.0,7.025000095367432,6.900000095367432,7.0,32787200
2001-02-23,1.3105820417404175,6.962500095367432,7.012499809265137,6.875,6.993750095367432,22416000
2001-02-26,1.3105820417404175,6.962500095367432,6.962500095367432,6.962500095367432,6.962500095367432,0
2001-02-27,1.3105820417404175,6.962500095367432,6.962500095367432,6.962500095367432,6.962500095367432,0
2001-02-28,1.291993260383606,6.863749980926514,7.25,6.849999904632568,7.25,25795200
2001-03-01,1.3152879476547241,6.987500190734863,7.025000095367432,6.802499771118164,6.868750095367432,19552000
2001-03-02,1.3294055461883545,7.0625,7.125,6.912499904632568,6.956250190734863,21686400
2001-03-05,1.3388170003890991,7.112500190734863,7.168749809265137,7.025000095367432,7.074999809265137,20556800
2001-03-06,1.3399932384490967,7.118750095367432,7.199999809265137,7.00124979019165,7.112500190734863,26265600
2001-03-07,1.348228931427002,7.162499904632568,7.199999809265137,7.0625,7.1875,17683200
2001-03-08,1.348228931427002,7.162499904632568,7.224999904632568,7.0625,7.162499904632568,31801600
2001-03-09,1.343523621559143,7.137499809265137,7.162499904632568,7.06125020980835,7.147500038146973,19254400
2001-03-12,1.2828176021575928,6.815000057220459,7.137499809265137,6.815000057220459,6.815000057220459,20553600
2001-03-13,1.2941114902496338,6.875,6.925000190734863,6.8125,6.875,33062400
2001-03-14,1.2941114902496338,6.875,6.925000190734863,6.8125,6.875,33062400
2001-03-15,1.1847003698349,6.293749809265137,6.8125,6.224999904632568,6.293749809265137,102425600
2001-03-16,1.201641321182251,6.383749961853027,6.525000095367432,6.150000095367432,6.246250152587891,61993600
2001-03-19,1.202111840248108,6.386250019073486,6.473750114440918,6.25,6.462500095367432,31270400
2001-03-20,1.174112319946289,6.237500190734863,6.4375,6.199999809265137,6.412499904632568,65955200
2001-03-21,1.1976412534713745,6.362500190734863,6.4375,6.175000190734863,6.212500095367432,45635200
2001-03-22,1.1270532608032227,5.987500190734863,6.25124979019165,5.849999904632568,5.987500190734863,65008000
2001-03-23,1.1409356594085693,6.06125020980835,6.125,5.75124979019165,6.06125020980835,47078400
2001-03-26,1.1176421642303467,5.9375,6.0,5.849999904632568,5.9375,35705600
2001-03-27,1.143288254737854,6.073750019073486,6.122499942779541,5.875,6.073750019073486,32537600
2001-03-28,1.1367002725601196,6.038750171661377,6.18625020980835,6.012499809265137,6.025000095367432,15862400
2001-03-29,1.10587739944458,5.875,6.112500190734863,5.8125,5.875,22044800
2001-03-30,1.1051712036132812,5.871250152587891,5.888750076293945,5.699999809265137,5.871250152587891,33091200
2001-04-02,1.0576421022415161,5.618750095367432,5.898749828338623,5.574999809265137,5.618750095367432,31292800
2001-04-03,1.0576421022415161,5.618750095367432,5.650000095367432,5.574999809265137,5.618750095367432,20960000
2001-04-04,1.0894063711166382,5.787499904632568,5.837500095367432,5.650000095367432,5.787499904632568,31868800
2001-04-05,1.1529356241226196,6.125,6.125,5.925000190734863,6.125,42636800
2001-04-06,1.1952881813049316,6.349999904632568,6.349999904632568,6.087500095367432,6.349999904632568,28460800
2001-04-09,1.202817678451538,6.389999866485596,6.5,6.337500095367432,6.389999866485596,19420800
2001-04-10,1.2105822563171387,6.431250095367432,6.525000095367432,6.362500190734863,6.431250095367432,27180800
2001-04-11,1.191759467124939,6.331250190734863,6.537499904632568,6.25,6.331250190734863,21728000
2001-04-12,1.1647002696990967,6.1875,6.224999904632568,6.037499904632568,6.1875,46268800
2001-04-13,1.1647002696990967,6.1875,6.1875,6.1875,6.1875,0
2001-04-16,1.143288254737854,6.073750019073486,6.25,6.00124979019165,6.073750019073486,29756800
2001-04-17,1.1611709594726562,6.168749809265137,6.1875,6.043749809265137,6.168749809265137,28473600
2001-04-18,1.2188175916671753,6.474999904632568,6.474999904632568,6.1875,6.474999904632568,43968000
2001-04-19,1.1764652729034424,6.25,6.4375,6.25,6.25,32995200
2001-04-20,1.136465311050415,6.037499904632568,6.137499809265137,5.9375,6.037499904632568,34720000
2001-04-23,1.1879947185516357,6.31125020980835,6.337500095367432,5.9375,6.125,28342400
2001-04-24,1.2192879915237427,6.477499961853027,6.512499809265137,6.287499904632568,6.361249923706055,32963200
2001-04-25,1.2470531463623047,6.625,6.6875,6.375,6.423749923706055,62339200
2001-04-26,1.265876293182373,6.724999904632568,6.824999809265137,6.625,6.6875,46521600
2001-04-27,1.258817434310913,6.6875,6.8125,6.675000190734863,6.8125,31142400
2001-04-30,1.2564646005630493,6.675000190734863,6.75,6.574999809265137,6.677499771118164,23430400
2001-05-01,1.2564646005630493,6.675000190734863,6.675000190734863,6.675000190734863,6.675000190734863,0
2001-05-02,1.2564646005630493,6.675000190734863,6.675000190734863,6.675000190734863,6.675000190734863,0
2001-05-03,1.3105820417404175,6.962500095367432,6.962500095367432,6.6875,6.75,47171200
2001-05-04,1.30587637424469,6.9375,7.037499904632568,6.87375020980835,6.93625020980835,32300800
2001-05-07,1.265876293182373,6.724999904632568,7.0,6.724999904632568,6.900000095367432,13584000
2001-05-08,1.2705824375152588,6.75,6.800000190734863,6.625,6.724999904632568,22355200
2001-05-09,1.2705824375152588,6.75,6.75,6.75,6.75,0
2001-05-10,1.348228931427002,7.162499904632568,7.18625020980835,6.949999809265137,6.949999809265137,49811200
2001-05-11,1.3294055461883545,7.0625,7.175000190734863,6.9375,7.175000190734863,26524800
2001-05-14,1.3152879476547241,6.987500190734863,7.125,6.875,7.125,5980800
2001-05-15,1.3082292079925537,6.949999809265137,7.0625,6.9375,6.99875020980835,24659200
2001-05-16,1.3294055461883545,7.0625,7.087500095367432,6.900000095367432,6.949999809265137,24569600
2001-05-17,1.3385816812515259,7.111249923706055,7.262499809265137,7.0625,7.0625,20745600
2001-05-18,1.3644639253616333,7.24875020980835,7.293749809265137,7.125,7.125,30649600
2001-05-21,1.3814053535461426,7.338749885559082,7.375,7.1875,7.237500190734863,26534400
2001-05-22,1.3999929428100586,7.4375,7.5,7.300000190734863,7.360000133514404,36704000
2001-05-23,1.404699444770813,7.462500095367432,7.5625,7.337500095367432,7.387499809265137,40876800
2001-05-24,1.3882285356521606,7.375,7.5625,7.224999904632568,7.474999904632568,23408000
2001-05-25,1.3623466491699219,7.237500190734863,7.400000095367432,7.152500152587891,7.375,14288000
2001-05-28,1.3552870750427246,7.199999809265137,7.298749923706055,7.050000190734863,7.253749847412109,7734400
2001-05-29,1.3576406240463257,7.212500095367432,7.300000190734863,7.150000095367432,7.150000095367432,25516800
2001-05-30,1.3576406240463257,7.212500095367432,7.212500095367432,7.212500095367432,7.212500095367432,0
2001-05-31,1.4070523977279663,7.474999904632568,7.487500190734863,7.25124979019165,7.3125,26160000
2001-06-01,1.4176400899887085,7.53125,7.537499904632568,7.375,7.474999904632568,22905600
2001-06-04,1.4682284593582153,7.800000190734863,7.860000133514404,7.550000190734863,7.550000190734863,29504000
2001-06-05,1.4352874755859375,7.625,7.81125020980835,7.5625,7.81125020980835,27952000
2001-06-06,1.399757981300354,7.43625020980835,7.712500095367432,7.349999904632568,7.625,38035200
2001-06-07,1.376463532447815,7.3125,7.525000095367432,7.3125,7.377500057220459,32985600
2001-06-08,1.3599933385849,7.224999904632568,7.4375,7.150000095367432,7.324999809265137,17155200
2001-06-11,1.3788173198699951,7.324999809265137,7.348750114440918,7.199999809265137,7.199999809265137,14409600
2001-06-12,1.3576406240463257,7.212500095367432,7.37375020980835,7.107500076293945,7.25124979019165,53984000
2001-06-13,1.369640588760376,7.276249885559082,7.518750190734863,7.15749979019165,7.212500095367432,39091200
2001-06-14,1.369640588760376,7.276249885559082,7.276249885559082,7.276249885559082,7.276249885559082,0
2001-06-15,1.3343470096588135,7.088749885559082,7.347499847412109,7.025000095367432,7.3125,18156800
2001-06-18,1.3270522356033325,7.050000190734863,7.099999904632568,6.900000095367432,7.099999904632568,29548800
2001-06-19,1.343523621559143,7.137499809265137,7.175000190734863,7.048749923706055,7.048749923706055,34457600
2001-06-20,1.3670523166656494,7.262499809265137,7.337500095367432,7.175000190734863,7.175000190734863,18460800
2001-06-21,1.3809345960617065,7.336249828338623,7.375,7.1875,7.1875,25804800
2001-06-22,1.34587562084198,7.150000095367432,7.425000190734863,7.099999904632568,7.3125,25600000
2001-06-25,1.3152879476547241,6.987500190734863,7.31125020980835,6.9375,7.25,23216000
2001-06-26,1.3035231828689575,6.925000190734863,7.037499904632568,6.887499809265137,6.93874979019165,24390400
2001-06-27,1.2614059448242188,6.701250076293945,7.037499904632568,6.6875,6.962500095367432,21324800
2001-06-28,1.244935154914856,6.613749980926514,6.75,6.487500190734863,6.724999904632568,39520000
2001-06-29,1.2705824375152588,6.75,6.8125,6.525000095367432,6.625,35337600
2001-07-02,1.2470531463623047,6.625,6.75,6.5625,6.737500190734863,23337600
2001-07-03,1.2176412343978882,6.46875,6.625,6.375,6.43874979019165,24403200
2001-07-04,1.2176412343978882,6.46875,6.46875,6.46875,6.46875,0
2001-07-05,1.2246999740600586,6.506249904632568,6.612500190734863,6.375,6.525000095367432,49251200
2001-07-06,1.2282296419143677,6.525000095367432,6.625,6.456250190734863,6.5,25840000
2001-07-09,1.2282296419143677,6.525000095367432,6.525000095367432,6.525000095367432,6.525000095367432,0
2001-07-10,1.2602289915084839,6.695000171661377,6.737500190734863,6.587500095367432,6.599999904632568,38672000
2001-07-11,1.2825820446014404,6.81374979019165,6.815000057220459,6.612500190734863,6.625,32553600
2001-07-12,1.2764644622802734,6.78125,6.849999904632568,6.712500095367432,6.8125,19961600
2001-07-13,1.265876293182373,6.724999904632568,6.81125020980835,6.625,6.737500190734863,13692800
2001-07-16,1.2263468503952026,6.514999866485596,6.800000190734863,6.5,6.75,28064000
2001-07-17,1.223523497581482,6.5,6.625,6.375,6.550000190734863,78086400
2001-07-18,1.1861122846603394,6.301249980926514,6.5625,6.25,6.5625,98438400
2001-07-19,1.1964646577835083,6.356249809265137,6.5625,6.25,6.5,106329600
2001-07-20,1.2470531463623047,6.625,6.625,6.275000095367432,6.400000095367432,26937600
2001-07-23,1.2717586755752563,6.756249904632568,6.8125,6.62624979019165,6.662499904632568,38976000
2001-07-24,1.258817434310913,6.6875,6.8125,6.637499809265137,6.75,35964800
2001-07-25,1.2729355096817017,6.762499809265137,6.787499904632568,6.6875,6.6875,29888000
2001-07-26,1.255994200706482,6.672500133514404,6.848750114440918,6.672500133514404,6.824999809265137,23657600
2001-07-27,1.258817434310913,6.6875,6.775000095367432,6.637499809265137,6.743750095367432,17523200
2001-07-30,1.265876293182373,6.724999904632568,6.81125020980835,6.706250190734863,6.75,21692800
2001-07-31,1.2752882242202759,6.775000095367432,6.78125,6.6875,6.75,21091200
2001-08-01,1.2534058094024658,6.658750057220459,6.775000095367432,6.637499809265137,6.775000095367432,16336000
2001-08-02,1.2209354639053345,6.486249923706055,6.724999904632568,6.425000190734863,6.724999904632568,24182400
2001-08-03,1.2451704740524292,6.614999771118164,6.622499942779541,6.506249904632568,6.5625,21552000
2001-08-06,1.258817434310913,6.6875,6.74875020980835,6.62624979019165,6.662499904632568,18819200
2001-08-07,1.246817946434021,6.62375020980835,6.6875,6.599999904632568,6.6875,23920000
2001-08-08,1.2446997165679932,6.612500190734863,6.699999809265137,6.587500095367432,6.612500190734863,28979200
2001-08-09,1.2470531463623047,6.625,6.650000095367432,6.5625,6.578750133514404,28003200
2001-08-10,1.2562291622161865,6.673749923706055,6.68625020980835,6.612500190734863,6.637499809265137,24134400
2001-08-13,1.2494055032730103,6.637499809265137,6.6875,6.625,6.648749828338623,21443200
2001-08-14,1.265876293182373,6.724999904632568,6.75,6.543749809265137,6.543749809265137,26512000
2001-08-15,1.2778761386871338,6.788750171661377,6.837500095367432,6.691249847412109,6.75,42790400
2001-08-16,1.277406096458435,6.786250114440918,6.837500095367432,6.724999904632568,6.737500190734863,24953600
2001-08-17,1.2376408576965332,6.574999809265137,6.798749923706055,6.528749942779541,6.662499904632568,36291200
2001-08-20,1.2294062376022339,6.53125,6.606249809265137,6.4375,6.473750114440918,38704000
2001-08-21,1.2287002801895142,6.527500152587891,6.625,6.488749980926514,6.550000190734863,29315200
2001-08-22,1.2529349327087402,6.65625,6.662499904632568,6.599999904632568,6.637499809265137,34960000
2001-08-23,1.2472882270812988,6.62624979019165,6.675000190734863,6.556250095367432,6.568749904632568,28947200
2001-08-24,1.3143467903137207,6.982500076293945,6.982500076293945,6.599999904632568,6.599999904632568,37532800
2001-08-27,1.3188174962997437,7.006249904632568,7.074999809265137,6.887499809265137,6.96875,25913600
2001-08-28,1.3176405429840088,7.0,7.034999847412109,6.9375,6.962500095367432,18188800
2001-08-29,1.3152879476547241,6.987500190734863,7.125,6.962500095367432,7.025000095367432,14563200
2001-08-30,1.3082292079925537,6.949999809265137,7.025000095367432,6.900000095367432,7.012499809265137,18246400
2001-08-31,1.2941114902496338,6.875,6.9375,6.787499904632568,6.9375,29907200
2001-09-03,1.2894057035446167,6.849999904632568,6.862500190734863,6.762499809265137,6.837500095367432,14790400
2001-09-04,1.334111213684082,7.087500095367432,7.099999904632568,6.831250190734863,6.912499904632568,23164800
2001-09-05,1.3646992444992065,7.25,7.293749809265137,6.9375,7.112500190734863,42838400
2001-09-06,1.3131706714630127,6.976250171661377,7.224999904632568,6.945000171661377,7.125,16166400
2001-09-07,1.3131706714630127,6.976250171661377,6.976250171661377,6.976250171661377,6.976250171661377,0
2001-09-10,1.2917579412460327,6.862500190734863,6.974999904632568,6.849999904632568,6.912499904632568,24960000
2001-09-11,1.2705824375152588,6.75,7.375,6.5,6.8125,51689600
2001-09-12,1.3011701107025146,6.912499904632568,6.99875020980835,6.75,6.912499904632568,32572800
2001-09-13,1.223523497581482,6.5,6.912499904632568,6.400000095367432,6.875,30736000
2001-09-14,1.199994444847107,6.375,6.474999904632568,6.0,6.375,29270400
2001-09-17,1.3011701107025146,6.912499904632568,6.912499904632568,6.362500190734863,6.5,35782400
2001-09-18,1.3294055461883545,7.0625,7.112500190734863,6.6875,6.712500095367432,40947200
2001-09-19,1.3199937343597412,7.012499809265137,7.099999904632568,6.862500190734863,7.013750076293945,54476800
2001-09-20,1.265876293182373,6.724999904632568,6.949999809265137,6.625,6.862500190734863,44828800
2001-09-21,1.2496410608291626,6.638750076293945,6.68625020980835,6.25,6.3125,64665600
2001-09-24,1.2496410608291626,6.638750076293945,6.638750076293945,6.638750076293945,6.638750076293945,0
2001-09-25,1.1576417684555054,6.150000095367432,6.387499809265137,6.038750171661377,6.381249904632568,77228800
2001-09-26,1.1482294797897339,6.099999904632568,6.224999904632568,6.042500019073486,6.199999809265137,41785600
2001-09-27,1.1482294797897339,6.099999904632568,6.224999904632568,6.042500019073486,6.199999809265137,41785600
2001-09-28,1.2070527076721191,6.412499904632568,6.474999904632568,6.337500095367432,6.387499809265137,35132800
2001-10-01,1.1635246276855469,6.181250095367432,6.398749828338623,6.162499904632568,6.348750114440918,23491200
2001-10-02,1.1576417684555054,6.150000095367432,6.199999809265137,6.081250190734863,6.125,23139200
2001-10-03,1.162347674369812,6.175000190734863,6.184999942779541,6.007500171661377,6.099999904632568,31619200
2001-10-04,1.18117094039917,6.275000095367432,6.337500095367432,6.199999809265137,6.300000190734863,38275200
2001-10-05,1.1823478937149048,6.28125,6.324999809265137,6.224999904632568,6.3125,24464000
2001-10-08,1.1790534257888794,6.263750076293945,6.324999809265137,6.181250095367432,6.1875,14188800
2001-10-09,1.1974058151245117,6.361249923706055,6.393750190734863,6.25124979019165,6.3125,23504000
2001-10-10,1.235288143157959,6.5625,6.574999809265137,6.361249923706055,6.362500190734863,19126400
2001-10-11,1.258817434310913,6.6875,6.6875,6.56374979019165,6.599999904632568,30300800
2001-10-12,1.258817434310913,6.6875,6.6875,6.6875,6.6875,0
2001-10-15,1.2943466901779175,6.87624979019165,6.912499904632568,6.724999904632568,6.900000095367432,57232000
2001-10-16,1.2715235948562622,6.755000114440918,6.900000095367432,6.755000114440918,6.849999904632568,33440000
2001-10-17,1.266817569732666,6.730000019073486,6.881249904632568,6.71875,6.875,42982400
2001-10-18,1.2310534715652466,6.539999961853027,6.6875,6.474999904632568,6.662499904632568,36092800
2001-10-19,1.2258766889572144,6.512499809265137,6.5625,6.400000095367432,6.5,52867200
2001-10-22,1.2564646005630493,6.675000190734863,6.6875,6.449999809265137,6.550000190734863,39158400
2001-10-23,1.261170506477356,6.699999809265137,6.74875020980835,6.650000095367432,6.699999809265137,36684800
2001-10-24,1.2465823888778687,6.622499942779541,6.712500095367432,6.574999809265137,6.637499809265137,27235200
2001-10-25,1.2329351902008057,6.550000190734863,6.650000095367432,6.462500095367432,6.537499904632568,25059200
2001-10-26,1.2399940490722656,6.587500095367432,6.712500095367432,6.526249885559082,6.550000190734863,33587200
2001-10-29,1.216464877128601,6.462500095367432,6.693749904632568,6.43874979019165,6.512499809265137,29628800
2001-10-30,1.199994444847107,6.375,6.486249923706055,6.337500095367432,6.462500095367432,20393600
2001-10-31,1.2211706638336182,6.487500190734863,6.56125020980835,6.324999809265137,6.5,36697600
2001-11-01,1.1976412534713745,6.362500190734863,6.487500190734863,6.287499904632568,6.387499809265137,36230400
2001-11-02,1.1976412534713745,6.362500190734863,6.362500190734863,6.362500190734863,6.362500190734863,0
2001-11-05,1.192935585975647,6.337500095367432,6.5625,6.324999809265137,6.512499809265137,39996800
2001-11-06,1.1635246276855469,6.181250095367432,6.462500095367432,6.181250095367432,6.462500095367432,70524800
2001-11-07,1.1764652729034424,6.25,6.287499904632568,6.162499904632568,6.1875,57398400
2001-11-08,1.2152881622314453,6.456250190734863,6.587500095367432,6.3125,6.331250190734863,56294400
2001-11-09,1.2727000713348389,6.761250019073486,6.800000190734863,6.5,6.56125020980835,55292800
2001-11-12,1.2143471240997314,6.451250076293945,6.724999904632568,6.425000190734863,6.650000095367432,38166400
2001-11-13,1.216464877128601,6.462500095367432,6.625,6.349999904632568,6.625,70003200
2001-11-14,1.162582516670227,6.176249980926514,6.356249809265137,6.168749809265137,6.262499809265137,72988800
2001-11-15,1.162582516670227,6.176249980926514,6.176249980926514,6.176249980926514,6.176249980926514,0
2001-11-16,1.0776419639587402,5.724999904632568,5.9375,5.708749771118164,5.875,94425600
2001-11-19,1.110347867012024,5.898749828338623,5.962500095367432,5.75,5.824999809265137,63971200
2001-11-20,1.1294060945510864,6.0,6.042500019073486,5.875,5.987500190734863,46310400
2001-11-21,1.1515235900878906,6.117499828338623,6.12375020980835,6.013750076293945,6.023749828338623,25865600
2001-11-22,1.1976412534713745,6.362500190734863,6.362500190734863,6.213749885559082,6.21999979019165,35689600
2001-11-23,1.1757595539093018,6.246250152587891,6.275000095367432,6.12624979019165,6.162499904632568,36771200
2001-11-26,1.1581121683120728,6.152500152587891,6.243750095367432,6.127500057220459,6.175000190734863,42128000
2001-11-27,1.162347674369812,6.175000190734863,6.258749961853027,6.099999904632568,6.237500190734863,36604800
2001-11-28,1.1388181447982788,6.050000190734863,6.137499809265137,6.012499809265137,6.087500095367432,57350400
2001-11-29,1.136465311050415,6.037499904632568,6.150000095367432,6.002500057220459,6.150000095367432,39324800
2001-11-30,1.1647002696990967,6.1875,6.231249809265137,6.013750076293945,6.025000095367432,38652800
2001-12-03,1.2091708183288574,6.423749923706055,6.425000190734863,6.086249828338623,6.125,41756800
2001-12-04,1.192935585975647,6.337500095367432,6.487500190734863,6.275000095367432,6.412499904632568,51075200
2001-12-05,1.2214065790176392,6.488749980926514,6.512499809265137,6.393750190734863,6.481249809265137,53452800
2001-12-06,1.1952881813049316,6.349999904632568,6.5,6.31125020980835,6.43874979019165,20790400
2001-12-07,1.173641324043274,6.235000133514404,6.356249809265137,6.162499904632568,6.262499809265137,19670400
2001-12-10,1.1552886962890625,6.137499809265137,6.15749979019165,6.06374979019165,6.081250190734863,31552000
2001-12-11,1.1435236930847168,6.074999809265137,6.212500095367432,6.0625,6.212500095367432,35894400
2001-12-12,1.1399949789047241,6.056250095367432,6.125,6.006249904632568,6.050000190734863,49542400
2001-12-13,1.1138767004013062,5.917500019073486,6.0625,5.917500019073486,5.997499942779541,27708800
2001-12-14,1.1105828285217285,5.900000095367432,5.962500095367432,5.875,5.912499904632568,11177600
2001-12-17,1.1082302331924438,5.887499809265137,6.025000095367432,5.872499942779541,5.986249923706055,39363200
2001-12-18,1.132935643196106,6.018750190734863,6.087500095367432,5.925000190734863,5.949999809265137,28460800
2001-12-19,1.155053734779358,6.136250019073486,6.18625020980835,5.925000190734863,6.025000095367432,36774400
2001-12-20,1.1199945211410522,5.949999809265137,6.099999904632568,5.927499771118164,6.09375,38003200
2001-12-21,1.1357593536376953,6.033750057220459,6.087500095367432,5.974999904632568,6.050000190734863,24630400
2001-12-24,1.1357593536376953,6.033750057220459,6.033750057220459,6.033750057220459,6.033750057220459,0
2001-12-25,1.1357593536376953,6.033750057220459,6.033750057220459,6.033750057220459,6.033750057220459,0
2001-12-26,1.162347674369812,6.175000190734863,6.175000190734863,6.033750057220459,6.112500190734863,19299200
2001-12-27,1.192935585975647,6.337500095367432,6.362500190734863,6.25,6.25,33216000
2001-12-28,1.2035239934921265,6.393750190734863,6.4375,6.324999809265137,6.381249904632568,21328000
2001-12-31,1.2035239934921265,6.393750190734863,6.393750190734863,6.393750190734863,6.393750190734863,0
2002-01-01,1.2035239934921265,6.393750190734863,6.393750190734863,6.393750190734863,6.393750190734863,0
2002-01-02,1.205876111984253,6.40625,6.489999771118164,6.393750190734863,6.449999809265137,23920000
2002-01-03,1.214111566543579,6.449999809265137,6.5,6.425000190734863,6.486249923706055,39043200
2002-01-04,1.2065824270248413,6.409999847412109,6.449999809265137,6.324999809265137,6.375,21500800
2002-01-07,1.2329351902008057,6.550000190734863,6.599999904632568,6.375,6.375,40406400
2002-01-08,1.2176412343978882,6.46875,6.550000190734863,6.391250133514404,6.391250133514404,34406400
2002-01-09,1.2047004699707031,6.400000095367432,6.5,6.349999904632568,6.412499904632568,23942400
2002-01-10,1.1952881813049316,6.349999904632568,6.40625,6.3125,6.375,28774400
2002-01-11,1.18117094039917,6.275000095367432,6.4375,6.25,6.412499904632568,18777600
2002-01-14,1.1388181447982788,6.050000190734863,6.296249866485596,5.99875020980835,6.179999828338623,21456000
2002-01-15,1.1359944343566895,6.034999847412109,6.162499904632568,5.981249809265137,6.074999809265137,23222400
2002-01-16,1.130818486213684,6.007500171661377,6.0625,5.9375,5.9375,20691200
2002-01-17,1.151759147644043,6.118750095367432,6.137499809265137,6.025000095367432,6.06374979019165,19884800
2002-01-18,1.1512887477874756,6.116250038146973,6.137499809265137,6.0625,6.125,7692800
2002-01-21,1.141170859336853,6.0625,6.09375,6.012499809265137,6.074999809265137,5014400
2002-01-22,1.1317592859268188,6.012499809265137,6.143750190734863,5.988749980926514,6.143750190734863,18508800
2002-01-23,1.1223475933074951,5.962500095367432,6.0625,5.962500095367432,5.987500190734863,17168000
2002-01-24,1.1051712036132812,5.871250152587891,6.0625,5.787499904632568,6.0,39424000
2002-01-25,1.1051712036132812,5.871250152587891,5.871250152587891,5.871250152587891,5.871250152587891,0
2002-01-28,1.1458768844604492,6.087500095367432,6.09375,5.9375,5.9375,33878400
2002-01-29,1.1263470649719238,5.983749866485596,6.118750095367432,5.918749809265137,6.025000095367432,26940800
2002-01-30,1.123759388923645,5.96999979019165,6.0,5.900000095367432,5.942500114440918,20822400
2002-01-31,1.1529356241226196,6.125,6.125,5.912499904632568,5.987500190734863,40956800
2002-02-01,1.1341122388839722,6.025000095367432,6.087500095367432,5.981249809265137,6.012499809265137,39302400
2002-02-04,1.1183478832244873,5.941249847412109,6.025000095367432,5.9375,5.963749885559082,23724800
2002-02-05,1.1223475933074951,5.962500095367432,6.0,5.918749809265137,5.973750114440918,25769600
2002-02-06,1.145641803741455,6.086249828338623,6.087500095367432,5.962500095367432,5.962500095367432,25344000
2002-02-07,1.136465311050415,6.037499904632568,6.087500095367432,6.012499809265137,6.0625,18947200
2002-02-08,1.1190534830093384,5.945000171661377,6.125,5.943749904632568,6.0,11820800
2002-02-11,1.1190534830093384,5.945000171661377,5.945000171661377,5.945000171661377,5.945000171661377,0
2002-02-12,1.1190534830093384,5.945000171661377,5.945000171661377,5.945000171661377,5.945000171661377,0
2002-02-13,1.1691709756851196,6.211249828338623,6.211249828338623,6.025000095367432,6.025000095367432,36764800
2002-02-14,1.1729354858398438,6.231249809265137,6.262499809265137,6.150000095367432,6.175000190734863,31785600
2002-02-15,1.1877590417861938,6.309999942779541,6.309999942779541,6.231249809265137,6.276249885559082,25017600
2002-02-18,1.1670533418655396,6.199999809265137,6.275000095367432,6.162499904632568,6.199999809265137,38192000
2002-02-19,1.178817868232727,6.262499809265137,6.315000057220459,6.168749809265137,6.206250190734863,30416000
2002-02-20,1.1882292032241821,6.3125,6.3125,6.175000190734863,6.223750114440918,27542400
2002-02-21,1.1952881813049316,6.349999904632568,6.412499904632568,6.302499771118164,6.315000057220459,32355200
2002-02-22,1.2211706638336182,6.487500190734863,6.525000095367432,6.337500095367432,6.349999904632568,54614400
2002-02-25,1.2425822019577026,6.601250171661377,6.650000095367432,6.512499809265137,6.581250190734863,35603200
2002-02-26,1.265876293182373,6.724999904632568,6.762499809265137,6.612500190734863,6.637499809265137,46694400
2002-02-27,1.2988172769546509,6.900000095367432,6.923749923706055,6.738749980926514,6.8125,49126400
2002-02-28,1.2988172769546509,6.900000095367432,6.900000095367432,6.900000095367432,6.900000095367432,0
2002-03-01,1.3644639253616333,7.24875020980835,7.25,7.050000190734863,7.050000190734863,49804800
2002-03-04,1.3646992444992065,7.25,7.300000190734863,7.099999904632568,7.125,40256000
2002-03-05,1.3409349918365479,7.12375020980835,7.337500095367432,7.112500190734863,7.237500190734863,47558400
2002-03-06,1.3148173093795776,6.985000133514404,7.112500190734863,6.900000095367432,6.9375,46963200
2002-03-07,1.3294055461883545,7.0625,7.175000190734863,7.0,7.0625,36435200
2002-03-08,1.3270522356033325,7.050000190734863,7.099999904632568,6.974999904632568,7.099999904632568,24204800
2002-03-11,1.3437585830688477,7.138750076293945,7.163750171661377,7.050000190734863,7.150000095367432,27676800
2002-03-12,1.3646992444992065,7.25,7.300000190734863,7.125,7.300000190734863,59843200
2002-03-13,1.3646992444992065,7.25,7.287499904632568,7.162499904632568,7.230000019073486,30096000
2002-03-14,1.3788173198699951,7.324999809265137,7.348750114440918,7.237500190734863,7.300000190734863,34009600
2002-03-15,1.4117578268051147,7.5,7.550000190734863,7.34375,7.393750190734863,56652800
2002-03-18,1.4164642095565796,7.525000095367432,7.598750114440918,7.5,7.574999809265137,28646400
2002-03-19,1.4176400899887085,7.53125,7.568749904632568,7.481249809265137,7.5625,23840000
2002-03-20,1.404699444770813,7.462500095367432,7.56125020980835,7.462500095367432,7.525000095367432,26105600
2002-03-21,1.383522629737854,7.349999904632568,7.474999904632568,7.324999809265137,7.4375,27715200
2002-03-22,1.3658757209777832,7.256249904632568,7.400000095367432,7.25,7.340000152587891,33356800
2002-03-25,1.334111213684082,7.087500095367432,7.111249923706055,6.942500114440918,6.974999904632568,26614400
2002-03-26,1.3508174419403076,7.176249980926514,7.212500095367432,7.087500095367432,7.175000190734863,24380800
2002-03-27,1.3670523166656494,7.262499809265137,7.349999904632568,7.175000190734863,7.212500095367432,26403200
2002-03-28,1.358817219734192,7.21875,7.324999809265137,7.1875,7.25,18848000
2002-03-29,1.358817219734192,7.21875,7.21875,7.21875,7.21875,0
2002-04-01,1.3858757019042969,7.362500190734863,7.4375,7.262499809265137,7.387499809265137,36041600
2002-04-02,1.3670523166656494,7.262499809265137,7.4375,7.252500057220459,7.386250019073486,35206400
2002-04-03,1.3475234508514404,7.158750057220459,7.262499809265137,7.0625,7.099999904632568,42499200
2002-04-04,1.3625818490982056,7.238749980926514,7.337500095367432,7.18625020980835,7.262499809265137,27107200
2002-04-05,1.3392878770828247,7.114999771118164,7.238749980926514,7.099999904632568,7.199999809265137,34339200
2002-04-08,1.3529349565505981,7.1875,7.287499904632568,7.1875,7.231249809265137,16339200
2002-04-09,1.3129348754882812,6.974999904632568,7.1875,6.93874979019165,7.037499904632568,47139200
2002-04-10,1.3155229091644287,6.988749980926514,7.025000095367432,6.87624979019165,6.974999904632568,23235200
2002-04-11,1.3105820417404175,6.962500095367432,7.074999809265137,6.920000076293945,7.012499809265137,23510400
2002-04-12,1.2995232343673706,6.903749942779541,6.974999904632568,6.840000152587891,6.974999904632568,32979200
2002-04-15,1.3129348754882812,6.974999904632568,7.050000190734863,6.943749904632568,7.012499809265137,65100800
2002-04-16,1.3199937343597412,7.012499809265137,7.038750171661377,6.9375,7.038750171661377,35900800
2002-04-17,1.334111213684082,7.087500095367432,7.137499809265137,7.014999866485596,7.0625,45740800
2002-04-18,1.3270522356033325,7.050000190734863,7.087500095367432,7.0,7.0625,30310400
2002-04-19,1.315758466720581,6.989999771118164,7.074999809265137,6.976250171661377,7.025000095367432,14876800
2002-04-22,1.3105820417404175,6.962500095367432,7.0,6.875,6.914999961853027,28240000
2002-04-23,1.3138762712478638,6.980000019073486,7.059999942779541,6.875,7.037499904632568,28124800
2002-04-24,1.3282287120819092,7.056250095367432,7.0625,6.949999809265137,7.037499904632568,17555200
2002-04-25,1.3014057874679565,6.913750171661377,7.00124979019165,6.837500095367432,6.912499904632568,27958400
2002-04-26,1.2729355096817017,6.762499809265137,6.940000057220459,6.699999809265137,6.93874979019165,53616000
2002-04-29,1.2941114902496338,6.875,6.900000095367432,6.75,6.775000095367432,24937600
2002-04-30,1.2922292947769165,6.864999771118164,6.912499904632568,6.831250190734863,6.837500095367432,33731200
2002-05-01,1.2922292947769165,6.864999771118164,6.864999771118164,6.864999771118164,6.864999771118164,0
2002-05-02,1.2470531463623047,6.625,6.881249904632568,6.608749866485596,6.881249904632568,38918400
2002-05-03,1.2797592878341675,6.798749923706055,6.798749923706055,6.574999809265137,6.662499904632568,35990400
2002-05-06,1.2494055032730103,6.637499809265137,6.724999904632568,6.587500095367432,6.643750190734863,21129600
2002-05-07,1.2470531463623047,6.625,6.787499904632568,6.587500095367432,6.625,21667200
2002-05-08,1.2705824375152588,6.75,6.831250190734863,6.625,6.675000190734863,28915200
2002-05-09,1.2564646005630493,6.675000190734863,6.787499904632568,6.644999980926514,6.787499904632568,20361600
2002-05-10,1.223523497581482,6.5,6.722499847412109,6.492499828338623,6.662499904632568,30678400
2002-05-13,1.215994119644165,6.460000038146973,6.502500057220459,6.386250019073486,6.400000095367432,25337600
2002-05-14,1.2188175916671753,6.474999904632568,6.612500190734863,6.463749885559082,6.574999809265137,27664000
2002-05-15,1.223523497581482,6.5,6.5625,6.462500095367432,6.525000095367432,34886400
2002-05-16,1.2705824375152588,6.75,6.75,6.552499771118164,6.587500095367432,22627200
2002-05-17,1.2727000713348389,6.761250019073486,6.771249771118164,6.675000190734863,6.712500095367432,27001600
2002-05-20,1.2941114902496338,6.875,6.881249904632568,6.75,6.84375,19696000
2002-05-21,1.30587637424469,6.9375,6.9375,6.875,6.912499904632568,19699200
2002-05-22,1.2964645624160767,6.887499809265137,6.987500190734863,6.887499809265137,6.900000095367432,29148800
2002-05-23,1.3246995210647583,7.037499904632568,7.037499904632568,6.875,6.925000190734863,25276800
2002-05-24,1.2988172769546509,6.900000095367432,7.087500095367432,6.900000095367432,7.025000095367432,25536000
2002-05-27,1.3152879476547241,6.987500190734863,6.987500190734863,6.887499809265137,6.887499809265137,8531200
2002-05-28,1.3129348754882812,6.974999904632568,7.037499904632568,6.9375,6.987500190734863,28678400
2002-05-29,1.3016406297683716,6.914999961853027,6.949999809265137,6.898749828338623,6.9375,15724800
2002-05-30,1.3016406297683716,6.914999961853027,6.914999961853027,6.914999961853027,6.914999961853027,0
2002-05-31,1.2828176021575928,6.815000057220459,6.925000190734863,6.815000057220459,6.900000095367432,19068800
2002-06-03,1.2823467254638672,6.8125,6.877500057220459,6.788750171661377,6.849999904632568,12784000
2002-06-04,1.306111216545105,6.93874979019165,6.93874979019165,6.775000095367432,6.8125,13699200
2002-06-05,1.2952880859375,6.881249904632568,6.962500095367432,6.875,6.925000190734863,27132800
2002-06-06,1.2696411609649658,6.744999885559082,6.901249885559082,6.731249809265137,6.887499809265137,17350400
2002-06-07,1.258817434310913,6.6875,6.756249904632568,6.625,6.737500190734863,29232000
2002-06-10,1.265876293182373,6.724999904632568,6.75,6.651249885559082,6.712500095367432,12428800
2002-06-11,1.2411704063415527,6.59375,6.75,6.525000095367432,6.583749771118164,22112000
2002-06-12,1.2261120080947876,6.513750076293945,6.62624979019165,6.512499809265137,6.625,23478400
2002-06-13,1.20846426486969,6.420000076293945,6.650000095367432,6.382500171661377,6.537499904632568,29433600
2002-06-14,1.1635246276855469,6.181250095367432,6.538750171661377,6.074999809265137,6.212500095367432,50672000
2002-06-17,1.171523928642273,6.223750114440918,6.275000095367432,6.181250095367432,6.212500095367432,28860800
2002-06-18,1.158818006515503,6.15625,6.237500190734863,6.112500190734863,6.224999904632568,33993600
2002-06-19,1.1529356241226196,6.125,6.159999847412109,6.025000095367432,6.099999904632568,26118400
2002-06-20,1.0835241079330444,5.756249904632568,6.106249809265137,5.650000095367432,6.087500095367432,54579200
2002-06-21,1.0127012729644775,5.380000114440918,5.81125020980835,5.099999904632568,5.775000095367432,79337600
2002-06-24,1.0317598581314087,5.481249809265137,5.5625,5.211249828338623,5.400000095367432,64409600
2002-06-25,1.0823476314544678,5.75,5.775000095367432,5.512499809265137,5.587500095367432,57148800
2002-06-26,1.1376417875289917,6.043749809265137,6.107500076293945,5.6875,5.837500095367432,38272000
2002-06-27,1.1647002696990967,6.1875,6.212500095367432,6.0625,6.181250095367432,39865600
2002-06-28,1.1494061946868896,6.106249809265137,6.228750228881836,6.065000057220459,6.1875,24140800
2002-07-01,1.1294060945510864,6.0,6.1875,5.96750020980835,6.1875,19651200
2002-07-02,1.1145830154418945,5.921249866485596,6.0,5.822500228881836,5.949999809265137,28307200
2002-07-03,1.10587739944458,5.875,6.0625,5.775000095367432,5.862500190734863,29382400
2002-07-04,1.0847007036209106,5.762499809265137,5.886250019073486,5.762499809265137,5.886250019073486,9654400
2002-07-05,1.0924652814865112,5.803750038146973,5.837500095367432,5.712500095367432,5.837500095367432,12435200
2002-07-08,1.07834792137146,5.728750228881836,5.823750019073486,5.6875,5.784999847412109,20195200
2002-07-09,1.07834792137146,5.728750228881836,5.728750228881836,5.728750228881836,5.728750228881836,0
2002-07-10,1.0494067668914795,5.574999809265137,5.849999904632568,5.574999809265137,5.776249885559082,20556800
2002-07-11,1.0705832242965698,5.6875,5.6875,5.525000095367432,5.599999904632568,31984000
2002-07-12,1.0705832242965698,5.6875,5.762499809265137,5.5625,5.6875,21184000
2002-07-15,1.0494067668914795,5.574999809265137,5.6875,5.493750095367432,5.550000190734863,20288000
2002-07-16,1.051994800567627,5.588749885559082,5.625,5.50124979019165,5.587500095367432,29740800
2002-07-17,1.0752891302108765,5.712500095367432,5.762499809265137,5.668749809265137,5.699999809265137,21190400
2002-07-18,1.050583004951477,5.581250190734863,5.800000190734863,5.581250190734863,5.775000095367432,25139200
2002-07-19,1.0541126728057861,5.599999904632568,5.599999904632568,5.462500095367432,5.5625,19084800
2002-07-22,0.9741128087043762,5.175000190734863,5.349999904632568,5.125,5.336249828338623,74355200
2002-07-23,0.9482306838035583,5.037499904632568,5.273749828338623,4.987500190734863,5.1875,46160000
2002-07-24,0.9882307648658752,5.25,5.3125,4.849999904632568,4.875,65446400
2002-07-25,0.9564661979675293,5.081250190734863,5.162499904632568,4.99875020980835,5.099999904632568,54368000
2002-07-26,0.924701452255249,4.912499904632568,5.212500095367432,4.862500190734863,5.125,46755200
2002-07-29,0.9105834364891052,4.837500095367432,5.03125,4.8125,4.913750171661377,66630400
2002-07-30,0.924701452255249,4.912499904632568,4.987500190734863,4.74875020980835,4.9375,73964800
2002-07-31,0.9727010130882263,5.167500019073486,5.212500095367432,4.987500190734863,5.06125020980835,101824000
2002-08-01,0.9882307648658752,5.25,5.262499809265137,4.971250057220459,5.137499809265137,54163200
2002-08-02,1.014112949371338,5.387499809265137,5.456250190734863,5.275000095367432,5.375,47680000
2002-08-05,0.9764658212661743,5.1875,5.40749979019165,5.112500190734863,5.275000095367432,35920000
2002-08-06,0.9741128087043762,5.175000190734863,5.199999809265137,5.087500095367432,5.138750076293945,33139200
2002-08-07,0.9934072494506836,5.277500152587891,5.277500152587891,5.112500190734863,5.211249828338623,39420800
2002-08-08,1.042348027229309,5.537499904632568,5.574999809265137,5.349999904632568,5.412499904632568,60851200
2002-08-09,1.0588182210922241,5.625,5.775000095367432,5.4375,5.46875,85497600
2002-08-12,1.016465663909912,5.400000095367432,5.62375020980835,5.349999904632568,5.5625,18553600
2002-08-13,0.9623484015464783,5.112500190734863,5.362500190734863,5.0625,5.253749847412109,45177600
2002-08-14,0.9505833983421326,5.050000190734863,5.199999809265137,4.949999809265137,5.162499904632568,55670400
2002-08-15,0.9647014737129211,5.125,5.150000095367432,5.00124979019165,5.012499809265137,21689600
2002-08-16,0.9567012190818787,5.082499980926514,5.1875,4.926249980926514,5.012499809265137,34889600
2002-08-19,0.9388192296028137,4.987500190734863,5.150000095367432,4.956250190734863,5.0625,40080000
2002-08-20,0.9270547032356262,4.925000190734863,5.0625,4.901249885559082,4.987500190734863,27897600
2002-08-21,0.9458783268928528,5.025000095367432,5.074999809265137,4.962500095367432,5.0,43916800
2002-08-22,0.971760094165802,5.162499904632568,5.175000190734863,4.949999809265137,4.962500095367432,33286400
2002-08-23,0.9701133966445923,5.153749942779541,5.228750228881836,5.102499961853027,5.162499904632568,18556800
2002-08-26,1.0042303800582886,5.335000038146973,5.356249809265137,5.1875,5.241250038146973,27859200
2002-08-27,1.0282301902770996,5.462500095367432,5.512499809265137,5.37624979019165,5.497499942779541,43555200
2002-08-28,1.0263477563858032,5.452499866485596,5.53000020980835,5.408750057220459,5.5,29161600
2002-08-29,1.025877594947815,5.449999809265137,5.474999904632568,5.318749904632568,5.431250095367432,30003200
2002-08-30,1.0352892875671387,5.5,5.550000190734863,5.449999809265137,5.462500095367432,43564800
2002-09-02,1.037642240524292,5.512499809265137,5.525000095367432,5.462500095367432,5.5,8966400
2002-09-03,1.0425829887390137,5.538750171661377,5.650000095367432,5.412499904632568,5.496250152587891,49984000
2002-09-04,1.0658776760101318,5.662499904632568,5.699999809265137,5.5,5.537499904632568,61276800
2002-09-05,1.0588182210922241,5.625,5.743750095367432,5.550000190734863,5.661250114440918,25244800
2002-09-06,1.0689362287521362,5.678750038146973,5.800000190734863,5.650000095367432,5.724999904632568,30960000
2002-09-09,1.076465368270874,5.71875,5.761250019073486,5.627500057220459,5.662499904632568,22172800
2002-09-10,1.0964654684066772,5.824999809265137,5.893750190734863,5.712500095367432,5.712500095367432,53289600
2002-09-11,1.1176421642303467,5.9375,5.96875,5.831250190734863,5.949999809265137,23248000
2002-09-12,1.1152890920639038,5.925000190734863,5.962500095367432,5.877500057220459,5.9375,22329600
2002-09-13,1.1296414136886597,6.00124979019165,6.048749923706055,5.856249809265137,5.962500095367432,23756800
2002-09-16,1.1105828285217285,5.900000095367432,6.050000190734863,5.863749980926514,6.037499904632568,27644800
2002-09-17,1.0632890462875366,5.648749828338623,5.849999904632568,5.587500095367432,5.849999904632568,29600000
2002-09-18,1.0359948873519897,5.503749847412109,5.612500190734863,5.449999809265137,5.5,35331200
2002-09-19,1.004701018333435,5.337500095367432,5.6875,5.306250095367432,5.462500095367432,76371200
2002-09-20,1.0352892875671387,5.5,5.525000095367432,5.237500190734863,5.349999904632568,62294400
2002-09-23,0.9929367303848267,5.275000095367432,5.362500190734863,5.212500095367432,5.324999809265137,31891200
2002-09-24,0.9764658212661743,5.1875,5.256249904632568,5.050000190734863,5.199999809265137,48118400
2002-09-25,0.9451718926429749,5.021249771118164,5.268750190734863,4.9375,5.231249809265137,60336000
2002-09-26,0.9409365653991699,4.99875020980835,5.150000095367432,4.900000095367432,5.087500095367432,42598400
2002-09-27,0.8635255694389343,4.587500095367432,4.997499942779541,4.49875020980835,4.949999809265137,117568000
2002-09-30,0.8694075345993042,4.618750095367432,4.900000095367432,4.300000190734863,4.900000095367432,59484800
2002-10-01,0.9341132640838623,4.962500095367432,5.074999809265137,4.638750076293945,4.668749809265137,59580800
2002-10-02,0.93293696641922,4.956250190734863,5.112500190734863,4.877500057220459,5.025000095367432,43804800
2002-10-03,0.9599953889846802,5.099999904632568,5.175000190734863,4.900000095367432,4.962500095367432,29321600
2002-10-04,0.9611719250679016,5.106249809265137,5.168749809265137,5.071249961853027,5.131249904632568,21920000
2002-10-07,0.9195250868797302,4.885000228881836,5.175000190734863,4.862500190734863,5.018750190734863,29264000
2002-10-08,0.9291719198226929,4.93625020980835,4.9375,4.690000057220459,4.775000095367432,45420800
2002-10-09,0.9162309169769287,4.867499828338623,4.900000095367432,4.752500057220459,4.78125,35500800
2002-10-10,0.9035255312919617,4.800000190734863,4.987500190734863,4.75124979019165,4.962500095367432,47852800
2002-10-11,0.8717604279518127,4.631249904632568,4.900000095367432,4.631249904632568,4.795000076293945,47158400
2002-10-14,0.8399960398674011,4.462500095367432,4.551249980926514,4.393750190734863,4.487500190734863,54288000
2002-10-15,0.8423489332199097,4.474999904632568,4.559999942779541,4.394999980926514,4.518750190734863,30758400
2002-10-16,0.8235254287719727,4.375,4.448750019073486,4.337500095367432,4.400000095367432,46768000
2002-10-17,0.902113139629364,4.792500019073486,4.792500019073486,4.481249809265137,4.628749847412109,48649600
2002-10-18,0.915289580821991,4.862500190734863,4.925000190734863,4.712500095367432,4.75,31964800
2002-10-21,0.9202305674552917,4.888750076293945,4.918749809265137,4.731249809265137,4.900000095367432,44252800
2002-10-22,0.9364661574363708,4.974999904632568,4.987500190734863,4.763750076293945,4.837500095367432,35740800
2002-10-23,0.9941127896308899,5.28125,5.3125,4.875,4.987500190734863,58041600
2002-10-24,1.0025832653045654,5.326250076293945,5.599999904632568,5.192500114440918,5.574999809265137,78409600
2002-10-25,1.0216423273086548,5.427499771118164,5.548749923706055,5.262499809265137,5.418749809265137,40022400
2002-10-28,1.012230634689331,5.377500057220459,5.474999904632568,5.326250076293945,5.375,24979200
2002-10-29,0.9745834469795227,5.177499771118164,5.300000190734863,5.150000095367432,5.293749809265137,44566400
2002-10-30,1.025877594947815,5.449999809265137,5.449999809265137,5.25,5.276249885559082,54342400
2002-10-31,1.0421128273010254,5.536250114440918,5.56125020980835,5.387499809265137,5.4375,36800000
2002-11-01,1.0397595167160034,5.523749828338623,5.68625020980835,5.443749904632568,5.587500095367432,41696000
2002-11-04,1.0117601156234741,5.375,5.6875,5.349999904632568,5.625,39603200
2002-11-05,0.9929367303848267,5.275000095367432,5.4375,5.262499809265137,5.287499904632568,23984000
2002-11-06,0.9788185358047485,5.199999809265137,5.309999942779541,5.074999809265137,5.224999904632568,28467200
2002-11-07,1.0282301902770996,5.462500095367432,5.462500095367432,5.112500190734863,5.237500190734863,33334400
2002-11-08,1.0178773403167725,5.40749979019165,5.525000095367432,5.393750190734863,5.512499809265137,26630400
2002-11-11,1.0348187685012817,5.497499942779541,5.525000095367432,5.451250076293945,5.497499942779541,11827200
2002-11-12,1.0176423788070679,5.40625,5.487500190734863,5.34499979019165,5.363749980926514,26073600
2002-11-13,0.9955248832702637,5.288750171661377,5.335000038146973,5.199999809265137,5.212500095367432,13382400
2002-11-14,1.0223480463027954,5.431250095367432,5.431250095367432,5.268750190734863,5.286250114440918,13027200
2002-11-15,1.0223480463027954,5.431250095367432,5.431250095367432,5.431250095367432,5.431250095367432,0
2002-11-18,1.0329360961914062,5.487500190734863,5.5625,5.431250095367432,5.56125020980835,27187200
2002-11-19,1.0284656286239624,5.463749885559082,5.599999904632568,5.449999809265137,5.481249809265137,38800000
2002-11-20,1.049877643585205,5.577499866485596,5.611249923706055,5.412499904632568,5.462500095367432,44496000
2002-11-21,1.0755243301391602,5.713749885559082,5.737500190734863,5.5,5.599999904632568,40710400
2002-11-22,1.0635244846343994,5.650000095367432,5.699999809265137,5.599999904632568,5.643750190734863,23408000
2002-11-25,1.037642240524292,5.512499809265137,5.775000095367432,5.488749980926514,5.65625,24288000
2002-11-26,1.0207009315490723,5.422500133514404,5.574999809265137,5.380000114440918,5.525000095367432,38428800
2002-11-27,1.015289545059204,5.393750190734863,5.512499809265137,5.349999904632568,5.425000190734863,23971200
2002-11-28,1.016465663909912,5.400000095367432,5.400000095367432,5.337500095367432,5.400000095367432,7548800
2002-11-29,1.037642240524292,5.512499809265137,5.556250095367432,5.388750076293945,5.425000190734863,19468800
2002-12-02,1.051760196685791,5.587500095367432,5.650000095367432,5.53125,5.625,27638400
2002-12-03,1.061171531677246,5.637499809265137,5.650000095367432,5.513750076293945,5.543749809265137,19702400
2002-12-04,1.05646550655365,5.612500190734863,5.625,5.545000076293945,5.606249809265137,16076800
2002-12-05,1.044701337814331,5.550000190734863,5.625,5.5,5.50124979019165,23417600
2002-12-06,1.046818733215332,5.56125020980835,5.606249809265137,5.525000095367432,5.5625,17459200
2002-12-09,1.0324656963348389,5.485000133514404,5.537499904632568,5.448750019073486,5.462500095367432,15609600
2002-12-10,1.0352892875671387,5.5,5.5625,5.400000095367432,5.512499809265137,18566400
2002-12-11,1.0470539331436157,5.5625,5.610000133514404,5.462500095367432,5.587500095367432,24588800
2002-12-12,1.0635244846343994,5.650000095367432,5.693749904632568,5.537499904632568,5.599999904632568,34899200
2002-12-13,1.0588182210922241,5.625,5.662499904632568,5.56374979019165,5.625,27446400
2002-12-16,1.05646550655365,5.612500190734863,5.6875,5.606249809265137,5.6875,53632000
2002-12-17,1.0635244846343994,5.650000095367432,5.743750095367432,5.632500171661377,5.675000190734863,46134400
2002-12-18,1.0614066123962402,5.638750076293945,5.6875,5.5625,5.650000095367432,49625600
2002-12-19,1.1176421642303467,5.9375,5.9375,5.5625,5.693749904632568,70732800
2002-12-20,1.1458768844604492,6.087500095367432,6.224999904632568,5.976250171661377,5.977499961853027,95235200
2002-12-23,1.1472885608673096,6.09499979019165,6.262499809265137,6.012499809265137,6.175000190734863,28310400
2002-12-24,1.1472885608673096,6.09499979019165,6.09499979019165,6.09499979019165,6.09499979019165,0
2002-12-25,1.1472885608673096,6.09499979019165,6.09499979019165,6.09499979019165,6.09499979019165,0
2002-12-26,1.1270532608032227,5.987500190734863,6.087500095367432,5.962500095367432,6.006249904632568,12697600
2002-12-27,1.0976418256759644,5.831250190734863,5.987500190734863,5.831250190734863,5.881249904632568,11478400
2002-12-30,1.0917596817016602,5.800000190734863,5.931250095367432,5.800000190734863,5.837500095367432,8684800
2002-12-31,1.0917596817016602,5.800000190734863,5.800000190734863,5.800000190734863,5.800000190734863,0
2003-01-01,1.0917596817016602,5.800000190734863,5.800000190734863,5.800000190734863,5.800000190734863,0
2003-01-02,1.1082302331924438,5.887499809265137,5.974999904632568,5.818749904632568,5.820000171661377,9900800
2003-01-03,1.1035242080688477,5.862500190734863,5.987500190734863,5.848750114440918,5.920000076293945,11356800
2003-01-06,1.1552886962890625,6.137499809265137,6.175000190734863,5.912499904632568,5.974999904632568,45209600
2003-01-07,1.128935694694519,5.997499942779541,6.098750114440918,5.9375,6.0625,34985600
2003-01-08,1.1341122388839722,6.025000095367432,6.068749904632568,5.974999904632568,6.037499904632568,18156800
2003-01-09,1.1809357404708862,6.273749828338623,6.287499904632568,6.037499904632568,6.074999809265137,55267200
2003-01-10,1.2355233430862427,6.56374979019165,6.568749904632568,6.34250020980835,6.400000095367432,60156800
2003-01-13,1.2329351902008057,6.550000190734863,6.637499809265137,6.480000019073486,6.625,36873600
2003-01-14,1.2364650964736938,6.568749904632568,6.611249923706055,6.4375,6.465000152587891,36553600
2003-01-15,1.2272883653640747,6.519999980926514,6.537499904632568,6.412499904632568,6.462500095367432,39462400
2003-01-16,1.235288143157959,6.5625,6.643750190734863,6.525000095367432,6.552499771118164,32089600
2003-01-17,1.1905823945999146,6.324999809265137,6.525000095367432,6.318749904632568,6.324999809265137,52268800
2003-01-20,1.18117094039917,6.275000095367432,6.337500095367432,6.212500095367432,6.337500095367432,15452800
2003-01-21,1.1719945669174194,6.226250171661377,6.300000190734863,6.1875,6.25,41936000
2003-01-22,1.1094064712524414,5.893750190734863,6.1875,5.893750190734863,6.132500171661377,52204800
2003-01-23,1.1157593727111816,5.927499771118164,5.954999923706055,5.824999809265137,5.9375,61670400
2003-01-24,1.0614066123962402,5.638750076293945,5.925000190734863,5.638750076293945,5.912499904632568,32403200
2003-01-27,1.0647006034851074,5.65625,5.6875,5.512499809265137,5.631249904632568,72457600
2003-01-28,1.050583004951477,5.581250190734863,5.681250095367432,5.513750076293945,5.675000190734863,50134400
2003-01-29,1.10587739944458,5.875,5.875,5.565000057220459,5.612500190734863,47305600
2003-01-30,1.1148182153701782,5.922500133514404,5.949999809265137,5.81374979019165,5.875,30425600
2003-01-31,1.1178768873214722,5.93874979019165,6.018750190734863,5.856249809265137,5.862500190734863,32412800
2003-02-03,1.1282302141189575,5.993750095367432,6.037499904632568,5.926249980926514,5.949999809265137,23334400
2003-02-04,1.1035242080688477,5.862500190734863,5.962500095367432,5.838749885559082,5.918749809265137,34153600
2003-02-05,1.1023473739624023,5.856249809265137,5.9375,5.776249885559082,5.892499923706055,34134400
2003-02-06,1.0694066286087036,5.681250095367432,5.849999904632568,5.637499809265137,5.65625,31571200
2003-02-07,1.0588182210922241,5.625,5.860000133514404,5.533750057220459,5.818749904632568,32860800
2003-02-10,1.10587739944458,5.875,5.893750190734863,5.599999904632568,5.737500190734863,44848000
2003-02-11,1.0917596817016602,5.800000190734863,5.987500190734863,5.800000190734863,5.900000095367432,29475200
2003-02-12,1.1023473739624023,5.856249809265137,5.887499809265137,5.737500190734863,5.818749904632568,41315200
2003-02-13,1.087053656578064,5.775000095367432,5.849999904632568,5.731249809265137,5.849999904632568,26032000
2003-02-14,1.0792890787124634,5.733749866485596,5.8125,5.695000171661377,5.787499904632568,15392000
2003-02-17,1.087053656578064,5.775000095367432,5.837500095367432,5.752500057220459,5.78249979019165,29840000
2003-02-18,1.0804654359817505,5.739999771118164,5.78125,5.56374979019165,5.574999809265137,62316800
2003-02-19,1.0694066286087036,5.681250095367432,5.724999904632568,5.612500190734863,5.675000190734863,29452800
2003-02-20,1.0470539331436157,5.5625,5.662499904632568,5.536250114440918,5.556250095367432,39510400
2003-02-21,1.061171531677246,5.637499809265137,5.648749828338623,5.537499904632568,5.5625,20512000
2003-02-24,1.025877594947815,5.449999809265137,5.668749809265137,5.443749904632568,5.668749809265137,22208000
2003-02-25,1.0025832653045654,5.326250076293945,5.400000095367432,5.295000076293945,5.349999904632568,43414400
2003-02-26,0.9799957275390625,5.206250190734863,5.423749923706055,5.1875,5.387499809265137,30009600
2003-02-27,0.9858776330947876,5.237500190734863,5.268750190734863,5.113749980926514,5.25,38700800
2003-02-28,1.004465937614441,5.336249828338623,5.337500095367432,5.25,5.300000190734863,21894400
2003-03-03,1.004465937614441,5.336249828338623,5.336249828338623,5.336249828338623,5.336249828338623,0
2003-03-04,1.004465937614441,5.336249828338623,5.336249828338623,5.336249828338623,5.336249828338623,0
2003-03-05,0.97905433177948,5.201250076293945,5.275000095367432,5.199999809265137,5.242499828338623,17478400
2003-03-06,1.0115245580673218,5.37375020980835,5.37375020980835,5.21875,5.260000228881836,39452800
2003-03-07,1.037642240524292,5.512499809265137,5.536250114440918,5.291250228881836,5.418749809265137,29856000
2003-03-10,1.016465663909912,5.400000095367432,5.46750020980835,5.375,5.431250095367432,38627200
2003-03-11,1.0588182210922241,5.625,5.75,5.362500190734863,5.449999809265137,45270400
2003-03-12,1.0894063711166382,5.787499904632568,5.798749923706055,5.599999904632568,5.625,46496000
2003-03-13,1.078818440437317,5.731249809265137,5.824999809265137,5.625,5.662499904632568,48691200
2003-03-14,1.0847007036209106,5.762499809265137,5.861249923706055,5.715000152587891,5.793749809265137,30940800
2003-03-17,1.0799951553344727,5.737500190734863,5.818749904632568,5.599999904632568,5.625,59347200
2003-03-18,1.1199945211410522,5.949999809265137,5.949999809265137,5.693749904632568,5.737500190734863,64947200
2003-03-19,1.1246999502182007,5.974999904632568,6.025000095367432,5.875,5.925000190734863,40665600
2003-03-20,1.1458768844604492,6.087500095367432,6.112500190734863,5.837500095367432,5.9375,42275200
2003-03-21,1.1341122388839722,6.025000095367432,6.212500095367432,6.0,6.102499961853027,33958400
2003-03-24,1.1042301654815674,5.866250038146973,6.025000095367432,5.851250171661377,5.912499904632568,22307200
2003-03-25,1.1258769035339355,5.981249809265137,5.997499942779541,5.849999904632568,5.862500190734863,20902400
2003-03-26,1.1129364967346191,5.912499904632568,6.022500038146973,5.90625,5.956250190734863,29430400
2003-03-27,1.1152890920639038,5.925000190734863,5.925000190734863,5.787499904632568,5.806250095367432,36422400
2003-03-28,1.0941126346588135,5.8125,5.897500038146973,5.737500190734863,5.793749809265137,24550400
2003-03-31,1.0917596817016602,5.800000190734863,5.800000190734863,5.728750228881836,5.75,19379200
2003-04-01,1.1199945211410522,5.949999809265137,5.986249923706055,5.824999809265137,5.824999809265137,47360000
2003-04-02,1.1362297534942627,6.036250114440918,6.09375,6.0,6.0,45932800
2003-04-03,1.1505829095840454,6.112500190734863,6.1875,6.050000190734863,6.06374979019165,35641600
2003-04-04,1.1538770198822021,6.130000114440918,6.15625,6.036250114440918,6.125,35539200
2003-04-07,1.1275237798690796,5.989999771118164,6.306250095367432,5.976250171661377,6.25,52697600
2003-04-08,1.0863479375839233,5.771249771118164,6.012499809265137,5.724999904632568,5.994999885559082,46896000
2003-04-09,1.0847007036209106,5.762499809265137,5.8125,5.6875,5.771249771118164,31363200
2003-04-10,1.090112566947937,5.791250228881836,5.875,5.762499809265137,5.800000190734863,43731200
2003-04-11,1.090583086013794,5.793749809265137,5.849999904632568,5.74875020980835,5.787499904632568,25833600
2003-04-14,1.0894063711166382,5.787499904632568,5.875,5.775000095367432,5.8125,27081600
2003-04-15,1.1011712551116943,5.849999904632568,5.851250171661377,5.730000019073486,5.807499885559082,21129600
2003-04-16,1.0894063711166382,5.787499904632568,5.900000095367432,5.787499904632568,5.862500190734863,39923200
2003-04-17,1.1176421642303467,5.9375,5.96750020980835,5.848750114440918,5.875,26972800
2003-04-18,1.1176421642303467,5.9375,5.9375,5.9375,5.9375,0
2003-04-21,1.1176421642303467,5.9375,5.9375,5.9375,5.9375,0
2003-04-22,1.1341122388839722,6.025000095367432,6.025000095367432,5.868750095367432,5.875,39888000
2003-04-23,1.1449356079101562,6.082499980926514,6.099999904632568,5.927499771118164,6.0,38883200
2003-04-24,1.1312885284423828,6.010000228881836,6.125,5.974999904632568,6.06125020980835,29590400
2003-04-25,1.1152890920639038,5.925000190734863,6.03125,5.925000190734863,6.0,26937600
2003-04-28,1.1246999502182007,5.974999904632568,6.012499809265137,5.881249904632568,5.9375,17635200
2003-04-29,1.1536415815353394,6.128749847412109,6.150000095367432,6.037499904632568,6.065000057220459,47884800
2003-04-30,1.1738771200180054,6.236249923706055,6.243750095367432,6.151249885559082,6.199999809265137,42899200
2003-05-01,1.1738771200180054,6.236249923706055,6.236249923706055,6.236249923706055,6.236249923706055,0
2003-05-02,1.192935585975647,6.337500095367432,6.349999904632568,6.1875,6.236249923706055,26896000
2003-05-05,1.211759090423584,6.4375,6.451250076293945,6.275000095367432,6.329999923706055,31011200
2003-05-06,1.2070527076721191,6.412499904632568,6.487500190734863,6.375,6.417500019073486,45264000
2003-05-07,1.2315235137939453,6.542500019073486,6.543749809265137,6.400000095367432,6.412499904632568,59056000
2003-05-08,1.199994444847107,6.375,6.512499809265137,6.375,6.5,43155200
2003-05-09,1.2282296419143677,6.525000095367432,6.587500095367432,6.387499809265137,6.412499904632568,45836800
2003-05-12,1.258817434310913,6.6875,6.696249961853027,6.525000095367432,6.5625,34876800
2003-05-13,1.2788172960281372,6.793749809265137,6.837500095367432,6.671249866485596,6.6875,50492800
2003-05-14,1.2705824375152588,6.75,6.861249923706055,6.71875,6.861249923706055,37478400
2003-05-15,1.2941114902496338,6.875,6.875,6.658750057220459,6.75124979019165,43174400
2003-05-16,1.27764093875885,6.787499904632568,7.033750057220459,6.699999809265137,6.976250171661377,70320000
2003-05-19,1.2404648065567017,6.590000152587891,6.737500190734863,6.5625,6.68874979019165,43811200
2003-05-20,1.2494055032730103,6.637499809265137,6.637499809265137,6.456250190734863,6.591249942779541,41068800
2003-05-21,1.258817434310913,6.6875,6.75,6.5625,6.603750228881836,27244800
2003-05-22,1.2517586946487427,6.650000095367432,6.755000114440918,6.612500190734863,6.68625020980835,41193600
2003-05-23,1.254111647605896,6.662499904632568,6.737500190734863,6.59375,6.651249885559082,30710400
2003-05-26,1.2246999740600586,6.506249904632568,6.6875,6.506249904632568,6.6875,17804800
2003-05-27,1.2538762092590332,6.661250114440918,6.675000190734863,6.5,6.525000095367432,35324800
2003-05-28,1.2614059448242188,6.701250076293945,6.757500171661377,6.650000095367432,6.650000095367432,28678400
2003-05-29,1.2404648065567017,6.590000152587891,6.737500190734863,6.590000152587891,6.71875,49324800
2003-05-30,1.2423474788665771,6.599999904632568,6.62375020980835,6.537499904632568,6.62375020980835,34720000
2003-06-02,1.2341114282608032,6.556250095367432,6.675000190734863,6.545000076293945,6.582499980926514,29926400
2003-06-03,1.2329351902008057,6.550000190734863,6.565000057220459,6.5,6.5625,25318400
2003-06-04,1.2705824375152588,6.75,6.78125,6.574999809265137,6.625,38988800
2003-06-05,1.268229603767395,6.737500190734863,6.81125020980835,6.712500095367432,6.724999904632568,41680000
2003-06-06,1.2778761386871338,6.788750171661377,6.875,6.769999980926514,6.78125,28822400
2003-06-09,1.2752882242202759,6.775000095367432,6.837500095367432,6.699999809265137,6.75,19286400
2003-06-10,1.2465823888778687,6.622499942779541,6.793749809265137,6.574999809265137,6.786250114440918,54304000
2003-06-11,1.258817434310913,6.6875,6.703750133514404,6.525000095367432,6.62375020980835,27212800
2003-06-12,1.2785820960998535,6.792500019073486,6.800000190734863,6.637499809265137,6.699999809265137,36966400
2003-06-13,1.2734054327011108,6.764999866485596,6.856249809265137,6.737500190734863,6.793749809265137,33113600
2003-06-16,1.27764093875885,6.787499904632568,6.849999904632568,6.75,6.75,55888000
2003-06-17,1.289170742034912,6.848750114440918,6.849999904632568,6.78249979019165,6.78249979019165,18931200
2003-06-18,1.2590526342391968,6.68874979019165,6.818749904632568,6.599999904632568,6.8125,35980800
2003-06-19,1.2590526342391968,6.68874979019165,6.68874979019165,6.68874979019165,6.68874979019165,0
2003-06-20,1.2023475170135498,6.387499809265137,6.662499904632568,6.357500076293945,6.662499904632568,42156800
2003-06-23,1.174112319946289,6.237500190734863,6.493750095367432,6.201250076293945,6.4375,43798400
2003-06-24,1.1884652376174927,6.31374979019165,6.324999809265137,6.237500190734863,6.262499809265137,41324800
2003-06-25,1.18117094039917,6.275000095367432,6.418749809265137,6.262499809265137,6.320000171661377,48243200
2003-06-26,1.1799942255020142,6.268750190734863,6.3125,6.237500190734863,6.262499809265137,22025600
2003-06-27,1.1931710243225098,6.338749885559082,6.34250020980835,6.262499809265137,6.268750190734863,19587200
2003-06-30,1.199994444847107,6.375,6.434999942779541,6.287499904632568,6.301249980926514,37036800
2003-07-01,1.2032885551452637,6.392499923706055,6.456250190734863,6.337500095367432,6.387499809265137,27305600
2003-07-02,1.223523497581482,6.5,6.5,6.337500095367432,6.425000190734863,29062400
2003-07-03,1.2167000770568848,6.463749885559082,6.537499904632568,6.413750171661377,6.449999809265137,14758400
2003-07-04,1.2470531463623047,6.625,6.625,6.421249866485596,6.474999904632568,15555200
2003-07-07,1.2705824375152588,6.75,6.787499904632568,6.62624979019165,6.62624979019165,56099200
2003-07-08,1.2894057035446167,6.849999904632568,6.849999904632568,6.743750095367432,6.747499942779541,44947200
2003-07-09,1.2894057035446167,6.849999904632568,6.849999904632568,6.849999904632568,6.849999904632568,0
2003-07-10,1.2964645624160767,6.887499809265137,6.900000095367432,6.743750095367432,6.75,41321600
2003-07-11,1.2764644622802734,6.78125,6.900000095367432,6.776249885559082,6.837500095367432,28550400
2003-07-14,1.2941114902496338,6.875,6.912499904632568,6.815000057220459,6.815000057220459,27280000
2003-07-15,1.3199937343597412,7.012499809265137,7.056250095367432,6.837500095367432,6.887499809265137,39123200
2003-07-16,1.3159939050674438,6.991250038146973,7.0625,6.925000190734863,7.0,31817600
2003-07-17,1.3176405429840088,7.0,7.03125,6.90625,6.9375,38396800
2003-07-18,1.3411701917648315,7.125,7.181250095367432,7.025000095367432,7.050000190734863,45027200
2003-07-21,1.348228931427002,7.162499904632568,7.224999904632568,7.138750076293945,7.138750076293945,40780800
2003-07-22,1.3552870750427246,7.199999809265137,7.231249809265137,7.125,7.125,21916800
2003-07-23,1.348228931427002,7.162499904632568,7.260000228881836,7.125,7.223750114440918,35651200
2003-07-24,1.3246995210647583,7.037499904632568,7.231249809265137,7.037499904632568,7.15625,24569600
2003-07-25,1.3152879476547241,6.987500190734863,7.112500190734863,6.974999904632568,7.0625,24675200
2003-07-28,1.3294055461883545,7.0625,7.0625,6.943749904632568,6.99875020980835,24908800
2003-07-29,1.336464285850525,7.099999904632568,7.175000190734863,7.00124979019165,7.074999809265137,30336000
2003-07-30,1.324934720993042,7.038750171661377,7.175000190734863,7.038750171661377,7.125,24524800
2003-07-31,1.3282287120819092,7.056250095367432,7.125,7.00124979019165,7.074999809265137,34896000
2003-08-01,1.2672879695892334,6.732500076293945,7.0625,6.724999904632568,7.0625,35612800
2003-08-04,1.261170506477356,6.699999809265137,67.5,6.662499904632568,6.723750114440918,364384000
2003-08-05,1.2894057035446167,6.849999904632568,67.5,6.849999904632568,67.5,434112000
2003-08-06,1.2870527505874634,6.837500095367432,6.912499904632568,6.737500190734863,6.875,26624000
2003-08-07,1.322346806526184,7.025000095367432,7.050000190734863,6.837500095367432,6.837500095367432,40259200
2003-08-08,1.3599933385849,7.224999904632568,7.224999904632568,7.057499885559082,7.057499885559082,27235200
2003-08-11,1.3646992444992065,7.25,7.286250114440918,7.150000095367432,7.150000095367432,25398400
2003-08-12,1.3705816268920898,7.28125,7.371250152587891,7.224999904632568,7.252500057220459,22204800
2003-08-13,1.3682286739349365,7.268750190734863,7.331250190734863,7.237500190734863,7.268750190734863,42134400
2003-08-14,1.4035227298736572,7.456250190734863,7.46750020980835,7.28125,7.28125,40240000
2003-08-15,1.371993899345398,7.288750171661377,7.356249809265137,7.212500095367432,7.25,50435200
2003-08-18,1.3901112079620361,7.385000228881836,7.417500019073486,7.300000190734863,7.301249980926514,63673600
2003-08-19,1.3566997051239014,7.207499980926514,7.418749809265137,7.162499904632568,7.40625,51273600
2003-08-20,1.3564646244049072,7.206250190734863,7.268750190734863,7.106249809265137,7.199999809265137,56307200
2003-08-21,1.3658757209777832,7.256249904632568,7.3125,7.150000095367432,7.216249942779541,56076800
2003-08-22,1.3623466491699219,7.237500190734863,7.336249828338623,7.177499771118164,7.263750076293945,26092800
2003-08-25,1.3439934253692627,7.139999866485596,7.275000095367432,7.12624979019165,7.25,20569600
2003-08-26,1.3576406240463257,7.212500095367432,7.25,7.09375,7.168749809265137,35600000
2003-08-27,1.3941112756729126,7.40625,7.40625,7.224999904632568,7.25,31596800
2003-08-28,1.3941112756729126,7.40625,7.487500190734863,7.337500095367432,7.40749979019165,32864000
2003-08-29,1.4305813312530518,7.599999904632568,7.610000133514404,7.286250114440918,7.3125,42502400
2003-09-01,1.4141110181808472,7.512499809265137,7.625,7.46875,7.550000190734863,22032000
2003-09-02,1.4117578268051147,7.5,7.574999809265137,7.488749980926514,7.512499809265137,29750400
2003-09-03,1.4482284784317017,7.693749904632568,7.704999923706055,7.482500076293945,7.523749828338623,41033600
2003-09-04,1.4919928312301636,7.926249980926514,8.006250381469727,7.699999809265137,7.75,76905600
2003-09-05,1.525169014930725,8.102499961853027,8.125,7.925000190734863,7.996250152587891,51088000
2003-09-08,1.522345781326294,8.087499618530273,8.25,8.087499618530273,8.125,36326400
2003-09-09,1.4832874536514282,7.880000114440918,8.125,7.862500190734863,8.0625,60272000
2003-09-10,1.5082277059555054,8.012499809265137,8.012499809265137,7.75124979019165,7.875,40457600
2003-09-11,1.5058749914169312,8.0,8.125,8.0,8.078749656677246,40076800
2003-09-12,1.5129342079162598,8.037500381469727,8.104999542236328,7.9375,8.0,36400000
2003-09-15,1.4799929857254028,7.862500190734863,8.087499618530273,7.824999809265137,8.037500381469727,54713600
2003-09-16,1.4882280826568604,7.90625,7.961249828338623,7.856249809265137,7.912499904632568,29587200
2003-09-17,1.4823461771011353,7.875,7.9375,7.800000190734863,7.9375,38595200
2003-09-18,1.4846986532211304,7.887499809265137,7.9375,7.806250095367432,7.875,43830400
2003-09-19,1.477640151977539,7.849999904632568,8.056249618530273,7.824999809265137,7.93625020980835,47017600
2003-09-22,1.451522707939148,7.711249828338623,7.81125020980835,7.668749809265137,7.81125020980835,38320000
2003-09-23,1.429404854774475,7.59375,7.772500038146973,7.53125,7.75,39600000
2003-09-24,1.4425817728042603,7.663750171661377,7.75,7.625,7.650000095367432,53913600
2003-09-25,1.4176400899887085,7.53125,7.736249923706055,7.512499809265137,7.675000190734863,41616000
2003-09-26,1.4199929237365723,7.543749809265137,7.637499809265137,7.505000114440918,7.545000076293945,32233600
2003-09-29,1.4352874755859375,7.625,7.625,7.462500095367432,7.625,24841600
2003-09-30,1.4270522594451904,7.581250190734863,7.75,7.474999904632568,7.650000095367432,39337600
2003-10-01,1.4705811738967896,7.8125,7.8125,7.625,7.625,34128000
2003-10-02,1.521404504776001,8.082500457763672,8.087499618530273,7.793749809265137,7.862500190734863,48822400
2003-10-03,1.5482282638549805,8.225000381469727,8.295000076293945,8.149999618530273,8.15625,68150400
2003-10-06,1.557639718055725,8.274999618530273,8.350000381469727,8.162500381469727,8.1875,36995200
2003-10-07,1.5529340505599976,8.25,8.300000190734863,8.188750267028809,8.25,30982400
2003-10-08,1.5670514106750488,8.324999809265137,8.387499809265137,8.25,8.3125,42784000
2003-10-09,1.5658752918243408,8.318750381469727,8.449999809265137,8.262499809265137,8.300000190734863,54070400
2003-10-10,1.5649340152740479,8.313750267028809,8.393750190734863,8.288749694824219,8.3125,24806400
2003-10-13,1.6068159341812134,8.536250114440918,8.536250114440918,8.298749923706055,8.298749923706055,23417600
2003-10-14,1.5776398181915283,8.381250381469727,8.550000190734863,8.37874984741211,8.550000190734863,49705600
2003-10-15,1.5345808267593384,8.15250015258789,8.449999809265137,8.141249656677246,8.418749809265137,39673600
2003-10-16,1.5425814390182495,8.194999694824219,8.311249732971191,8.018750190734863,8.25,34348800
2003-10-17,1.5199930667877197,8.074999809265137,8.212499618530273,8.050000190734863,8.212499618530273,17065600
2003-10-20,1.522110939025879,8.086250305175781,8.112500190734863,7.952499866485596,8.068750381469727,64803200
2003-10-21,1.5230517387390137,8.0912504196167,8.1875,8.088749885559082,8.125,34768000
2003-10-22,1.4988164901733398,7.962500095367432,8.0912504196167,7.962500095367432,8.0912504196167,29715200
2003-10-23,1.475286841392517,7.837500095367432,7.893750190734863,7.775000095367432,7.875,38182400
2003-10-24,1.4952869415283203,7.943749904632568,8.051250457763672,7.75,7.78000020980835,31587200
2003-10-27,1.5035219192504883,7.987500190734863,8.074999809265137,7.956250190734863,8.047499656677246,39097600
2003-10-28,1.5258748531341553,8.106249809265137,8.106249809265137,7.981249809265137,8.006250381469727,26064000
2003-10-29,1.5129342079162598,8.037500381469727,8.24625015258789,8.037500381469727,8.154999732971191,43200000
2003-10-30,1.4943459033966064,7.93874979019165,8.125,7.87624979019165,8.0625,31206400
2003-10-31,1.4823461771011353,7.875,8.061249732971191,7.875,8.0,43961600
2003-11-03,1.5270514488220215,8.112500190734863,8.112500190734863,7.931250095367432,7.931250095367432,36051200
2003-11-04,1.5209344625473022,8.079999923706055,8.3125,8.024999618530273,8.118749618530273,45190400
2003-11-05,1.4858753681182861,7.893750190734863,8.074999809265137,7.877500057220459,8.074999809265137,27526400
2003-11-06,1.53411066532135,8.149999618530273,8.149999618530273,7.926249980926514,7.983749866485596,23168000
2003-11-07,1.5364633798599243,8.162500381469727,8.225000381469727,8.131250381469727,8.175000190734863,16784000
2003-11-10,1.5204633474349976,8.077500343322754,8.1875,8.0649995803833,8.1875,14281600
2003-11-11,1.5399926900863647,8.181249618530273,8.206250190734863,8.0,8.074999809265137,44412800
2003-11-12,1.5694043636322021,8.337499618530273,8.381250381469727,8.1875,8.21500015258789,59347200
2003-11-13,1.582580804824829,8.407500267028809,8.425000190734863,8.300000190734863,8.387499809265137,40512000
2003-11-14,1.6164630651474,8.587499618530273,8.619999885559082,8.473750114440918,8.548749923706055,58272000
2003-11-17,1.5846985578536987,8.418749809265137,8.537500381469727,8.407500267028809,8.524999618530273,43811200
2003-11-18,1.60940420627594,8.550000190734863,8.561249732971191,8.452500343322754,8.475000381469727,26028800
2003-11-19,1.617639183998108,8.59375,8.59375,8.470000267028809,8.583749771118164,31587200
2003-11-20,1.6202276945114136,8.607500076293945,8.681249618530273,8.5625,8.641249656677246,25500800
2003-11-21,1.6152864694595337,8.581250190734863,8.643750190734863,8.550000190734863,8.574999809265137,33395200
2003-11-24,1.6166977882385254,8.588749885559082,8.712499618530273,8.581250190734863,8.671250343322754,38467200
2003-11-25,1.6348150968551636,8.6850004196167,8.699999809265137,8.62874984741211,8.651249885559082,38070400
2003-11-26,1.553404450416565,8.2524995803833,8.399999618530273,8.225000381469727,8.399999618530273,40806400
2003-11-27,1.568227767944336,8.331250190734863,8.337499618530273,8.25,8.287500381469727,15328000
2003-11-28,1.5736395120620728,8.359999656677246,8.373749732971191,8.274999618530273,8.337499618530273,24787200
2003-12-01,1.6023451089859009,8.512499809265137,8.512499809265137,8.34375,8.376250267028809,23830400
2003-12-02,1.6152864694595337,8.581250190734863,8.612500190734863,8.487500190734863,8.487500190734863,33209600
2003-12-03,1.599992036819458,8.5,8.611249923706055,8.5,8.587499618530273,31097600
2003-12-04,1.6079920530319214,8.542499542236328,8.556249618530273,8.4375,8.5,30812800
2003-12-05,1.6141102313995361,8.574999809265137,8.606249809265137,8.518750190734863,8.518750190734863,39916800
2003-12-08,1.617639183998108,8.59375,8.59375,8.5,8.568750381469727,29676800
2003-12-09,1.682344913482666,8.9375,8.953749656677246,8.619999885559082,8.619999885559082,71667200
2003-12-10,1.6835217475891113,8.943750381469727,9.037500381469727,8.899999618530273,8.899999618530273,43635200
2003-12-11,1.7176384925842285,9.125,9.237500190734863,8.899999618530273,8.912500381469727,39923200
2003-12-12,1.7002276182174683,9.032500267028809,9.243749618530273,8.973750114440918,9.176250457763672,33513600
2003-12-15,1.6863452196121216,8.958749771118164,9.181249618530273,8.938750267028809,9.125,47264000
2003-12-16,1.7025799751281738,9.045000076293945,9.112500190734863,8.893750190734863,8.976249694824219,27840000
2003-12-17,1.7435208559036255,9.262499809265137,9.331250190734863,9.0625,9.0649995803833,40140800
2003-12-18,1.7755210399627686,9.432499885559082,9.432499885559082,9.210000038146973,9.25,28182400
2003-12-19,1.7811681032180786,9.462499618530273,9.556249618530273,9.387499809265137,9.387499809265137,31273600
2003-12-22,1.8232852220535278,9.686249732971191,9.686249732971191,9.399999618530273,9.460000038146973,25484800
2003-12-23,1.7858736515045166,9.487500190734863,9.862500190734863,9.462499618530273,9.688750267028809,26966400
2003-12-24,1.7858736515045166,9.487500190734863,9.487500190734863,9.487500190734863,9.487500190734863,0
2003-12-25,1.7858736515045166,9.487500190734863,9.487500190734863,9.487500190734863,9.487500190734863,0
2003-12-26,1.762814998626709,9.364999771118164,9.573749542236328,9.3125,9.501250267028809,18112000
2003-12-29,1.798579216003418,9.555000305175781,9.555000305175781,9.399999618530273,9.399999618530273,31996800
2003-12-30,1.7976384162902832,9.550000190734863,9.675000190734863,9.550000190734863,9.614999771118164,21132800
2003-12-31,1.7976384162902832,9.550000190734863,9.550000190734863,9.550000190734863,9.550000190734863,0
2004-01-01,1.7976384162902832,9.550000190734863,9.550000190734863,9.550000190734863,9.550000190734863,0
2004-01-02,1.8635200262069702,9.899999618530273,9.899999618530273,9.550000190734863,9.550000190734863,23606400
2004-01-05,1.9717552661895752,10.475000381469727,10.498749732971191,9.981249809265137,9.986249923706055,44755200
2004-01-06,2.075284481048584,11.024999618530273,11.024999618530273,10.462499618530273,10.626250267028809,77187200
2004-01-07,2.0534019470214844,10.9087495803833,11.5625,10.899999618530273,11.0,71033600
2004-01-08,2.0411665439605713,10.84375,11.125,10.625,11.125,55296000
2004-01-09,2.0188143253326416,10.725000381469727,10.956250190734863,10.6875,10.90250015258789,42944000
2004-01-12,2.021167039871216,10.737500190734863,11.012499809265137,10.699999809265137,10.75374984741211,48848000
2004-01-13,2.0423429012298584,10.850000381469727,10.992500305175781,10.774999618530273,10.837499618530273,46841600
2004-01-14,1.9804604053497314,10.521249771118164,10.898750305175781,10.337499618530273,10.898750305175781,72150400
2004-01-15,1.9411669969558716,10.3125,10.46875,10.251250267028809,10.376250267028809,37193600
2004-01-16,1.9764615297317505,10.5,10.5,10.112500190734863,10.268750190734863,47923200
2004-01-19,2.0272841453552246,10.770000457763672,10.770000457763672,10.5,10.5,38323200
2004-01-20,2.0682249069213867,10.987500190734863,11.056249618530273,10.6875,10.762499809265137,58256000
2004-01-21,2.0308139324188232,10.788749694824219,10.984999656677246,10.757499694824219,10.96875,52918400
2004-01-22,1.9959903955459595,10.603750228881836,10.762499809265137,10.425000190734863,10.493749618530273,49625600
2004-01-23,2.0025782585144043,10.638750076293945,10.6875,10.487500190734863,10.586250305175781,30457600
2004-01-26,2.0423429012298584,10.850000381469727,10.925000190734863,10.637499809265137,10.731249809265137,30854400
2004-01-27,2.030579090118408,10.787500381469727,10.912500381469727,10.631250381469727,10.850000381469727,25436800
2004-01-28,2.0235202312469482,10.75,10.925000190734863,10.701250076293945,10.701250076293945,27033600
2004-01-29,1.9058725833892822,10.125,10.748749732971191,10.024999618530273,10.643750190734863,53328000
2004-01-30,1.8421093225479126,9.786250114440918,10.162500381469727,9.75,10.024999618530273,53561600
2004-02-02,1.8446977138519287,9.800000190734863,9.837499618530273,9.512499809265137,9.6875,51939200
2004-02-03,1.8823442459106445,10.0,10.074999809265137,9.851249694824219,9.973750114440918,84656000
2004-02-04,1.8421093225479126,9.786250114440918,10.24625015258789,9.768750190734863,10.175000190734863,39209600
2004-02-05,1.830579161643982,9.725000381469727,10.024999618530273,9.631250381469727,9.875,49721600
2004-02-06,1.9204620122909546,10.202500343322754,10.202500343322754,9.541250228881836,9.723750114440918,47577600
2004-02-09,1.9176377058029175,10.1875,10.387499809265137,10.1875,10.274999618530273,37488000
2004-02-10,1.9741084575653076,10.487500190734863,10.493749618530273,10.137499809265137,10.138750076293945,36300800
2004-02-11,2.0512845516204834,10.897500038146973,10.925000190734863,10.537500381469727,10.600000381469727,56710400
2004-02-12,2.0505783557891846,10.893750190734863,10.962499618530273,10.641249656677246,10.949999809265137,43500800
2004-02-13,2.01857852935791,10.723750114440918,11.061249732971191,10.625,10.912500381469727,50864000
2004-02-16,1.9952846765518188,10.600000381469727,10.686249732971191,10.487500190734863,10.646249771118164,9724800
2004-02-17,2.007049798965454,10.662500381469727,10.699999809265137,10.443750381469727,10.651249885559082,57616000
2004-02-18,1.9929312467575073,10.587499618530273,10.787500381469727,10.512499809265137,10.701250076293945,63683200
2004-02-19,1.902108907699585,10.104999542236328,10.456250190734863,10.104999542236328,10.456250190734863,52342400
2004-02-20,1.9035207033157349,10.112500190734863,10.123749732971191,9.600000381469727,9.75,59225600
2004-02-23,1.9035207033157349,10.112500190734863,10.112500190734863,10.112500190734863,10.112500190734863,0
2004-02-24,1.9035207033157349,10.112500190734863,10.112500190734863,10.112500190734863,10.112500190734863,0
2004-02-25,1.9364618062973022,10.287500381469727,10.422499656677246,10.149999618530273,10.149999618530273,22995200
2004-02-26,1.908697247505188,10.140000343322754,10.274999618530273,10.140000343322754,10.262499809265137,22489600
2004-02-27,1.9294029474258423,10.25,10.25,10.1537504196167,10.198749542236328,26326400
2004-03-01,2.0046961307525635,10.649999618530273,10.712499618530273,10.326250076293945,10.326250076293945,37996800
2004-03-02,2.0004618167877197,10.6274995803833,10.774999618530273,10.362500190734863,10.375,42640000
2004-03-03,2.0235202312469482,10.75,10.788749694824219,10.625,10.75,26166400
2004-03-04,1.9988138675689697,10.618749618530273,10.806249618530273,10.600000381469727,10.6875,24240000
2004-03-05,2.015990972518921,10.710000038146973,10.800000190734863,10.600000381469727,10.743749618530273,30201600
2004-03-08,2.030579090118408,10.787500381469727,10.850000381469727,10.75,10.7837495803833,26339200
2004-03-09,2.032931327819824,10.800000190734863,10.975000381469727,10.727499961853027,10.800000190734863,34160000
2004-03-10,1.9458730220794678,10.337499618530273,10.862500190734863,10.337499618530273,10.798749923706055,31299200
2004-03-11,1.9129323959350586,10.162500381469727,10.475000381469727,10.0625,10.236249923706055,40828800
2004-03-12,1.9639904499053955,10.43375015258789,10.550000190734863,10.3125,10.3125,32963200
2004-03-15,1.9011667966842651,10.100000381469727,10.4375,10.045000076293945,10.4375,29209600
2004-03-16,1.9108142852783203,10.151249885559082,10.3125,10.0024995803833,10.233750343322754,32620800
2004-03-17,1.9446967840194702,10.331250190734863,10.331250190734863,10.137499809265137,10.274999618530273,29500800
2004-03-18,2.021167039871216,10.737500190734863,10.787500381469727,10.262499809265137,10.350000381469727,48876800
2004-03-19,1.9715203046798706,10.473750114440918,10.850000381469727,10.414999961853027,10.789999961853027,33417600
2004-03-22,1.9482256174087524,10.350000381469727,10.412500381469727,10.237500190734863,10.273750305175781,24870400
2004-03-23,1.9246968030929565,10.225000381469727,10.475000381469727,10.149999618530273,10.462499618530273,27731200
2004-03-24,1.9202260971069336,10.201250076293945,10.436249732971191,10.131250381469727,10.237500190734863,42230400
2004-03-25,1.9317550659179688,10.262499809265137,10.348750114440918,10.106249809265137,10.25,28649600
2004-03-26,1.9456380605697632,10.336250305175781,10.393750190734863,10.256250381469727,10.274999618530273,32512000
2004-03-29,1.9446967840194702,10.331250190734863,10.475000381469727,10.274999618530273,10.4037504196167,24416000
2004-03-30,1.9585789442062378,10.404999732971191,10.412500381469727,10.118749618530273,10.175000190734863,34947200
2004-03-31,2.0117549896240234,10.6875,10.6875,10.375,10.412500381469727,52284800
2004-04-01,2.0056369304656982,10.654999732971191,10.862500190734863,10.5649995803833,10.75,42006400
2004-04-02,2.0352847576141357,10.8125,10.831250190734863,10.574999809265137,10.65625,37971200
2004-04-05,2.0091676712036133,10.673749923706055,10.793749809265137,10.625,10.737500190734863,27641600
2004-04-06,2.0188143253326416,10.725000381469727,10.78499984741211,10.5625,10.6875,24060800
2004-04-07,2.00940203666687,10.675000190734863,10.71875,10.449999809265137,10.625,36614400
2004-04-08,2.046814203262329,10.873749732971191,10.90625,10.625,10.712499618530273,32736000
2004-04-09,2.046814203262329,10.873749732971191,10.873749732971191,10.873749732971191,10.873749732971191,0
2004-04-12,2.0823440551757812,11.0625,11.111249923706055,10.875,10.875,33360000
2004-04-13,2.0585789680480957,10.936249732971191,11.186249732971191,10.936249732971191,11.050000190734863,43046400
2004-04-14,2.0225789546966553,10.744999885559082,10.918749809265137,10.712499618530273,10.918749809265137,34745600
2004-04-15,1.9999903440475464,10.625,10.731249809265137,10.517499923706055,10.675000190734863,30054400
2004-04-16,1.9917550086975098,10.581250190734863,10.743749618530273,10.524999618530273,10.5625,25654400
2004-04-19,1.9741084575653076,10.487500190734863,10.686249732971191,10.438750267028809,10.600000381469727,51113600
2004-04-20,1.9105795621871948,10.149999618530273,10.517499923706055,10.149999618530273,10.498749732971191,59011200
2004-04-21,1.9105795621871948,10.149999618530273,10.149999618530273,10.149999618530273,10.149999618530273,0
2004-04-22,1.9035207033157349,10.112500190734863,10.25,10.012499809265137,10.012499809265137,59622400
2004-04-23,1.9035207033157349,10.112500190734863,10.112500190734863,10.112500190734863,10.112500190734863,0
2004-04-26,1.887049913406372,10.024999618530273,10.362500190734863,10.006250381469727,10.25,27443200
2004-04-27,1.9105795621871948,10.149999618530273,10.261249542236328,10.0625,10.076250076293945,28710400
2004-04-28,1.8597561120986938,9.880000114440918,10.206250190734863,9.824999809265137,10.149999618530273,39004800
2004-04-29,1.7646973133087158,9.375,10.018750190734863,9.175000190734863,9.873749732971191,80908800
2004-04-30,1.7576391696929932,9.337499618530273,9.581250190734863,9.131250381469727,9.5625,63993600
2004-05-03,1.7741097211837769,9.425000190734863,9.443750381469727,9.112500190734863,9.288749694824219,41276800
2004-05-04,1.8376386165618896,9.762499809265137,9.762499809265137,9.449999809265137,9.5,56812800
2004-05-05,1.8611679077148438,9.887499809265137,9.987500190734863,9.666250228881836,9.848750114440918,38352000
2004-05-06,1.7461093664169312,9.276249885559082,9.837499618530273,9.276249885559082,9.761249542236328,53414400
2004-05-07,1.6846978664398193,8.949999809265137,9.225000381469727,8.77750015258789,9.09749984741211,57475200
2004-05-10,1.6211684942245483,8.612500190734863,8.774999618530273,8.5,8.636249542236328,56342400
2004-05-11,1.7484626770019531,9.288749694824219,9.300000190734863,8.7524995803833,8.7524995803833,55664000
2004-05-12,1.74375581741333,9.263750076293945,9.376250267028809,9.063750267028809,9.375,49846400
2004-05-13,1.7694034576416016,9.399999618530273,9.412500381469727,9.029999732971191,9.15625,40368000
2004-05-14,1.7223448753356934,9.149999618530273,9.623749732971191,9.137499809265137,9.5625,45356800
2004-05-17,1.6623448133468628,8.831250190734863,8.987500190734863,8.712499618530273,8.75,38358400
2004-05-18,1.6752862930297852,8.899999618530273,9.088749885559082,8.75374984741211,9.0625,38470400
2004-05-19,1.676932454109192,8.9087495803833,9.106249809265137,8.850000381469727,9.104999542236328,51820800
2004-05-20,1.6258747577667236,8.637499809265137,8.887499809265137,8.637499809265137,8.850000381469727,49692800
2004-05-21,1.5814048051834106,8.401249885559082,8.75,8.380000114440918,8.75,67027200
2004-05-24,1.6799920797348022,8.925000190734863,8.925000190734863,8.5,8.637499809265137,48288000
2004-05-25,1.6588153839111328,8.8125,8.962499618530273,8.774999618530273,8.9375,30656000
2004-05-26,1.6550512313842773,8.792499542236328,8.875,8.737500190734863,8.875,37216000
2004-05-27,1.6985808610916138,9.023750305175781,9.032500267028809,8.776249885559082,8.8125,41305600
2004-05-28,1.670580267906189,8.875,9.149999618530273,8.8149995803833,9.069999694824219,54390400
2004-05-31,1.6889336109161377,8.97249984741211,8.998749732971191,8.837499618530273,8.943750381469727,19299200
2004-06-01,1.736461877822876,9.225000381469727,9.225000381469727,8.875,8.9375,28268800
2004-06-02,1.7341090440750122,9.212499618530273,9.399999618530273,9.149999618530273,9.268750190734863,61788800
2004-06-03,1.7105799913406372,9.087499618530273,9.25,9.012499809265137,9.25,19795200
2004-06-04,1.7126978635787964,9.098750114440918,9.225000381469727,9.0625,9.188750267028809,19619200
2004-06-07,1.7519917488098145,9.307499885559082,9.307499885559082,9.125,9.138750076293945,27244800
2004-06-08,1.7246977090835571,9.162500381469727,9.373749732971191,9.125,9.292499542236328,39232000
2004-06-09,1.7035211324691772,9.050000190734863,9.193750381469727,8.975000381469727,9.193750381469727,49747200
2004-06-10,1.7035211324691772,9.050000190734863,9.050000190734863,9.050000190734863,9.050000190734863,0
2004-06-11,1.7035211324691772,9.050000190734863,9.100000381469727,8.976249694824219,9.100000381469727,11302400
2004-06-14,1.7082270383834839,9.074999809265137,9.074999809265137,8.8125,8.992500305175781,62617600
2004-06-15,1.7564626932144165,9.331250190734863,9.375,9.188750267028809,9.273750305175781,63008000
2004-06-16,1.7635210752487183,9.368749618530273,9.412500381469727,9.212499618530273,9.375,48022400
2004-06-17,1.7715210914611816,9.411250114440918,9.412500381469727,9.273750305175781,9.305000305175781,46988800
2004-06-18,1.762344479560852,9.362500190734863,9.47249984741211,9.274999618530273,9.324999809265137,23148800
2004-06-21,1.7376383543014526,9.231249809265137,9.412500381469727,9.212499618530273,9.351249694824219,47344000
2004-06-22,1.7597564458847046,9.348750114440918,9.361249923706055,9.162500381469727,9.231249809265137,36902400
2004-06-23,1.828226089477539,9.712499618530273,9.712499618530273,9.337499618530273,9.337499618530273,97772800
2004-06-24,1.825873851776123,9.699999809265137,9.800000190734863,9.612500190734863,9.71875,33184000
2004-06-25,1.7905791997909546,9.512499809265137,9.6875,9.461250305175781,9.6875,25331200
2004-06-28,1.7646973133087158,9.375,9.587499618530273,9.350000381469727,9.587499618530273,25104000
2004-06-29,1.7799913883209229,9.456250190734863,9.498749732971191,9.25,9.375,23680000
2004-06-30,1.8190497159957886,9.663749694824219,9.663749694824219,9.375,9.4375,45075200
2004-07-01,1.8094028234481812,9.612500190734863,9.662500381469727,9.537500381469727,9.625,38556800
2004-07-02,1.8070510625839233,9.600000381469727,9.6850004196167,9.585000038146973,9.631250381469727,24400000
2004-07-05,1.7966971397399902,9.545000076293945,9.649999618530273,9.512499809265137,9.625,15500800
2004-07-06,1.7741097211837769,9.425000190734863,9.637499809265137,9.40625,9.561249732971191,31708800
2004-07-07,1.748227596282959,9.287500381469727,9.587499618530273,9.287500381469727,9.5,36028800
2004-07-08,1.7435208559036255,9.262499809265137,9.381250381469727,9.212499618530273,9.300000190734863,27401600
2004-07-09,1.7435208559036255,9.262499809265137,9.262499809265137,9.262499809265137,9.262499809265137,0
2004-07-12,1.7576391696929932,9.337499618530273,9.375,9.225000381469727,9.263750076293945,31571200
2004-07-13,1.748227596282959,9.287500381469727,9.411250114440918,9.268750190734863,9.364999771118164,28982400
2004-07-14,1.7446972131729126,9.268750190734863,9.373749732971191,9.237500190734863,9.274999618530273,40364800
2004-07-15,1.8023433685302734,9.574999809265137,9.662500381469727,9.362500190734863,9.3725004196167,52528000
2004-07-16,1.8442258834838867,9.797499656677246,9.824999809265137,9.693750381469727,9.694999694824219,46259200
2004-07-19,1.8209316730499268,9.673749923706055,9.873749732971191,9.574999809265137,9.795000076293945,43494400
2004-07-20,1.8070510625839233,9.600000381469727,9.736249923706055,9.585000038146973,9.681249618530273,32268800
2004-07-21,1.7964622974395752,9.543749809265137,9.736249923706055,9.543749809265137,9.681249618530273,41513600
2004-07-22,1.7649327516555786,9.376250267028809,9.600000381469727,9.364999771118164,9.563750267028809,34598400
2004-07-23,1.7599921226501465,9.350000381469727,9.449999809265137,9.301250457763672,9.376250267028809,32470400
2004-07-26,1.7411683797836304,9.25,9.512499809265137,9.199999809265137,9.401249885559082,31369600
2004-07-27,1.7811681032180786,9.462499618530273,9.46875,9.270000457763672,9.287500381469727,34041600
2004-07-28,1.8141087293624878,9.637499809265137,9.661250114440918,9.452500343322754,9.456250190734863,44752000
2004-07-29,1.8454029560089111,9.803750038146973,9.803750038146973,9.618749618530273,9.649999618530273,38256000
2004-07-30,1.8376386165618896,9.762499809265137,9.899999618530273,9.6875,9.7524995803833,45238400
2004-08-02,1.8338741064071655,9.742500305175781,9.762499809265137,9.612500190734863,9.702500343322754,25561600
2004-08-03,1.828226089477539,9.712499618530273,9.774999618530273,9.651249885559082,9.742500305175781,28198400
2004-08-04,1.849402904510498,9.824999809265137,9.868749618530273,9.637499809265137,9.71875,48179200
2004-08-05,1.8150498867034912,9.642499923706055,9.9375,9.5625,9.873749732971191,39942400
2004-08-06,1.8399919271469116,9.774999618530273,9.774999618530273,9.574999809265137,9.701250076293945,41004800
2004-08-09,1.8376386165618896,9.762499809265137,9.837499618530273,9.699999809265137,9.762499809265137,28822400
2004-08-10,1.8729323148727417,9.949999809265137,9.949999809265137,9.774999618530273,9.787500381469727,32720000
2004-08-11,1.8764617443084717,9.96875,10.113750457763672,9.875,9.875,72691200
2004-08-12,1.8915208578109741,10.048749923706055,10.087499618530273,9.962499618530273,9.992500305175781,52608000
2004-08-13,1.870579719543457,9.9375,10.087499618530273,9.8774995803833,10.048749923706055,22195200
2004-08-16,1.881166934967041,9.993749618530273,10.036250114440918,9.887499809265137,9.918749809265137,65648000
2004-08-17,1.879990816116333,9.987500190734863,10.073749542236328,9.96500015258789,10.024999618530273,25168000
2004-08-18,1.8999905586242676,10.09375,10.100000381469727,9.949999809265137,9.987500190734863,45417600
2004-08-19,1.9294029474258423,10.25,10.3125,10.125,10.125,32787200
2004-08-20,1.9917550086975098,10.581250190734863,10.606249809265137,10.248749732971191,10.248749732971191,57302400
2004-08-23,1.974578619003296,10.489999771118164,10.662500381469727,10.451250076293945,10.538749694824219,35107200
2004-08-24,1.9682263135910034,10.456250190734863,10.588749885559082,10.350000381469727,10.568750381469727,37171200
2004-08-25,1.9823435544967651,10.53125,10.5625,10.425000190734863,10.5625,35376000
2004-08-26,1.9439914226531982,10.327500343322754,10.489999771118164,10.287500381469727,10.46500015258789,23475200
2004-08-27,1.9465782642364502,10.3412504196167,10.387499809265137,10.300000190734863,10.387499809265137,16083200
2004-08-30,1.9294029474258423,10.25,10.3125,10.225000381469727,10.3125,25612800
2004-08-31,1.9294029474258423,10.25,10.3725004196167,10.201250076293945,10.3725004196167,28899200
2004-09-01,1.9312851428985596,10.260000228881836,10.362500190734863,10.203749656677246,10.25,22806400
2004-09-02,1.959991455078125,10.412500381469727,10.4375,10.188750267028809,10.274999618530273,23756800
2004-09-03,1.957637071609497,10.399999618530273,10.449999809265137,10.362500190734863,10.412500381469727,10598400
2004-09-06,1.9592844247817993,10.4087495803833,10.449999809265137,10.337499618530273,10.4375,3324800
2004-09-07,1.9592844247817993,10.4087495803833,10.4087495803833,10.4087495803833,10.4087495803833,0
2004-09-08,1.9823435544967651,10.53125,10.574999809265137,10.4087495803833,10.4087495803833,31139200
2004-09-09,1.9898731708526611,10.571249961853027,10.617500305175781,10.401249885559082,10.537500381469727,31526400
2004-09-10,1.9766970872879028,10.501250267028809,10.563750267028809,10.463749885559082,10.563750267028809,21593600
2004-09-13,1.9764615297317505,10.5,10.587499618530273,10.449999809265137,10.498749732971191,23590400
2004-09-14,2.0046961307525635,10.649999618530273,10.710000038146973,10.501250267028809,10.5024995803833,45894400
2004-09-15,2.003990650177002,10.646249771118164,10.742500305175781,10.574999809265137,10.637499809265137,31571200
2004-09-16,2.028225898742676,10.774999618530273,10.774999618530273,10.638750076293945,10.638750076293945,22284800
2004-09-17,2.0536370277404785,10.90999984741211,10.912500381469727,10.75,10.787500381469727,22252800
2004-09-20,2.0616378784179688,10.952500343322754,11.102499961853027,10.952500343322754,11.018750190734863,41900800
2004-09-21,2.0929317474365234,11.118749618530273,11.2162504196167,10.9375,11.001250267028809,39856000
2004-09-22,2.081636667251587,11.05875015258789,11.291250228881836,11.050000190734863,11.138750076293945,37110400
2004-09-23,2.1406960487365723,11.3725004196167,11.375,11.101249694824219,11.101249694824219,37366400
2004-09-24,2.1679885387420654,11.517499923706055,11.579999923706055,11.324999809265137,11.324999809265137,29244800
2004-09-27,2.1870481967926025,11.618749618530273,11.693750381469727,11.482500076293945,11.563750267028809,35747200
2004-09-28,2.2079899311065674,11.729999542236328,11.729999542236328,11.563750267028809,11.612500190734863,42601600
2004-09-29,2.203754186630249,11.707500457763672,11.787500381469727,11.631250381469727,11.787500381469727,35248000
2004-09-30,2.2079899311065674,11.729999542236328,11.805000305175781,11.706250190734863,11.75,36540800
2004-10-01,2.21175479888916,11.75,11.793749809265137,11.40999984741211,11.412500381469727,43411200
2004-10-04,2.2235190868377686,11.8125,11.873749732971191,11.75,11.787500381469727,27065600
2004-10-05,2.2682244777679443,12.050000190734863,12.050000190734863,11.751250267028809,11.800000190734863,33094400
2004-10-06,2.271988868713379,12.069999694824219,12.212499618530273,11.899999618530273,12.037500381469727,46646400
2004-10-07,2.285871744155884,12.143750190734863,12.1875,12.0,12.111249923706055,44633600
2004-10-08,2.2776362895965576,12.100000381469727,12.25,12.0625,12.225000381469727,45465600
2004-10-11,2.250577926635742,11.956250190734863,12.212499618530273,11.890000343322754,12.056249618530273,8044800
2004-10-12,2.250577926635742,11.956250190734863,11.956250190734863,11.956250190734863,11.956250190734863,0
2004-10-13,2.1623423099517822,11.487500190734863,11.862500190734863,11.136249542236328,11.862500190734863,80361600
2004-10-14,2.1470487117767334,11.40625,11.476249694824219,11.024999618530273,11.425000190734863,59827200
2004-10-15,2.188694477081299,11.6274995803833,11.6274995803833,11.412500381469727,11.412500381469727,37827200
2004-10-18,2.2329304218292236,11.862500190734863,11.881250381469727,11.581250190734863,11.6875,70352000
2004-10-19,2.1764602661132812,11.5625,12.0,11.5625,11.912500381469727,40716800
2004-10-20,2.185636520385742,11.611249923706055,11.712499618530273,11.401249885559082,11.5625,35328000
2004-10-21,2.2190487384796143,11.788749694824219,11.837499618530273,11.512499809265137,11.512499809265137,38444800
2004-10-22,2.2305781841278076,11.850000381469727,11.956250190734863,11.766249656677246,11.875,32211200
2004-10-25,2.233165979385376,11.863750457763672,11.90999984741211,11.75,11.8125,22160000
2004-10-26,2.203518867492676,11.706250190734863,11.899999618530273,11.587499618530273,11.875,40934400
2004-10-27,2.218578338623047,11.786250114440918,11.854999542236328,11.712499618530273,11.712499618530273,26790400
2004-10-28,2.1879897117614746,11.623749732971191,11.787500381469727,11.587499618530273,11.786250114440918,17625600
2004-10-29,2.19881272315979,11.681249618530273,11.7475004196167,11.5649995803833,11.6875,40624000
2004-11-01,2.208930015563965,11.734999656677246,11.796250343322754,11.626250267028809,11.6875,8044800
2004-11-03,2.203518867492676,11.706250190734863,11.881250381469727,11.662500381469727,11.762499809265137,31196800
2004-11-04,2.2164604663848877,11.774999618530273,11.856249809265137,11.763750076293945,11.806249618530273,34819200
2004-11-05,2.2541065216064453,11.975000381469727,12.018750190734863,11.8125,11.84749984741211,30873600
2004-11-08,2.2258729934692383,11.824999809265137,12.0625,11.738750457763672,12.0,31088000
2004-11-09,2.208224296569824,11.731249809265137,11.893750190734863,11.600000381469727,11.8725004196167,22041600
2004-11-10,2.2399890422821045,11.899999618530273,11.899999618530273,11.789999961853027,11.789999961853027,17827200
2004-11-11,2.2482242584228516,11.943750381469727,11.943750381469727,11.800000190734863,11.911250114440918,14278400
2004-11-12,2.2541065216064453,11.975000381469727,12.056249618530273,11.9375,11.973750114440918,30812800
2004-11-15,2.2541065216064453,11.975000381469727,11.975000381469727,11.975000381469727,11.975000381469727,0
2004-11-16,2.1482248306274414,11.412500381469727,11.875,11.412500381469727,11.875,78998400
2004-11-17,2.1656363010406494,11.505000114440918,11.623749732971191,11.475000381469727,11.475000381469727,36428800
2004-11-18,2.1388132572174072,11.362500190734863,11.623749732971191,11.288749694824219,11.6225004196167,37174400
2004-11-19,2.129401206970215,11.3125,11.461250305175781,11.239999771118164,11.4375,28617600
2004-11-22,2.1574015617370605,11.461250305175781,11.517499923706055,11.298749923706055,11.298749923706055,26064000
2004-11-23,2.119990348815918,11.262499809265137,11.568750381469727,11.212499618530273,11.5,32566400
2004-11-24,2.1082253456115723,11.199999809265137,11.376250267028809,11.1875,11.3125,35859200
2004-11-25,2.221165657043457,11.800000190734863,11.800000190734863,11.5649995803833,11.625,50444800
2004-11-26,2.207519292831421,11.727499961853027,11.7475004196167,11.625,11.725000381469727,24150400
2004-11-29,2.1705777645111084,11.53125,11.736249923706055,11.5,11.725000381469727,30544000
2004-11-30,2.1858713626861572,11.612500190734863,11.65625,11.46875,11.551250457763672,32896000
2004-12-01,2.251753807067871,11.962499618530273,12.012499809265137,11.625,11.6875,43670400
2004-12-02,2.2094013690948486,11.737500190734863,12.0,11.637499809265137,11.918749809265137,28377600
2004-12-03,2.195518732070923,11.663749694824219,11.837499618530273,11.649999618530273,11.824999809265137,30384000
2004-12-06,2.2152838706970215,11.768750190734863,11.861249923706055,11.6875,11.6875,22380800
2004-12-07,2.1858713626861572,11.612500190734863,11.748749732971191,11.537500381469727,11.725000381469727,25740800
2004-12-08,2.1868131160736084,11.617500305175781,11.649999618530273,11.481249809265137,11.612500190734863,26467200
2004-12-09,2.127284049987793,11.301250457763672,11.649999618530273,11.301250457763672,11.626250267028809,26044800
2004-12-10,2.1623423099517822,11.487500190734863,11.550000190734863,11.313750267028809,11.375,28752000
2004-12-13,2.1764602661132812,11.5625,11.574999809265137,11.475000381469727,11.512499809265137,22857600
2004-12-14,2.1950483322143555,11.661250114440918,11.681249618530273,11.577500343322754,11.5962495803833,28892800
2004-12-15,2.2070484161376953,11.725000381469727,11.737500190734863,11.487500190734863,11.640000343322754,70921600
2004-12-16,2.2493999004364014,11.949999809265137,11.949999809265137,11.648750305175781,11.649999618530273,62121600
2004-12-17,2.2286953926086426,11.84000015258789,12.024999618530273,11.787500381469727,11.962499618530273,27123200
2004-12-20,2.2258729934692383,11.824999809265137,11.936249732971191,11.77750015258789,11.850000381469727,69881600
2004-12-21,2.2731661796569824,12.076250076293945,12.1225004196167,11.8100004196167,11.8100004196167,38566400
2004-12-22,2.242342948913574,11.912500381469727,12.15625,11.893750190734863,12.100000381469727,37372800
2004-12-23,2.2741072177886963,12.081250190734863,12.112500190734863,11.851249694824219,12.081250190734863,32531200
2004-12-24,2.2741072177886963,12.081250190734863,12.081250190734863,12.081250190734863,12.081250190734863,0
2004-12-27,2.2766947746276855,12.095000267028809,12.149999618530273,11.975000381469727,12.0,74985600
2004-12-28,2.2799899578094482,12.112500190734863,12.125,11.893750190734863,12.0625,15184000
2004-12-29,2.3030471801757812,12.234999656677246,12.234999656677246,12.125,12.125,17363200
2004-12-30,2.285871744155884,12.143750190734863,12.243749618530273,12.140000343322754,12.233750343322754,11993600
2004-12-31,2.285871744155884,12.143750190734863,12.143750190734863,12.143750190734863,12.143750190734863,0
2005-01-03,2.2164604663848877,11.774999618530273,12.237500190734863,11.773750305175781,12.1875,30044800
2005-01-04,2.190108060836792,11.635000228881836,11.949999809265137,11.625,11.873749732971191,37667200
2005-01-05,2.1816370487213135,11.59000015258789,11.772500038146973,11.475000381469727,11.662500381469727,30873600
2005-01-06,2.188225269317627,11.625,11.6875,11.487500190734863,11.65250015258789,28224000
2005-01-07,2.1978719234466553,11.676250457763672,11.787500381469727,11.563750267028809,11.648750305175781,25980800
2005-01-10,2.1694014072418213,11.524999618530273,11.806249618530273,11.470000267028809,11.75,34800000
2005-01-11,2.1929309368133545,11.649999618530273,11.7475004196167,11.475000381469727,11.5625,27888000
2005-01-12,2.181166172027588,11.587499618530273,11.7475004196167,11.358750343322754,11.663749694824219,34035200
2005-01-13,2.2025773525238037,11.701250076293945,11.725000381469727,11.550000190734863,11.661250114440918,54348800
2005-01-14,2.2141072750091553,11.762499809265137,11.787500381469727,11.587499618530273,11.699999809265137,44460800
2005-01-17,2.199989080429077,11.6875,11.84375,11.686249732971191,11.75,35737600
2005-01-18,2.1764602661132812,11.5625,11.632499694824219,11.476249694824219,11.571249961853027,27420800
2005-01-19,2.189401388168335,11.631250381469727,11.65625,11.526249885559082,11.59375,44195200
2005-01-20,2.13999080657959,11.368749618530273,11.5625,11.331250190734863,11.5625,29532800
2005-01-21,2.143519163131714,11.387499809265137,11.512499809265137,11.288749694824219,11.412500381469727,25958400
2005-01-24,2.1715190410614014,11.536250114440918,11.616250038146973,11.375,11.537500381469727,14412800
2005-01-26,2.2164604663848877,11.774999618530273,11.811249732971191,11.662500381469727,11.662500381469727,34812800
2005-01-27,2.21175479888916,11.75,11.862500190734863,11.631250381469727,11.734999656677246,39171200
2005-01-28,2.1835193634033203,11.600000381469727,11.737500190734863,11.537500381469727,11.725000381469727,27833600
2005-01-31,2.1952836513519287,11.662500381469727,11.737500190734863,11.612500190734863,11.675000190734863,13459200
2005-02-01,2.2070484161376953,11.725000381469727,11.800000190734863,11.662500381469727,11.786250114440918,39702400
2005-02-02,2.2399890422821045,11.899999618530273,11.9375,11.725000381469727,11.75,31520000
2005-02-03,2.2635185718536377,12.024999618530273,12.024999618530273,11.818750381469727,11.912500381469727,31756800
2005-02-04,2.2894012928009033,12.162500381469727,12.237500190734863,11.545000076293945,11.612500190734863,87180800
2005-02-09,2.3908119201660156,12.701250076293945,12.9375,12.501250267028809,12.793749809265137,69043200
2005-02-10,2.379988431930542,12.643750190734863,12.662500381469727,12.443750381469727,12.524999618530273,31232000
2005-02-11,2.418577194213867,12.848750114440918,12.983750343322754,12.625,12.625,50934400
2005-02-14,2.396458625793457,12.731249809265137,12.8125,12.6899995803833,12.763750076293945,29689600
2005-02-15,2.3776369094848633,12.631250381469727,12.712499618530273,12.512499809265137,12.553750038146973,44016000
2005-02-16,2.411752223968506,12.8125,12.819999694824219,12.543749809265137,12.668749809265137,90828800
2005-02-17,2.416459083557129,12.837499618530273,13.053750038146973,12.837499618530273,12.882499694824219,56451200
2005-02-18,2.416459083557129,12.837499618530273,12.887499809265137,12.701250076293945,12.875,28630400
2005-02-21,2.447046995162964,13.0,13.024999618530273,12.850000381469727,12.868749618530273,41516800
2005-02-22,2.4658703804016113,13.100000381469727,13.350000381469727,12.962499618530273,13.050000190734863,45587200
2005-02-23,2.517634868621826,13.375,13.386249542236328,13.1875,13.25,47603200
2005-02-24,2.6023402214050293,13.824999809265137,13.84749984741211,13.561249732971191,13.561249732971191,48985600
2005-02-25,2.6599879264831543,14.131250381469727,14.199999809265137,13.725000381469727,13.786250114440918,51731200
2005-02-28,2.6169281005859375,13.90250015258789,14.181249618530273,13.515000343322754,14.0,51948800
2005-03-01,2.5096347332000732,13.332500457763672,13.678750038146973,13.238750457763672,13.677499771118164,57830400
2005-03-02,2.5811643600463867,13.712499618530273,13.762499809265137,13.211250305175781,13.319999694824219,48012800
2005-03-03,2.6705751419067383,14.1875,14.199999809265137,13.899999618530273,13.923749923706055,58182400
2005-03-04,2.7129292488098145,14.412500381469727,14.487500190734863,14.265000343322754,14.265000343322754,33872000
2005-03-07,2.723517656326294,14.46875,14.612500190734863,14.212499618530273,14.4375,26403200
2005-03-08,2.69175124168396,14.300000190734863,14.34375,14.212499618530273,14.34375,31289600
2005-03-09,2.644693613052368,14.050000190734863,14.481249809265137,14.0,14.177499771118164,28793600
2005-03-10,2.5741055011749268,13.675000190734863,14.149999618530273,13.587499618530273,14.0625,38848000
2005-03-11,2.531752586364746,13.449999809265137,13.875,13.399999618530273,13.798749923706055,34470400
2005-03-14,2.5129292011260986,13.350000381469727,13.542499542236328,13.125,13.350000381469727,42329600
2005-03-15,2.447046995162964,13.0,13.487500190734863,12.987500190734863,13.412500381469727,47305600
2005-03-16,2.4988110065460205,13.274999618530273,13.300000190734863,12.75,13.287500381469727,50121600
2005-03-17,2.524458169937134,13.411250114440918,13.461250305175781,13.050000190734863,13.050000190734863,34576000
2005-03-18,2.4893994331359863,13.225000381469727,13.447500228881836,13.074999809265137,13.411250114440918,30771200
2005-03-21,2.487046718597412,13.212499618530273,13.287500381469727,13.118749618530273,13.255000114440918,49056000
2005-03-22,2.4190468788146973,12.851249694824219,13.3125,12.75,13.251250267028809,50352000
2005-03-23,2.383518934249878,12.662500381469727,12.912500381469727,12.625,12.899999618530273,49484800
2005-03-24,2.4141054153442383,12.824999809265137,12.949999809265137,12.676250457763672,12.876250267028809,22313600
2005-03-28,2.370576858520508,12.59375,12.823749542236328,12.59375,12.774999618530273,20028800
2005-03-29,2.334106683731079,12.399999618530273,12.84375,12.324999809265137,12.675000190734863,31603200
2005-03-30,2.385871171951294,12.675000190734863,12.712499618530273,12.352499961853027,12.462499618530273,34438400
2005-03-31,2.427046775817871,12.893750190734863,12.975000381469727,12.6875,12.798749923706055,33139200
2005-04-01,2.4446945190429688,12.987500190734863,13.100000381469727,12.8125,12.993749618530273,40569600
2005-04-04,2.4446945190429688,12.987500190734863,13.220000267028809,12.875,13.0,30665600
2005-04-05,2.383753538131714,12.663749694824219,13.149999618530273,12.625,13.0,29100800
2005-04-06,2.381164789199829,12.649999618530273,12.873749732971191,12.5,12.75,35568000
2005-04-07,2.386812448501587,12.680000305175781,12.836250305175781,12.449999809265137,12.836250305175781,33475200
2005-04-08,2.3529305458068848,12.5,12.75,12.462499618530273,12.75,20259200
2005-04-11,2.3646957874298096,12.5625,12.65625,12.44124984741211,12.498749732971191,22297600
2005-04-12,2.3529305458068848,12.5,12.579999923706055,12.313750267028809,12.5625,35568000
2005-04-13,2.3058712482452393,12.25,12.649999618530273,12.25,12.625,54230400
2005-04-14,2.2439892292022705,11.921250343322754,12.524999618530273,11.850000381469727,12.248749732971191,37280000
2005-04-15,2.2070484161376953,11.725000381469727,12.001250267028809,11.6875,11.7524995803833,29257600
2005-04-18,2.185636520385742,11.611249923706055,11.875,11.524999618530273,11.875,38662400
2005-04-19,2.258577346801758,11.998749732971191,11.998749732971191,11.676250457763672,11.75,35830400
2005-04-20,2.229401111602783,11.84375,12.101249694824219,11.84375,12.0,22224000
2005-04-22,2.190577745437622,11.637499809265137,12.111249923706055,11.630000114440918,11.912500381469727,15798400
2005-04-25,2.2562241554260254,11.986249923706055,12.073749542236328,11.649999618530273,11.649999618530273,22448000
2005-04-26,2.2799899578094482,12.112500190734863,12.175000190734863,11.899999618530273,11.943750381469727,29155200
2005-04-27,2.2164604663848877,11.774999618530273,12.112500190734863,11.774999618530273,12.024999618530273,29542400
2005-04-28,2.1623423099517822,11.487500190734863,11.734999656677246,11.412500381469727,11.734999656677246,32406400
2005-04-29,2.2235190868377686,11.8125,11.8125,11.475000381469727,11.8125,28297600
2005-05-02,2.2164604663848877,11.774999618530273,11.811249732971191,11.475000381469727,11.811249732971191,19004800
2005-05-03,2.207519292831421,11.727499961853027,11.824999809265137,11.568750381469727,11.774999618530273,22736000
2005-05-04,2.240696430206299,11.9037504196167,11.9712495803833,11.75,11.75,27260800
2005-05-05,2.282341718673706,12.125,12.125,11.925000190734863,12.0,31670400
2005-05-06,2.3230478763580322,12.3412504196167,12.475000381469727,12.1875,12.188750267028809,29177600
2005-05-09,2.3270492553710938,12.362500190734863,12.4037504196167,12.25,12.375,16227200
2005-05-10,2.2752835750579834,12.087499618530273,12.376250267028809,12.087499618530273,12.375,25113600
2005-05-11,2.2799899578094482,12.112500190734863,12.2162504196167,11.963749885559082,12.138750076293945,28419200
2005-05-12,2.2352843284606934,11.875,12.25,11.800000190734863,12.149999618530273,39612800
2005-05-13,2.1764602661132812,11.5625,11.887499809265137,11.501250267028809,11.8725004196167,41280000
2005-05-16,2.2061076164245605,11.720000267028809,11.725000381469727,11.537500381469727,11.662500381469727,40710400
2005-05-17,2.2623422145843506,12.018750190734863,12.0625,11.6274995803833,11.720000267028809,25046400
2005-05-18,2.2846946716308594,12.137499809265137,12.25,12.024999618530273,12.118749618530273,34208000
2005-05-19,2.3061065673828125,12.251250267028809,12.251250267028809,11.993749618530273,12.0625,20006400
2005-05-20,2.310577392578125,12.274999618530273,12.362500190734863,12.199999809265137,12.25,16089600
2005-05-23,2.2623422145843506,12.018750190734863,12.274999618530273,12.018750190734863,12.274999618530273,13692800
2005-05-24,2.303518295288086,12.237500190734863,12.25,11.901249885559082,11.962499618530273,16611200
2005-05-25,2.3211655616760254,12.331250190734863,12.393750190734863,12.225000381469727,12.331250190734863,23558400
2005-05-27,2.371752977371216,12.600000381469727,12.6225004196167,12.412500381469727,12.421250343322754,20323200
2005-05-30,2.3882248401641846,12.6875,12.737500190734863,12.506250381469727,12.506250381469727,14633600
2005-05-31,2.365870475769043,12.568750381469727,12.704999923706055,12.538749694824219,12.675000190734863,41654400
2005-06-01,2.4376351833343506,12.949999809265137,12.962499618530273,12.600000381469727,12.600000381469727,35040000
2005-06-02,2.449399948120117,13.012499809265137,13.087499618530273,12.90625,12.948749542236328,36265600
2005-06-03,2.446575880050659,12.9975004196167,13.024999618530273,12.787500381469727,13.012499809265137,22486400
2005-06-06,2.4199881553649902,12.856249809265137,12.912500381469727,12.640000343322754,12.78125,37936000
2005-06-07,2.357635736465454,12.524999618530273,12.737500190734863,12.513750076293945,12.737500190734863,43225600
2005-06-08,2.3599884510040283,12.537500381469727,12.725000381469727,12.488750457763672,12.6875,41046400
2005-06-09,2.381164789199829,12.649999618530273,12.708749771118164,12.362500190734863,12.487500190734863,32803200
2005-06-10,2.3929293155670166,12.712499618530273,12.837499618530273,12.649999618530273,12.649999618530273,19680000
2005-06-13,2.380223512649536,12.645000457763672,12.838749885559082,12.626250267028809,12.75,19622400
2005-06-14,2.423518180847168,12.875,12.897500038146973,12.617500305175781,12.625,48656000
2005-06-15,2.4458706378936768,12.993749618530273,13.0,12.688750267028809,12.875,38112000
2005-06-16,2.4823408126831055,13.1875,13.228750228881836,12.938750267028809,13.0625,39212800
2005-06-17,2.534104824066162,13.462499618530273,13.462499618530273,13.256250381469727,13.375,49289600
2005-06-20,2.5717525482177734,13.662500381469727,13.725000381469727,13.449999809265137,13.487500190734863,69139200
2005-06-21,2.562106132507324,13.611249923706055,13.699999809265137,13.550000190734863,13.6875,39254400
2005-06-22,2.5882229804992676,13.75,13.75,13.475000381469727,13.643750190734863,34265600
2005-06-23,2.54563570022583,13.523750305175781,13.8125,13.498749732971191,13.699999809265137,51094400
2005-06-24,2.5058698654174805,13.3125,13.637499809265137,13.223750114440918,13.5,41712000
2005-06-27,2.607046365737915,13.850000381469727,13.87125015258789,13.166250228881836,13.166250228881836,41648000
2005-06-28,2.5764591693878174,13.6875,13.862500190734863,13.637499809265137,13.850000381469727,35472000
2005-06-29,2.5555171966552734,13.576250076293945,13.78125,13.524999618530273,13.686249732971191,21980800
2005-06-30,2.524693489074707,13.412500381469727,13.706250190734863,13.412500381469727,13.625,23862400
2005-07-01,2.594116449356079,13.523750305175781,13.571249961853027,13.201250076293945,13.362500190734863,23113600
2005-07-04,2.5919580459594727,13.512499809265137,13.523750305175781,13.34000015258789,13.412500381469727,9321600
2005-07-05,2.6207311153411865,13.662500381469727,13.837499618530273,13.4375,13.5,43827200
2005-07-06,2.611379384994507,13.613750457763672,13.800000190734863,13.574999809265137,13.574999809265137,40336000
2005-07-07,2.5559921264648438,13.324999809265137,13.5625,13.276249885559082,13.375,48636800
2005-07-08,2.6017889976501465,13.563750267028809,13.662500381469727,13.381250381469727,13.381250381469727,39017600
2005-07-11,2.589320659637451,13.498749732971191,13.602499961853027,13.449999809265137,13.524999618530273,45228800
2005-07-12,2.6375153064727783,13.75,13.772500038146973,13.511249542236328,13.5625,42825600
2005-07-13,2.6331982612609863,13.727499961853027,13.862500190734863,13.675000190734863,13.727499961853027,29753600
2005-07-14,2.5895602703094482,13.5,13.811249732971191,13.331250190734863,13.811249732971191,41993600
2005-07-15,2.5128326416015625,13.100000381469727,13.425000190734863,13.100000381469727,13.425000190734863,28406400
2005-07-18,2.4960474967956543,13.012499809265137,13.149999618530273,12.949999809265137,13.056249618530273,37862400
2005-07-19,2.50563907623291,13.0625,13.087499618530273,12.899999618530273,13.0024995803833,28892800
2005-07-20,2.5176265239715576,13.125,13.225000381469727,12.949999809265137,12.975000381469727,31520000
2005-07-21,2.5499963760375977,13.293749809265137,13.34375,13.068750381469727,13.229999542236328,20480000
2005-07-22,2.587162494659424,13.487500190734863,13.506250381469727,13.1537504196167,13.293749809265137,41337600
2005-07-25,2.532014846801758,13.199999809265137,13.3125,13.087499618530273,13.25,79244800
2005-07-26,2.5404069423675537,13.243749618530273,13.3125,13.024999618530273,13.0625,23651200
2005-07-27,2.6053850650787354,13.582500457763672,13.582500457763672,13.25,13.518750190734863,30880000
2005-07-28,2.6471056938171387,13.800000190734863,13.898750305175781,13.550000190734863,13.625,38339200
2005-07-29,2.6130576133728027,13.6225004196167,13.8725004196167,13.574999809265137,13.762499809265137,23961600
2005-08-01,2.6672465801239014,13.904999732971191,13.987500190734863,13.537500381469727,13.612500190734863,41206400
2005-08-02,2.7267112731933594,14.21500015258789,14.225000381469727,13.943750381469727,14.100000381469727,32576000
2005-08-03,2.743014335632324,14.300000190734863,14.498749732971191,14.262499809265137,14.265000343322754,40534400
2005-08-04,2.714243173599243,14.149999618530273,14.323749542236328,14.113750457763672,14.1875,25529600
2005-08-05,2.738220453262329,14.274999618530273,14.348750114440918,14.177499771118164,14.25,24860800
2005-08-08,2.789771556854248,14.543749809265137,14.59375,14.292499542236328,14.292499542236328,26275200
2005-08-09,2.8343684673309326,14.776249885559082,14.78125,14.5625,14.757499694824219,35734400
2005-08-10,2.8485167026519775,14.850000381469727,14.987500190734863,14.75,14.875,40403200
2005-08-11,2.8820836544036865,15.024999618530273,15.248749732971191,14.836250305175781,14.962499618530273,46156800
2005-08-12,2.9348337650299072,15.300000190734863,15.300000190734863,14.574999809265137,14.6875,54192000
2005-08-15,2.948981761932373,15.373749732971191,15.5,15.020000457763672,15.262499809265137,68457600
2005-08-16,2.8964717388153076,15.100000381469727,15.4375,15.072500228881836,15.311249732971191,31219200
2005-08-17,2.831732749938965,14.762499809265137,15.225000381469727,14.762499809265137,15.087499618530273,59436800
2005-08-18,2.83293080329895,14.768750190734863,15.041250228881836,14.699999809265137,14.78125,35017600
2005-08-19,2.8724935054779053,14.975000381469727,15.0287504196167,14.5,14.800000190734863,61536000
2005-08-22,2.9300389289855957,15.274999618530273,15.392499923706055,15.026249885559082,15.100000381469727,35251200
2005-08-23,2.884720802307129,15.038749694824219,15.362500190734863,15.016249656677246,15.237500190734863,22512000
2005-08-24,2.966005325317383,15.462499618530273,15.462499618530273,14.899999618530273,14.987500190734863,38854400
2005-08-25,2.977994203567505,15.524999618530273,15.649999618530273,15.401249885559082,15.543749809265137,37936000
2005-08-26,2.920686960220337,15.226249694824219,15.550000190734863,15.149999618530273,15.5,25868800
2005-08-29,2.9851877689361572,15.5625,15.600000381469727,15.399999618530273,15.512499809265137,24675200
2005-08-30,3.043931484222412,15.868749618530273,15.868749618530273,15.587499618530273,15.59000015258789,36636800
2005-08-31,3.1170618534088135,16.25,16.25,15.868749618530273,15.868749618530273,56124800
2005-09-01,3.1170618534088135,16.25,16.25,15.868749618530273,15.868749618530273,40197600
2005-09-02,3.1170618534088135,16.25,16.25,15.868749618530273,15.868749618530273,47359200
2005-09-05,3.1170618534088135,16.25,16.25,15.868749618530273,15.868749618530273,18945600
2005-09-06,3.1170618534088135,16.25,16.25,15.868749618530273,15.868749618530273,42473600
2005-09-08,3.1170618534088135,16.25,16.25,15.868749618530273,15.868749618530273,23563200
2005-09-09,3.2465415000915527,16.924999237060547,16.985000610351562,16.415000915527344,16.424999237060547,9418000
2005-09-12,3.2609283924102783,17.0,17.25,16.950000762939453,17.200000762939453,10099000
2005-09-13,3.227358341217041,16.825000762939453,17.149999618530273,16.825000762939453,17.049999237060547,5296000
2005-09-14,3.278191328048706,17.09000015258789,17.100000381469727,16.829999923706055,16.829999923706055,6401600
2005-09-15,3.291619062423706,17.15999984741211,17.350000381469727,17.145000457763672,17.2450008392334,8779200
2005-09-16,3.334777593612671,17.385000228881836,17.44499969482422,17.049999237060547,17.21500015258789,7562600
2005-09-19,3.4191787242889404,17.825000762939453,17.829999923706055,17.200000762939453,17.30500030517578,10857800
2005-09-20,3.4210963249206543,17.834999084472656,17.899999618530273,17.674999237060547,17.829999923706055,7713000
2005-09-21,3.549614906311035,18.5049991607666,18.5049991607666,17.704999923706055,17.795000076293945,11417400
2005-09-22,3.456583023071289,18.020000457763672,18.7450008392334,17.854999542236328,18.56999969482422,14177400
2005-09-23,3.4316461086273193,17.889999389648438,18.2450008392334,17.764999389648438,18.239999771118164,11019200
2005-09-26,3.376019239425659,17.600000381469727,17.844999313354492,17.2549991607666,17.844999313354492,11002800
2005-09-27,3.4508280754089355,17.989999771118164,17.989999771118164,17.329999923706055,17.545000076293945,9049800
2005-09-28,3.4930288791656494,18.209999084472656,18.325000762939453,18.014999389648438,18.1299991607666,7706400
2005-09-29,3.408627986907959,17.770000457763672,18.3700008392334,17.7549991607666,18.3700008392334,9667600
2005-09-30,3.4191787242889404,17.825000762939453,17.875,17.55500030517578,17.80500030517578,6926400
2005-10-03,3.4527459144592285,18.0,18.05500030517578,17.709999084472656,17.850000381469727,6595400
2005-10-04,3.3184728622436523,17.299999237060547,18.049999237060547,17.274999618530273,18.0,13072200
2005-10-05,3.1410412788391113,16.375,17.34000015258789,16.375,17.295000076293945,14663800
2005-10-06,3.021153450012207,15.75,16.420000076293945,15.375,16.420000076293945,23263800
2005-10-07,3.0403358936309814,15.850000381469727,16.25,15.800000190734863,16.25,14659200
2005-10-10,3.021153450012207,15.75,16.19499969482422,15.649999618530273,16.075000762939453,10170800
2005-10-11,3.07869815826416,16.049999237060547,16.290000915527344,15.899999618530273,16.100000381469727,14073400
2005-10-13,3.0115623474121094,15.699999809265137,15.875,15.274999618530273,15.645000457763672,12846000
2005-10-14,2.9904613494873047,15.59000015258789,16.0,15.199999809265137,16.0,12499000
2005-10-17,3.0825350284576416,16.06999969482422,16.06999969482422,15.675000190734863,15.800000190734863,13854200
2005-10-18,2.9156527519226074,15.199999809265137,16.25,15.199999809265137,16.100000381469727,12697600
2005-10-19,2.9731979370117188,15.5,15.78499984741211,14.949999809265137,15.199999809265137,14468400
2005-10-20,2.8254973888397217,14.729999542236328,15.920000076293945,14.625,14.755000114440918,14815000
2005-10-21,2.9329168796539307,15.289999961853027,15.34000015258789,14.854999542236328,14.989999771118164,8496200
2005-10-24,3.0950045585632324,16.135000228881836,16.135000228881836,15.225000381469727,15.225000381469727,8376400
2005-10-25,3.080617666244507,16.059999465942383,16.350000381469727,15.765000343322754,16.0,7872400
2005-10-26,3.069108486175537,16.0,16.31999969482422,15.649999618530273,15.875,6824400
2005-10-27,2.9789533615112305,15.529999732971191,16.225000381469727,15.505000114440918,16.100000381469727,6469000
2005-10-28,2.987583637237549,15.574999809265137,15.899999618530273,15.574999809265137,15.824999809265137,7585800
2005-10-31,3.089247941970825,16.104999542236328,16.104999542236328,15.574999809265137,15.755000114440918,7234600
2005-11-01,3.1381635665893555,16.360000610351562,16.674999237060547,16.0,16.19499969482422,14807000
2005-11-03,3.2225630283355713,16.799999237060547,16.850000381469727,16.40999984741211,16.5,11580600
2005-11-04,3.1266543865203857,16.299999237060547,16.94499969482422,16.225000381469727,16.68000030517578,10239200
2005-11-07,3.1026768684387207,16.174999237060547,16.649999618530273,15.954999923706055,16.5,9770800
2005-11-08,3.155426502227783,16.450000762939453,16.46500015258789,15.954999923706055,16.274999618530273,7706000
2005-11-09,3.149672269821167,16.420000076293945,16.635000228881836,16.030000686645508,16.594999313354492,10720000
2005-11-10,3.0489675998687744,15.895000457763672,16.489999771118164,15.654999732971191,16.274999618530273,16178600
2005-11-11,2.9588124752044678,15.425000190734863,16.0049991607666,15.255000114440918,15.800000190734863,15222000
2005-11-14,2.981829881668091,15.545000076293945,15.75,14.989999771118164,15.255000114440918,5813000
2005-11-16,3.069108486175537,16.0,16.0,15.425000190734863,15.470000267028809,7005200
2005-11-17,3.118022918701172,16.2549991607666,16.459999084472656,16.104999542236328,16.2549991607666,10254600
2005-11-18,3.136244773864746,16.350000381469727,16.375,16.09000015258789,16.30500030517578,7554000
2005-11-21,3.168855905532837,16.520000457763672,16.524999618530273,16.280000686645508,16.475000381469727,8504200
2005-11-22,3.280109405517578,17.100000381469727,17.100000381469727,16.2549991607666,16.264999389648438,13857600
2005-11-23,3.3136777877807617,17.274999618530273,17.290000915527344,16.975000381469727,17.100000381469727,10116400
2005-11-24,3.284905195236206,17.125,17.309999465942383,17.010000228881836,17.174999237060547,4911600
2005-11-25,3.2868237495422363,17.135000228881836,17.25,17.110000610351562,17.200000762939453,4933800
2005-11-28,3.1659772396087646,16.5049991607666,17.344999313354492,16.5,17.204999923706055,8622000
2005-11-29,3.227358341217041,16.825000762939453,16.84000015258789,16.350000381469727,16.584999084472656,7927600
2005-11-30,3.284905195236206,17.125,17.125,16.524999618530273,16.725000381469727,10154400
2005-12-01,3.356837511062622,17.5,17.549999237060547,17.075000762939453,17.219999313354492,10212800
2005-12-02,3.412464141845703,17.790000915527344,17.940000534057617,17.649999618530273,17.674999237060547,11250000
2005-12-05,3.4038331508636475,17.7450008392334,18.0,17.674999237060547,17.7450008392334,6828600
2005-12-06,3.44315505027771,17.950000762939453,18.049999237060547,17.475000381469727,17.950000762939453,12061200
2005-12-07,3.4172589778900146,17.815000534057617,18.139999389648438,17.774999618530273,17.815000534057617,8718000
2005-12-08,3.4469916820526123,17.969999313354492,18.200000762939453,17.670000076293945,17.969999313354492,9697000
2005-12-09,3.4623372554779053,18.049999237060547,18.125,17.920000076293945,18.049999237060547,4997800
2005-12-12,3.4805593490600586,18.145000457763672,18.44499969482422,18.024999618530273,18.145000457763672,7816200
2005-12-13,3.504538059234619,18.270000457763672,18.375,17.854999542236328,18.270000457763672,8300800
2005-12-14,3.534269094467163,18.424999237060547,18.475000381469727,18.25,18.424999237060547,8352800
2005-12-15,3.4815194606781006,18.149999618530273,18.475000381469727,18.125,18.149999618530273,6051000
2005-12-16,3.4815194606781006,18.149999618530273,18.389999389648438,18.145000457763672,18.149999618530273,7743800
2005-12-19,3.4805593490600586,18.145000457763672,18.350000381469727,18.024999618530273,18.145000457763672,12868800
2005-12-20,3.4815194606781006,18.149999618530273,18.25,17.969999313354492,18.149999618530273,5031600
2005-12-21,3.5304336547851562,18.405000686645508,18.540000915527344,18.25,18.405000686645508,5777800
2005-12-22,3.5390663146972656,18.450000762939453,18.600000381469727,18.3700008392334,18.450000762939453,4700800
2005-12-23,3.515087366104126,18.325000762939453,18.575000762939453,18.200000762939453,18.325000762939453,4432000
2005-12-26,3.504538059234619,18.270000457763672,18.399999618530273,18.219999313354492,18.270000457763672,1655400
2005-12-27,3.4815194606781006,18.149999618530273,18.424999237060547,18.05500030517578,18.149999618530273,5701600
2005-12-28,3.5390663146972656,18.450000762939453,18.485000610351562,18.309999465942383,18.450000762939453,7251800
2005-12-29,3.5687971115112305,18.604999542236328,18.739999771118164,18.459999084472656,18.604999542236328,5867000
2006-01-02,3.7047715187072754,19.045000076293945,19.045000076293945,18.364999771118164,19.045000076293945,5230200
2006-01-03,3.821488618850708,19.645000457763672,19.665000915527344,19.149999618530273,19.645000457763672,11266800
2006-01-04,3.83996844291687,19.739999771118164,19.795000076293945,19.530000686645508,19.739999771118164,9003600
2006-01-05,3.8321869373321533,19.700000762939453,19.885000228881836,19.5049991607666,19.700000762939453,8084000
2006-01-06,3.973220109939575,20.424999237060547,20.44499969482422,19.770000457763672,20.424999237060547,11941200
2006-01-09,3.9722468852996826,20.420000076293945,20.649999618530273,20.18000030517578,20.344999313354492,8782200
2006-01-10,3.9790546894073486,20.454999923706055,20.625,20.225000381469727,20.454999923706055,13541600
2006-01-11,4.114251613616943,21.149999618530273,21.225000381469727,20.604999542236328,20.625,15117800
2006-01-12,4.148293495178223,21.325000762939453,21.795000076293945,20.950000762939453,21.145000457763672,16237800
2006-01-13,4.143431186676025,21.299999237060547,21.6200008392334,21.079999923706055,21.424999237060547,7932600
2006-01-16,4.226105213165283,21.725000381469727,21.895000457763672,21.30500030517578,21.30500030517578,10409800
2006-01-17,4.1628828048706055,21.399999618530273,22.0049991607666,21.125,21.475000381469727,12339600
2006-01-18,4.122032642364502,21.190000534057617,21.325000762939453,20.860000610351562,21.100000381469727,9901600
2006-01-19,4.250421047210693,21.850000381469727,21.989999771118164,21.600000381469727,21.75,10552800
2006-01-20,4.303915977478027,22.125,22.139999389648438,21.704999923706055,21.975000381469727,6858800
2006-01-23,4.347684383392334,22.350000381469727,22.375,21.899999618530273,22.0,7922000
2006-01-24,4.430357456207275,22.774999618530273,23.040000915527344,22.475000381469727,22.475000381469727,10833600
2006-01-25,4.430357456207275,22.774999618530273,22.774999618530273,22.774999618530273,22.774999618530273,0
2006-01-26,4.425495147705078,22.75,22.80500030517578,22.385000228881836,22.625,12571800
2006-01-27,4.375891208648682,22.4950008392334,23.200000762939453,22.434999465942383,23.149999618530273,13650200
2006-01-30,4.506224155426025,23.165000915527344,23.200000762939453,22.399999618530273,22.520000457763672,10331000
2006-01-31,4.5713911056518555,23.5,23.5,22.975000381469727,23.149999618530273,13251000
2006-02-01,4.547075271606445,23.375,23.649999618530273,23.25,23.354999542236328,12117600
2006-02-02,4.347684383392334,22.350000381469727,23.399999618530273,21.899999618530273,23.25,16821000
2006-02-03,4.298079967498779,22.094999313354492,22.725000381469727,21.7549991607666,22.0,12211400
2006-02-06,4.410905838012695,22.674999237060547,22.725000381469727,22.149999618530273,22.584999084472656,10532400
2006-02-07,4.219296455383301,21.690000534057617,22.649999618530273,21.674999237060547,22.575000762939453,10122200
2006-02-08,4.136623382568359,21.264999389648438,21.75,21.05500030517578,21.594999313354492,16351600
2006-02-09,4.104526996612549,21.100000381469727,21.725000381469727,21.020000457763672,21.549999237060547,12686800
2006-02-10,4.022823810577393,20.68000030517578,21.7450008392334,20.5049991607666,21.7450008392334,21443000
2006-02-13,3.9683566093444824,20.399999618530273,21.079999923706055,20.350000381469727,20.645000457763672,13200000
2006-02-14,3.9780831336975098,20.450000762939453,20.719999313354492,20.059999465942383,20.5,17796000
2006-02-15,4.002397537231445,20.575000762939453,21.0,20.405000686645508,20.5,17220600
2006-02-16,4.104526996612549,21.100000381469727,21.649999618530273,20.639999389648438,21.225000381469727,23145200
2006-02-17,4.279600620269775,22.0,22.424999237060547,21.725000381469727,22.024999618530273,17009000
2006-02-20,4.348657608032227,22.354999542236328,22.719999313354492,21.940000534057617,22.325000762939453,18518800
2006-02-21,4.285435676574707,22.030000686645508,22.84000015258789,22.030000686645508,22.700000762939453,11906400
2006-02-22,4.2358317375183105,21.774999618530273,22.350000381469727,21.450000762939453,22.059999465942383,12803800
2006-02-23,4.278626918792725,21.9950008392334,22.024999618530273,21.40999984741211,21.649999618530273,9609600
2006-02-24,4.349630355834961,22.360000610351562,22.5049991607666,22.05500030517578,22.25,7016200
2006-02-27,4.349630355834961,22.360000610351562,22.360000610351562,22.360000610351562,22.360000610351562,0
2006-02-28,4.349630355834961,22.360000610351562,22.360000610351562,22.360000610351562,22.360000610351562,0
2006-03-01,4.3895087242126465,22.565000534057617,22.600000381469727,21.719999313354492,21.93000030517578,9702200
2006-03-02,4.396317005157471,22.600000381469727,22.729999542236328,22.360000610351562,22.575000762939453,10203400
2006-03-03,4.425495147705078,22.75,22.799999237060547,22.264999389648438,22.5049991607666,9549800
2006-03-06,4.303915977478027,22.125,22.809999465942383,22.125,22.799999237060547,10576600
2006-03-07,4.119115352630615,21.174999237060547,21.950000762939453,21.049999237060547,21.950000762939453,19829400
2006-03-08,4.0928521156311035,21.040000915527344,21.350000381469727,20.309999465942383,20.799999237060547,21121000
2006-03-09,3.9780831336975098,20.450000762939453,21.600000381469727,20.350000381469727,21.325000762939453,13700200
2006-03-10,4.008234024047852,20.604999542236328,20.969999313354492,20.309999465942383,20.579999923706055,11997600
2006-03-13,4.053948402404785,20.84000015258789,21.075000762939453,20.575000762939453,20.725000381469727,9868600
2006-03-14,4.232914447784424,21.760000228881836,21.760000228881836,20.450000762939453,21.274999618530273,14922600
2006-03-15,4.286409378051758,22.03499984741211,22.25,21.665000915527344,21.799999237060547,12651200
2006-03-16,4.250421047210693,21.850000381469727,22.200000762939453,21.559999465942383,22.079999923706055,12572600
2006-03-17,4.1628828048706055,21.399999618530273,21.950000762939453,21.274999618530273,21.700000762939453,11002800
2006-03-20,4.226105213165283,21.725000381469727,21.924999237060547,21.454999923706055,21.75,17789200
2006-03-21,4.159965515136719,21.385000228881836,21.799999237060547,21.30500030517578,21.575000762939453,10118000
2006-03-22,4.091880798339844,21.03499984741211,21.549999237060547,20.875,21.424999237060547,20274000
2006-03-23,4.123979091644287,21.200000762939453,21.440000534057617,20.924999237060547,21.25,10026800
2006-03-24,4.128842353820801,21.225000381469727,21.415000915527344,21.1299991607666,21.229999542236328,7070400
2006-03-27,4.143431186676025,21.299999237060547,21.334999084472656,20.924999237060547,20.969999313354492,12877400
2006-03-28,4.057839393615723,20.860000610351562,21.424999237060547,20.860000610351562,21.125,12854000
2006-03-29,4.173582077026367,21.454999923706055,21.575000762939453,20.96500015258789,21.03499984741211,12259000
2006-03-30,4.196926116943359,21.575000762939453,21.735000610351562,21.514999389648438,21.524999618530273,9468000
2006-03-31,4.195952415466309,21.56999969482422,21.6299991607666,21.260000228881836,21.614999771118164,8228800
2006-04-03,4.303915977478027,22.125,22.184999465942383,21.475000381469727,22.1200008392334,12340600
2006-04-04,4.210543632507324,21.645000457763672,22.0,21.610000610351562,21.985000610351562,7550800
2006-04-05,4.289327621459961,22.049999237060547,22.049999237060547,21.475000381469727,21.725000381469727,11744800
2006-04-06,4.318505764007568,22.200000762939453,22.2450008392334,21.934999465942383,22.149999618530273,8970800
2006-04-07,4.26306676864624,21.915000915527344,22.225000381469727,21.815000534057617,22.225000381469727,10843600
2006-04-10,4.269874095916748,21.950000762939453,22.125,21.719999313354492,21.950000762939453,8929600
2006-04-11,4.226105213165283,21.725000381469727,22.19499969482422,21.645000457763672,22.100000381469727,12437400
2006-04-12,4.2212419509887695,21.700000762939453,21.875,21.46500015258789,21.764999389648438,12536400
2006-04-13,4.216377258300781,21.674999237060547,21.75,21.450000762939453,21.649999618530273,7020200
2006-04-14,4.216377258300781,21.674999237060547,21.674999237060547,21.674999237060547,21.674999237060547,0
2006-04-17,4.282516002655029,22.014999389648438,22.03499984741211,21.69499969482422,21.69499969482422,12730200
2006-04-18,4.484827995300293,23.05500030517578,23.05500030517578,22.200000762939453,22.200000762939453,19443600
2006-04-19,4.541239261627197,23.344999313354492,23.399999618530273,22.905000686645508,23.264999389648438,13055600
2006-04-20,4.504280090332031,23.155000686645508,23.545000076293945,22.8799991607666,23.200000762939453,14975600
2006-04-21,4.504280090332031,23.155000686645508,23.155000686645508,23.155000686645508,23.155000686645508,0
2006-04-24,4.47412633895874,23.0,23.549999237060547,23.0,23.5,8721200
2006-04-25,4.473154544830322,22.9950008392334,23.2450008392334,22.774999618530273,23.075000762939453,8245200
2006-04-26,4.5081706047058105,23.174999237060547,23.485000610351562,22.815000534057617,23.350000381469727,12160600
2006-04-27,4.415768146514893,22.700000762939453,23.149999618530273,22.5,22.934999465942383,10507000
2006-04-28,4.496498107910156,23.114999771118164,23.295000076293945,22.739999771118164,22.739999771118164,9521600
2006-05-01,4.496498107910156,23.114999771118164,23.114999771118164,23.114999771118164,23.114999771118164,0
2006-05-02,4.576253890991211,23.524999618530273,23.549999237060547,22.799999237060547,22.799999237060547,17356200
2006-05-03,4.566527366638184,23.475000381469727,23.5049991607666,22.959999084472656,23.5049991607666,12820400
2006-05-04,4.522760391235352,23.25,23.700000762939453,23.155000686645508,23.350000381469727,13905600
2006-05-05,4.618076801300049,23.739999771118164,23.799999237060547,23.204999923706055,23.204999923706055,14439400
2006-05-08,4.625858783721924,23.780000686645508,23.850000381469727,23.424999237060547,23.549999237060547,11440800
2006-05-09,4.625858783721924,23.780000686645508,24.114999771118164,23.68000030517578,23.68000030517578,652017984
2006-05-10,4.683243751525879,24.075000762939453,24.049999237060547,23.760000228881836,24.0,470056352
2006-05-11,4.664762496948242,23.979999542236328,24.19499969482422,23.655000686645508,24.094999313354492,679820480
2006-05-12,4.606406211853027,23.68000030517578,23.600000381469727,23.25,23.325000762939453,651535232
2006-05-15,4.561664581298828,23.450000762939453,23.4950008392334,22.399999618530273,23.25,1336049152
2006-05-16,4.444949150085449,22.850000381469727,23.295000076293945,22.604999542236328,23.125,671452672
2006-05-17,4.47412633895874,23.0,23.075000762939453,22.0049991607666,22.725000381469727,601421120
2006-05-18,4.229996204376221,21.7450008392334,22.4950008392334,21.655000686645508,22.4950008392334,17677400
2006-05-19,4.20957088470459,21.639999389648438,22.149999618530273,21.110000610351562,22.030000686645508,14006800
2006-05-22,4.181363582611084,21.4950008392334,21.600000381469727,20.600000381469727,21.075000762939453,15664600
2006-05-23,4.181363582611084,21.4950008392334,22.25,21.0,21.704999923706055,751995008
2006-05-24,4.13370418548584,21.25,21.700000762939453,20.8799991607666,21.350000381469727,775588864
2006-05-25,4.172611713409424,21.450000762939453,21.850000381469727,21.299999237060547,21.729999542236328,743515072
2006-05-26,4.224160194396973,21.71500015258789,22.549999237060547,21.774999618530273,22.0,658253824
2006-05-29,4.352548122406006,22.375,22.75,22.299999237060547,22.5,4725800
2006-05-30,4.352548122406006,22.375,22.299999237060547,21.625,22.200000762939453,596815424
2006-05-31,4.240695476531982,21.799999237060547,22.149999618530273,21.719999313354492,21.825000762939453,773726208
2006-06-01,4.279600620269775,22.0,22.145000457763672,21.674999237060547,22.030000686645508,614610816
2006-06-02,4.298079967498779,22.094999313354492,22.565000534057617,22.049999237060547,22.399999618530273,718477760
2006-06-05,4.345738410949707,22.34000015258789,22.450000762939453,21.450000762939453,22.440000534057617,436184448
2006-06-06,4.183309078216553,21.5049991607666,21.579999923706055,20.854999542236328,21.399999618530273,598332160
2006-06-07,4.138566970825195,21.274999618530273,21.375,20.274999618530273,21.375,704318400
2006-06-08,3.944040060043335,20.274999618530273,20.350000381469727,19.325000762939453,20.239999771118164,721497920
2006-06-09,3.9187514781951904,20.145000457763672,20.69499969482422,19.690000534057617,20.59000015258789,654011712
2006-06-12,3.830242156982422,19.690000534057617,20.0,19.0,19.905000686645508,576095104
2006-06-13,3.6960198879241943,19.0,19.0,18.15999984741211,18.75,825067072
2006-06-14,3.5501222610473633,18.25,19.049999237060547,18.204999923706055,18.424999237060547,887050304
2006-06-15,3.5501222610473633,18.25,18.25,18.25,18.25,0
2006-06-16,3.705742597579956,19.049999237060547,20.364999771118164,19.475000381469727,19.80500030517578,641583552
2006-06-19,3.919724464416504,20.149999618530273,20.299999237060547,19.3700008392334,20.25,692431744
2006-06-20,3.824406385421753,19.65999984741211,20.03499984741211,19.524999618530273,19.670000076293945,407442400
2006-06-21,3.822460174560547,19.649999618530273,20.420000076293945,19.450000762939453,19.75,459848832
2006-06-22,3.9313950538635254,20.209999084472656,20.459999084472656,20.0,20.25,259786896
2006-06-23,3.9255597591400146,20.18000030517578,20.774999618530273,19.834999084472656,20.104999542236328,448751744
2006-06-26,3.99169921875,20.520000457763672,20.645000457763672,20.354999542236328,20.575000762939453,8009600
2006-06-27,3.99169921875,20.520000457763672,20.825000762939453,20.299999237060547,20.520000457763672,253568672
2006-06-28,3.949875831604004,20.30500030517578,20.71500015258789,20.399999618530273,20.399999618530273,391424544
2006-06-29,4.026714324951172,20.700000762939453,21.549999237060547,20.799999237060547,20.815000534057617,627573632
2006-06-30,4.182336330413818,21.5,21.924999237060547,21.40999984741211,21.625,588345600
2006-07-03,4.199842929840088,21.59000015258789,21.94499969482422,21.225000381469727,21.5,591976256
2006-07-04,4.240695476531982,21.799999237060547,21.950000762939453,21.575000762939453,21.799999237060547,228591552
2006-07-05,4.222214698791504,21.704999923706055,21.614999771118164,21.05500030517578,21.399999618530273,546497024
2006-07-06,4.1628828048706055,21.399999618530273,21.700000762939453,21.424999237060547,21.549999237060547,562186752
2006-07-07,4.196926116943359,21.575000762939453,21.725000381469727,21.260000228881836,21.725000381469727,515231104
2006-07-10,4.1628828048706055,21.399999618530273,21.475000381469727,21.110000610351562,21.40999984741211,321354048
2006-07-11,4.145376205444336,21.309999465942383,22.0,21.100000381469727,21.299999237060547,645736256
2006-07-12,4.259175777435303,21.895000457763672,22.170000076293945,21.825000762939453,21.875,549870208
2006-07-13,4.2611212730407715,21.905000686645508,21.899999618530273,21.600000381469727,21.75,398954624
2006-07-14,4.240695476531982,21.799999237060547,22.15999984741211,21.850000381469727,21.885000228881836,550678592
2006-07-17,4.114251613616943,21.149999618530273,22.145000457763672,21.075000762939453,21.969999313354492,17494400
2006-07-18,4.119115352630615,21.174999237060547,22.145000457763672,21.075000762939453,21.969999313354492,726239168
2006-07-19,4.119115352630615,21.174999237060547,21.850000381469727,21.05500030517578,21.25,589344448
2006-07-20,4.119115352630615,21.174999237060547,22.065000534057617,21.174999237060547,21.860000610351562,8777200
2006-07-21,4.119115352630615,21.174999237060547,21.450000762939453,20.950000762939453,21.309999465942383,289852928
2006-07-24,4.085073947906494,21.0,21.860000610351562,21.0,21.274999618530273,316306272
2006-07-25,4.279600620269775,22.0,22.075000762939453,21.55500030517578,21.950000762939453,9534800
2006-07-26,4.30002498626709,22.104999542236328,22.25,21.860000610351562,22.125,6642800
2006-07-27,4.351576805114746,22.3700008392334,22.5,22.1299991607666,22.229999542236328,8323600
2006-07-28,4.351576805114746,22.3700008392334,22.635000228881836,22.274999618530273,22.450000762939453,347609440
2006-07-31,4.386590003967285,22.549999237060547,22.56999969482422,22.399999618530273,22.43000030517578,242254960
2006-08-01,4.3671369552612305,22.450000762939453,22.645000457763672,22.200000762939453,22.299999237060547,690284928
2006-08-02,4.377835750579834,22.5049991607666,22.915000915527344,22.559999465942383,22.575000762939453,441925792
2006-08-03,4.444949150085449,22.850000381469727,23.114999771118164,22.610000610351562,22.75,412657760
2006-08-04,4.466346263885498,22.959999084472656,23.290000915527344,22.725000381469727,23.18000030517578,531521024
2006-08-07,4.443975448608398,22.844999313354492,23.200000762939453,22.735000610351562,22.924999237060547,333003840
2006-08-08,4.498443126678467,23.125,23.264999389648438,22.975000381469727,23.135000228881836,395445184
2006-08-09,4.493579387664795,23.100000381469727,23.31999969482422,22.850000381469727,23.25,510045856
2006-08-10,4.459538459777832,22.924999237060547,22.9950008392334,22.649999618530273,22.780000686645508,405887328
2006-08-11,4.415768146514893,22.700000762939453,23.075000762939453,22.604999542236328,22.93000030517578,7984400
2006-08-14,4.415768146514893,22.700000762939453,22.799999237060547,22.125,22.700000762939453,449955808
2006-08-15,4.309750080108643,22.155000686645508,22.850000381469727,22.204999923706055,22.350000381469727,536614816
2006-08-16,4.396317005157471,22.600000381469727,22.815000534057617,22.524999618530273,22.7450008392334,647443904
2006-08-17,4.405068397521973,22.645000457763672,22.649999618530273,22.05500030517578,22.600000381469727,514170560
2006-08-18,4.313643455505371,22.174999237060547,22.44499969482422,22.014999389648438,22.19499969482422,423109984
2006-08-21,4.366164684295654,22.44499969482422,22.524999618530273,22.174999237060547,22.389999389648438,542870016
2006-08-22,4.313643455505371,22.174999237060547,22.350000381469727,22.024999618530273,22.229999542236328,470347648
2006-08-23,4.303915977478027,22.125,22.149999618530273,21.399999618530273,22.100000381469727,469001792
2006-08-24,4.167747497558594,21.424999237060547,21.850000381469727,21.165000915527344,21.514999389648438,552485312
2006-08-25,4.211514949798584,21.649999618530273,21.950000762939453,21.674999237060547,21.850000381469727,321769920
2006-08-28,4.269874095916748,21.950000762939453,21.875,21.6299991607666,21.75,403857920
2006-08-29,4.245558738708496,21.825000762939453,21.989999771118164,21.40999984741211,21.829999923706055,322645920
2006-08-30,4.196926116943359,21.575000762939453,21.725000381469727,21.18000030517578,21.649999618530273,437289376
2006-08-31,4.192062854766846,21.549999237060547,21.829999923706055,21.354999542236328,21.7450008392334,499292576
2006-09-01,4.182336330413818,21.5,22.049999237060547,21.524999618530273,21.649999618530273,451953696
2006-09-04,4.267928123474121,21.940000534057617,22.200000762939453,21.80500030517578,22.0,334187744
2006-09-05,4.2961344718933105,22.084999084472656,22.045000076293945,21.75,21.975000381469727,410875776
2006-09-06,4.241665840148926,21.80500030517578,21.725000381469727,21.174999237060547,21.700000762939453,518021152
2006-09-07,4.241665840148926,21.80500030517578,21.80500030517578,21.80500030517578,21.80500030517578,0
2006-09-08,4.120087623596191,21.18000030517578,21.1299991607666,20.524999618530273,21.049999237060547,538894272
2006-09-11,3.8681747913360596,19.885000228881836,20.364999771118164,19.655000686645508,20.364999771118164,22262600
2006-09-12,3.8710925579071045,19.899999618530273,20.09000015258789,19.475000381469727,19.950000762939453,20999600
2006-09-13,3.959604501724243,20.354999542236328,20.594999313354492,19.709999084472656,20.420000076293945,21136400
2006-09-14,3.8613669872283936,19.850000381469727,20.5049991607666,19.764999389648438,20.350000381469727,13457800
2006-09-15,3.8273239135742188,19.674999237060547,20.049999237060547,19.350000381469727,19.950000762939453,20027600
2006-09-18,3.950848340988159,20.309999465942383,20.334999084472656,19.700000762939453,19.825000762939453,19540000
2006-09-19,3.862338066101074,19.854999542236328,20.420000076293945,19.790000915527344,20.274999618530273,16813600
2006-09-20,3.7611846923828125,19.334999084472656,20.05500030517578,19.125,19.899999618530273,17876800
2006-09-21,3.7611846923828125,19.334999084472656,20.05500030517578,19.125,19.899999618530273,17928200
2006-09-22,3.749511957168579,19.274999618530273,19.59000015258789,19.100000381469727,19.405000686645508,19905200
2006-09-25,3.72519588470459,19.149999618530273,19.2450008392334,18.575000762939453,19.049999237060547,19998600
2006-09-26,3.7427051067352295,19.239999771118164,19.2450008392334,18.575000762939453,19.049999237060547,20018800
2006-09-27,3.807870388031006,19.575000762939453,19.674999237060547,19.200000762939453,19.225000381469727,18582600
2006-09-28,3.8905465602874756,20.0,20.100000381469727,19.424999237060547,19.600000381469727,18235000
2006-09-29,3.945014238357544,20.280000686645508,20.489999771118164,19.969999313354492,19.969999313354492,15924800
2006-10-02,3.940147876739502,20.2549991607666,20.674999237060547,20.235000610351562,20.5,14042400
2006-10-03,3.783555030822754,19.450000762939453,20.125,19.3799991607666,20.075000762939453,17937000
2006-10-04,3.9002716541290283,20.049999237060547,20.059999465942383,19.15999984741211,19.520000457763672,26126400
2006-10-05,3.898326873779297,20.040000915527344,20.479999542236328,19.875,20.350000381469727,19953200
2006-10-06,3.9129152297973633,20.114999771118164,20.200000762939453,19.760000228881836,19.8700008392334,12535000
2006-10-09,3.977109909057617,20.44499969482422,20.725000381469727,19.94499969482422,20.0,19412600
2006-10-10,3.9887819290161133,20.5049991607666,20.584999084472656,20.260000228881836,20.375,14158600
2006-10-11,3.9566845893859863,20.34000015258789,20.524999618530273,20.2549991607666,20.424999237060547,12950800
2006-10-12,3.9566845893859863,20.34000015258789,20.34000015258789,20.34000015258789,20.34000015258789,0
2006-10-13,4.051032543182373,20.825000762939453,20.905000686645508,20.610000610351562,20.75,12384200
2006-10-16,4.085073947906494,21.0,21.1200008392334,20.610000610351562,20.81999969482422,20038800
2006-10-17,4.025742530822754,20.69499969482422,21.040000915527344,20.649999618530273,20.975000381469727,11841600
2006-10-18,3.993644952774048,20.530000686645508,20.975000381469727,20.434999465942383,20.875,14129200
2006-10-19,4.060755729675293,20.875,20.90999984741211,20.28499984741211,20.649999618530273,12212200
2006-10-20,4.009207248687744,20.610000610351562,20.959999084472656,20.399999618530273,20.899999618530273,13027200
2006-10-23,4.004343032836914,20.584999084472656,20.59000015258789,20.149999618530273,20.424999237060547,15726000
2006-10-24,4.074373722076416,20.94499969482422,20.9950008392334,20.375,20.46500015258789,14468200
2006-10-25,4.202761650085449,21.604999542236328,21.68000030517578,20.899999618530273,20.96500015258789,19901600
2006-10-26,4.211514949798584,21.649999618530273,21.899999618530273,21.40999984741211,21.700000762939453,14319400
2006-10-27,4.196926116943359,21.575000762939453,21.875,21.5,21.575000762939453,10344200
2006-10-30,4.143431186676025,21.299999237060547,21.530000686645508,21.209999084472656,21.475000381469727,10516400
2006-10-31,4.193035125732422,21.55500030517578,21.625,21.1299991607666,21.395000457763672,12480000
2006-11-01,4.227041244506836,21.225000381469727,21.450000762939453,21.049999237060547,21.200000762939453,13337800
2006-11-02,4.227041244506836,21.225000381469727,21.225000381469727,21.225000381469727,21.225000381469727,0
2006-11-03,4.301722526550293,21.600000381469727,21.600000381469727,21.21500015258789,21.25,11002800
2006-11-06,4.391343116760254,22.049999237060547,22.049999237060547,21.600000381469727,21.674999237060547,12594400
2006-11-07,4.351511478424072,21.850000381469727,22.21500015258789,21.799999237060547,21.950000762939453,12313200
2006-11-08,4.446109294891357,22.325000762939453,22.329999923706055,21.604999542236328,21.725000381469727,13851000
2006-11-09,4.462041854858398,22.405000686645508,22.75,22.200000762939453,22.510000228881836,20211600
2006-11-10,4.4859418869018555,22.524999618530273,22.725000381469727,22.125,22.399999618530273,14801400
2006-11-13,4.391343116760254,22.049999237060547,22.334999084472656,21.975000381469727,22.094999313354492,15715000
2006-11-14,4.436151504516602,22.274999618530273,22.475000381469727,21.96500015258789,22.1299991607666,16421000
2006-11-15,4.436151504516602,22.274999618530273,22.274999618530273,22.274999618530273,22.274999618530273,0
2006-11-16,4.3684401512146,21.934999465942383,22.540000915527344,21.84000015258789,22.440000534057617,18142000
2006-11-17,4.3315958976745605,21.75,21.75,21.424999237060547,21.579999923706055,19650400
2006-11-20,4.3315958976745605,21.75,21.75,21.75,21.75,0
2006-11-21,4.424202919006348,22.21500015258789,22.21500015258789,21.690000534057617,21.799999237060547,20428000
2006-11-22,4.430177688598633,22.2450008392334,22.450000762939453,21.829999923706055,22.325000762939453,14634800
2006-11-23,4.401299953460693,22.100000381469727,22.389999389648438,22.059999465942383,22.18000030517578,6315600
2006-11-24,4.411259174346924,22.149999618530273,22.31999969482422,21.924999237060547,21.950000762939453,10380000
2006-11-27,4.374414920806885,21.96500015258789,22.299999237060547,21.799999237060547,22.05500030517578,12179400
2006-11-28,4.409267425537109,22.139999389648438,22.190000534057617,21.75,22.0,12359800
2006-11-29,4.53174352645874,22.7549991607666,22.825000762939453,22.200000762939453,22.200000762939453,22273600
2006-11-30,4.561619758605957,22.905000686645508,23.075000762939453,22.719999313354492,22.78499984741211,14441200
2006-12-01,4.530750751495361,22.75,22.875,22.5,22.809999465942383,11316200
2006-12-04,4.596472263336182,23.079999923706055,23.110000610351562,22.5,22.520000457763672,11676800
2006-12-05,4.630328178405762,23.25,23.5,23.149999618530273,23.149999618530273,18832200
2006-12-06,4.605433940887451,23.125,23.545000076293945,23.079999923706055,23.149999618530273,13825000
2006-12-07,4.650242328643799,23.350000381469727,23.524999618530273,23.100000381469727,23.44499969482422,12783000
2006-12-08,4.70003080368042,23.600000381469727,23.69499969482422,23.280000686645508,23.350000381469727,15085600
2006-12-11,4.689077377319336,23.545000076293945,23.725000381469727,23.475000381469727,23.649999618530273,7732000
2006-12-12,4.6701579093933105,23.450000762939453,23.665000915527344,23.350000381469727,23.5,10283400
2006-12-13,4.6701579093933105,23.450000762939453,23.549999237060547,23.18000030517578,23.540000915527344,20643400
2006-12-14,4.702022075653076,23.610000610351562,23.700000762939453,23.5049991607666,23.575000762939453,15626800
2006-12-15,4.701026439666748,23.604999542236328,23.854999542236328,23.5,23.670000076293945,16986600
2006-12-18,4.719947338104248,23.700000762939453,24.174999237060547,23.625,23.80500030517578,23094000
2006-12-19,4.754799842834473,23.875,23.875,23.3799991607666,23.625,14856000
2006-12-20,4.783675193786621,24.020000457763672,24.020000457763672,23.3799991607666,23.625,15041000
2006-12-21,4.814544200897217,24.174999237060547,24.325000762939453,23.90999984741211,24.079999923706055,9701600
2006-12-22,4.796621799468994,24.084999084472656,24.274999618530273,24.010000228881836,24.239999771118164,6057800
2006-12-26,4.8374481201171875,24.290000915527344,24.295000076293945,24.110000610351562,24.155000686645508,6841000
2006-12-27,4.948974132537842,24.850000381469727,24.924999237060547,24.25,24.325000762939453,11191000
2006-12-28,4.958930492401123,24.899999618530273,24.979999542236328,24.625,24.700000762939453,8705400
2007-01-02,5.056401252746582,25.15999984741211,25.225000381469727,24.8799991607666,25.0,10244800
2007-01-03,4.902659893035889,24.395000457763672,25.200000762939453,24.0049991607666,25.079999923706055,19898600
2007-01-04,4.793131351470947,23.850000381469727,24.375,23.700000762939453,24.25,21060200
2007-01-05,4.647428035736084,23.125,23.9950008392334,22.549999237060547,23.600000381469727,24864000
2007-01-08,4.701689720153809,23.395000457763672,23.56999969482422,22.899999618530273,23.25,19440200
2007-01-09,4.557994842529297,22.68000030517578,23.19499969482422,22.30500030517578,22.985000610351562,25883600
2007-01-10,4.546942710876465,22.625,22.6299991607666,22.149999618530273,22.375,20943200
2007-01-11,4.539908409118652,22.59000015258789,23.21500015258789,22.3799991607666,22.450000762939453,23840800
2007-01-12,4.5429229736328125,22.604999542236328,22.80500030517578,22.399999618530273,22.649999618530273,21208000
2007-01-15,4.510767459869385,22.44499969482422,22.924999237060547,22.44499969482422,22.795000076293945,13838800
2007-01-16,4.450479030609131,22.145000457763672,22.329999923706055,22.0,22.264999389648438,17589000
2007-01-17,4.427366256713867,22.030000686645508,22.25,21.799999237060547,22.125,22244200
2007-01-18,4.356021881103516,21.674999237060547,22.375,21.600000381469727,22.239999771118164,25188400
2007-01-19,4.555987358093262,22.670000076293945,22.674999237060547,21.774999618530273,21.864999771118164,18708200
2007-01-22,4.549957752227783,22.639999389648438,22.895000457763672,22.415000915527344,22.75,15277800
2007-01-23,4.6926445960998535,23.350000381469727,23.399999618530273,22.559999465942383,22.649999618530273,17696800
2007-01-24,4.732839107513428,23.549999237060547,23.604999542236328,23.024999618530273,23.450000762939453,16759800
2007-01-26,4.672550678253174,23.25,23.30500030517578,23.020000457763672,23.104999542236328,11790800
2007-01-29,4.632354736328125,23.049999237060547,23.25,22.635000228881836,23.079999923706055,8859600
2007-01-30,4.55297327041626,22.655000686645508,23.25,22.635000228881836,23.25,8907600
2007-01-31,4.7097296714782715,23.434999465942383,23.434999465942383,22.860000610351562,23.18000030517578,18260200
2007-02-01,4.696665287017822,23.3700008392334,23.6299991607666,23.28499984741211,23.594999313354492,14482800
2007-02-02,4.7459025382995605,23.614999771118164,23.725000381469727,23.225000381469727,23.395000457763672,15806800
2007-02-05,4.719775676727295,23.485000610351562,23.799999237060547,23.434999465942383,23.594999313354492,11740400
2007-02-06,4.648433208465576,23.1299991607666,23.690000534057617,22.975000381469727,23.684999465942383,21643600
2007-02-07,4.5127787590026855,22.454999923706055,23.174999237060547,22.329999923706055,23.174999237060547,28921200
2007-02-08,4.582111835479736,22.799999237060547,22.850000381469727,22.18000030517578,22.420000076293945,19359400
2007-02-09,4.501725673675537,22.399999618530273,22.950000762939453,22.34000015258789,22.799999237060547,20284200
2007-02-12,4.446457862854004,22.125,22.5,22.03499984741211,22.5,23593400
2007-02-13,4.5278496742248535,22.530000686645508,22.530000686645508,22.0049991607666,22.100000381469727,21734800
2007-02-14,4.537899971008301,22.579999923706055,22.610000610351562,22.0049991607666,22.100000381469727,21831400
2007-02-15,4.451481819152832,22.149999618530273,22.639999389648438,22.075000762939453,22.354999542236328,18078400
2007-02-16,4.454498291015625,22.165000915527344,22.2450008392334,21.905000686645508,22.1200008392334,10370400
2007-02-21,4.451481819152832,22.149999618530273,22.149999618530273,21.799999237060547,21.9950008392334,12532200
2007-02-22,4.530864715576172,22.545000076293945,22.600000381469727,22.225000381469727,22.350000381469727,17494000
2007-02-23,4.565031051635742,22.71500015258789,22.940000534057617,22.645000457763672,22.649999618530273,20153200
2007-02-26,4.583117961883545,22.80500030517578,22.9950008392334,22.725000381469727,22.954999923706055,14825800
2007-02-27,4.583117961883545,22.80500030517578,22.9950008392334,22.725000381469727,22.954999923706055,14866800
2007-02-28,4.308794021606445,21.440000534057617,21.75,21.260000228881836,21.549999237060547,23119400
2007-03-01,4.258551120758057,21.190000534057617,21.325000762939453,20.450000762939453,21.075000762939453,30218200
2007-03-02,4.13495397567749,20.575000762939453,21.149999618530273,20.510000228881836,20.989999771118164,24024600
2007-03-05,4.036479473114014,20.084999084472656,20.325000762939453,19.854999542236328,20.030000686645508,19718600
2007-03-06,4.206298828125,20.93000030517578,20.969999313354492,20.549999237060547,20.735000610351562,17531000
2007-03-07,4.145003318786621,20.625,21.200000762939453,20.600000381469727,20.94499969482422,23444200
2007-03-08,4.255536079406738,21.174999237060547,21.25,20.950000762939453,21.024999618530273,16126600
2007-03-09,4.2565412521362305,21.18000030517578,21.25,20.950000762939453,21.024999618530273,16144400
2007-03-12,4.210318088531494,20.950000762939453,21.200000762939453,20.915000915527344,21.024999618530273,11993400
2007-03-13,4.13495397567749,20.575000762939453,21.045000076293945,20.549999237060547,20.774999618530273,21958200
2007-03-14,4.156055450439453,20.68000030517578,20.75,20.125,20.5,19467400
2007-03-15,4.108828544616699,20.44499969482422,20.7450008392334,20.350000381469727,20.610000610351562,18463800
2007-03-16,4.059590816497803,20.200000762939453,20.790000915527344,20.110000610351562,20.44499969482422,15259400
2007-03-19,4.130936145782471,20.55500030517578,20.6200008392334,20.28499984741211,20.299999237060547,13864400
2007-03-20,4.210318088531494,20.950000762939453,21.03499984741211,20.565000534057617,20.600000381469727,16377800
2007-03-21,4.355017185211182,21.670000076293945,21.700000762939453,21.049999237060547,21.049999237060547,22809400
2007-03-22,4.421337604522705,22.0,22.225000381469727,21.80500030517578,21.80500030517578,18773000
2007-03-23,4.446457862854004,22.125,22.2450008392334,21.825000762939453,22.075000762939453,11947000
2007-03-26,4.486651420593262,22.325000762939453,22.360000610351562,21.915000915527344,22.174999237060547,14424000
2007-03-27,4.462534427642822,22.204999923706055,22.344999313354492,22.010000228881836,22.260000228881836,11266400
2007-03-28,4.441433906555176,22.100000381469727,22.385000228881836,22.0,22.145000457763672,18023000
2007-03-29,4.650442600250244,23.139999389648438,23.2450008392334,22.25,22.25,44293400
2007-03-30,4.64441442489624,23.110000610351562,23.399999618530273,22.799999237060547,23.155000686645508,26706000
2007-04-02,4.624316215515137,23.010000228881836,23.1200008392334,22.850000381469727,22.9950008392334,12539800
2007-04-03,4.59703254699707,22.69499969482422,23.075000762939453,22.610000610351562,23.0,21303000
2007-04-04,4.64362096786499,22.924999237060547,23.09000015258789,22.489999771118164,22.700000762939453,21618600
2007-04-05,4.679068565368652,23.100000381469727,23.235000610351562,22.854999542236328,22.920000076293945,12523200
2007-04-09,4.661849498748779,23.014999389648438,23.424999237060547,23.014999389648438,23.25,20327200
2007-04-10,4.729706287384033,23.350000381469727,23.375,22.899999618530273,23.040000915527344,17817000
2007-04-11,4.668938636779785,23.049999237060547,23.594999313354492,22.899999618530273,23.43000030517578,17109400
2007-04-12,4.734770774841309,23.375,23.469999313354492,22.924999237060547,22.975000381469727,17256400
2007-04-13,4.826933860778809,23.829999923706055,24.0049991607666,23.43000030517578,23.5,26665800
2007-04-16,4.913022041320801,24.2549991607666,24.395000457763672,24.0049991607666,24.0049991607666,23514200
2007-04-17,4.8360490798950195,23.875,24.5,23.7549991607666,23.954999923706055,18877200
2007-04-18,4.799588203430176,23.69499969482422,23.9950008392334,23.625,23.75,20463600
2007-04-19,4.729706287384033,23.350000381469727,23.415000915527344,23.149999618530273,23.2549991607666,18209200
2007-04-20,4.760090351104736,23.5,23.700000762939453,23.174999237060547,23.469999313354492,19975400
2007-04-23,4.725656032562256,23.329999923706055,23.549999237060547,23.264999389648438,23.549999237060547,10421800
2007-04-24,4.680080413818359,23.104999542236328,23.375,22.934999465942383,23.350000381469727,14271200
2007-04-25,4.809717178344727,23.7450008392334,23.969999313354492,23.2450008392334,23.475000381469727,18216000
2007-04-26,4.708439826965332,23.2450008392334,23.950000762939453,23.219999313354492,23.899999618530273,16566400
2007-04-27,4.70033597946167,23.204999923706055,23.204999923706055,22.790000915527344,23.049999237060547,16703800
2007-04-30,4.577787399291992,22.600000381469727,23.299999237060547,22.600000381469727,23.200000762939453,13510600
2007-05-02,4.619314193725586,22.80500030517578,22.899999618530273,22.6299991607666,22.899999618530273,17926800
2007-05-03,4.618300437927246,22.799999237060547,22.899999618530273,22.6299991607666,22.899999618530273,17975200
2007-05-04,4.677041530609131,23.09000015258789,23.229999542236328,22.854999542236328,22.93000030517578,18045200
2007-05-07,4.559558868408203,22.510000228881836,22.950000762939453,22.5,22.950000762939453,15227800
2007-05-08,4.567659854888916,22.549999237060547,22.75,22.075000762939453,22.440000534057617,24987800
2007-05-09,4.567659854888916,22.549999237060547,22.75,22.075000762939453,22.440000534057617,25086600
2007-05-10,4.501830101013184,22.225000381469727,22.75,22.139999389648438,22.649999618530273,21519000
2007-05-11,4.537278652191162,22.399999618530273,22.899999618530273,22.30500030517578,22.399999618530273,16502000
2007-05-14,4.5798139572143555,22.610000610351562,22.80500030517578,22.274999618530273,22.274999618530273,20119600
2007-05-15,4.5636091232299805,22.530000686645508,22.774999618530273,22.450000762939453,22.690000534057617,16376200
2007-05-16,4.667928218841553,23.045000076293945,23.094999313354492,22.46500015258789,22.600000381469727,19845600
2007-05-17,4.682106971740723,23.114999771118164,23.299999237060547,22.854999542236328,23.084999084472656,23432400
2007-05-18,4.708439826965332,23.2450008392334,23.299999237060547,22.93000030517578,23.18000030517578,20230200
2007-05-21,4.752999782562256,23.46500015258789,23.639999389648438,23.084999084472656,23.31999969482422,26753600
2007-05-22,4.739835739135742,23.399999618530273,23.559999465942383,23.299999237060547,23.46500015258789,14061400
2007-05-23,4.7702178955078125,23.549999237060547,23.850000381469727,23.475000381469727,23.549999237060547,24293600
2007-05-24,4.666913986206055,23.040000915527344,23.895000457763672,22.899999618530273,23.579999923706055,23879800
2007-05-25,4.729706287384033,23.350000381469727,23.434999465942383,23.100000381469727,23.274999618530273,11769800
2007-05-28,4.756039142608643,23.479999542236328,23.55500030517578,23.299999237060547,23.354999542236328,5787600
2007-05-29,4.669954776763916,23.05500030517578,23.579999923706055,23.0,23.5,16254400
2007-05-30,4.726668357849121,23.334999084472656,23.389999389648438,22.549999237060547,22.649999618530273,18217000
2007-05-31,4.668938636779785,23.049999237060547,23.489999771118164,22.969999313354492,23.399999618530273,15828000
2007-06-01,4.759077548980713,23.4950008392334,23.584999084472656,23.1299991607666,23.25,15547200
2007-06-04,4.809717178344727,23.7450008392334,23.899999618530273,23.25,23.325000762939453,21481000
2007-06-05,4.8461785316467285,23.924999237060547,24.145000457763672,23.75,23.790000915527344,20596200
2007-06-06,4.750974178314209,23.454999923706055,23.889999389648438,23.454999923706055,23.850000381469727,14871400
2007-06-08,4.800602436065674,23.700000762939453,23.850000381469727,23.125,23.149999618530273,15221200
2007-06-11,4.861367702484131,24.0,24.100000381469727,23.649999618530273,23.850000381469727,19942200
2007-06-12,4.85326623916626,23.959999084472656,24.100000381469727,23.649999618530273,23.850000381469727,19975000
2007-06-13,4.977838039398193,24.575000762939453,24.75,24.149999618530273,24.2450008392334,31040000
2007-06-14,5.058860778808594,24.975000381469727,25.09000015258789,24.649999618530273,24.739999771118164,31804800
2007-06-15,5.139884948730469,25.375,25.5,25.125,25.299999237060547,30022200
2007-06-18,5.145963191986084,25.405000686645508,25.594999313354492,25.325000762939453,25.4950008392334,25349200
2007-06-19,5.227997303009033,25.809999465942383,25.975000381469727,25.34000015258789,25.395000457763672,14632600
2007-06-20,5.135834693908691,25.354999542236328,26.049999237060547,25.350000381469727,25.94499969482422,24466600
2007-06-21,5.194575786590576,25.645000457763672,25.799999237060547,25.399999618530273,25.5,14508200
2007-06-22,5.173305988311768,25.540000915527344,25.75,25.450000762939453,25.655000686645508,12251400
2007-06-25,5.175332546234131,25.549999237060547,25.799999237060547,25.149999618530273,25.639999389648438,18375000
2007-06-26,5.134820461273193,25.350000381469727,25.75,25.25,25.639999389648438,11775200
2007-06-27,5.1844482421875,25.594999313354492,25.639999389648438,25.149999618530273,25.25,15079600
2007-06-28,5.185459613800049,25.600000381469727,25.889999389648438,25.524999618530273,25.649999618530273,13258000
2007-06-29,5.229009628295898,25.815000534057617,26.024999618530273,25.5049991607666,25.7450008392334,13811400
2007-07-02,5.349531173706055,26.40999984741211,26.40999984741211,25.80500030517578,25.899999618530273,12811800
2007-07-03,5.442708492279053,26.8700008392334,26.889999389648438,26.450000762939453,26.450000762939453,14062800
2007-07-04,5.452834606170654,26.920000076293945,27.200000762939453,26.764999389648438,26.875,8298600
2007-07-05,5.477142810821533,27.040000915527344,27.190000534057617,26.864999771118164,26.864999771118164,16373600
2007-07-06,5.543986797332764,27.3700008392334,27.420000076293945,27.18000030517578,27.18000030517578,12786200
2007-07-10,5.450808525085449,26.90999984741211,27.489999771118164,26.80500030517578,27.375,18849200
2007-07-11,5.476131916046143,27.03499984741211,27.239999771118164,26.799999237060547,26.989999771118164,13937600
2007-07-12,5.596652030944824,27.6299991607666,27.825000762939453,27.174999237060547,27.325000762939453,16478400
2007-07-13,5.626021385192871,27.774999618530273,28.2450008392334,27.5,27.625,19155000
2007-07-16,5.60070276260376,27.649999618530273,27.920000076293945,27.399999618530273,27.920000076293945,17848800
2007-07-17,5.690838813781738,28.094999313354492,28.155000686645508,27.5,27.549999237060547,15420600
2007-07-18,5.701982021331787,28.149999618530273,28.239999771118164,27.864999771118164,27.899999618530273,12838000
2007-07-19,5.772875785827637,28.5,28.56999969482422,28.299999237060547,28.399999618530273,9557200
2007-07-20,5.731351852416992,28.295000076293945,28.5,28.0,28.5,9250200
2007-07-23,5.813385009765625,28.700000762939453,28.774999618530273,28.100000381469727,28.3799991607666,10985800
2007-07-24,5.532845973968506,27.315000534057617,28.549999237060547,26.75,28.399999618530273,21104600
2007-07-25,5.572342872619629,27.510000228881836,27.674999237060547,26.350000381469727,27.469999313354492,24394800
2007-07-26,5.3059821128845215,26.19499969482422,27.145000457763672,25.575000762939453,26.875,26557600
2007-07-27,5.187485694885254,25.610000610351562,26.7450008392334,25.530000686645508,26.0,17588000
2007-07-30,5.42852783203125,26.799999237060547,26.799999237060547,25.709999084472656,25.80500030517578,17602400
2007-07-31,5.341431140899658,26.3700008392334,27.375,26.344999313354492,27.165000915527344,17973400
2007-08-01,5.3576340675354,26.450000762939453,26.450000762939453,25.6299991607666,26.145000457763672,22682000
2007-08-02,5.348519325256348,26.405000686645508,26.600000381469727,26.100000381469727,26.510000228881836,9394200
2007-08-03,5.104438304901123,25.200000762939453,26.399999618530273,25.100000381469727,26.350000381469727,17488200
2007-08-06,5.1236796379089355,25.295000076293945,25.475000381469727,24.399999618530273,25.475000381469727,18776600
2007-08-07,5.162166595458984,25.485000610351562,25.69499969482422,24.924999237060547,25.25,19708800
2007-08-08,5.330288410186768,26.315000534057617,26.43000030517578,25.549999237060547,25.69499969482422,20164600
2007-08-09,5.11659049987793,25.260000228881836,25.844999313354492,25.25,25.5,21961000
2007-08-10,5.0132856369018555,24.75,25.200000762939453,24.5049991607666,24.674999237060547,21996000
2007-08-13,5.063926696777344,25.0,25.55500030517578,24.68000030517578,25.25,16369400
2007-08-14,4.987967014312744,24.625,25.600000381469727,24.614999771118164,25.549999237060547,27509800
2007-08-15,4.8775739669799805,24.079999923706055,25.309999465942383,24.010000228881836,24.5,38552800
2007-08-16,4.760090351104736,23.5,23.645000457763672,21.809999465942383,22.924999237060547,41207000
2007-08-17,4.739835739135742,23.399999618530273,24.25,22.760000228881836,24.25,27930600
2007-08-20,4.7371110916137695,23.135000228881836,23.395000457763672,22.799999237060547,23.34000015258789,24738000
2007-08-21,4.708446025848389,22.9950008392334,23.274999618530273,22.719999313354492,23.225000381469727,22305000
2007-08-22,4.972585678100586,24.28499984741211,24.55500030517578,23.375,23.5049991607666,22102600
2007-08-23,4.989989757537842,24.3700008392334,24.825000762939453,24.0049991607666,24.600000381469727,21376000
2007-08-24,5.088274002075195,24.850000381469727,24.96500015258789,24.155000686645508,24.350000381469727,16383400
2007-08-27,5.069845676422119,24.760000228881836,25.15999984741211,24.559999465942383,24.75,9402000
2007-08-28,4.929586410522461,24.075000762939453,24.649999618530273,24.049999237060547,24.4950008392334,15575600
2007-08-29,5.077012062072754,24.795000076293945,24.844999313354492,24.375,24.5049991607666,13409400
2007-08-30,5.1302490234375,25.05500030517578,25.450000762939453,24.520000457763672,24.729999542236328,20269800
2007-08-31,5.344222545623779,26.100000381469727,26.274999618530273,25.55500030517578,25.55500030517578,24734400
2007-09-03,5.368793964385986,26.219999313354492,26.43000030517578,26.059999465942383,26.100000381469727,7642600
2007-09-04,5.370841979980469,26.229999542236328,26.43000030517578,26.059999465942383,26.100000381469727,7673600
2007-09-05,5.476294040679932,26.7450008392334,26.90999984741211,26.40999984741211,26.424999237060547,16957000
2007-09-06,5.536696910858154,27.040000915527344,27.475000381469727,26.940000534057617,27.295000076293945,16007800
2007-09-10,5.4056501388549805,26.399999618530273,26.725000381469727,26.079999923706055,26.575000762939453,20224000
2007-09-11,5.559220314025879,27.149999618530273,27.34000015258789,26.559999465942383,26.860000610351562,20829600
2007-09-12,5.569460391998291,27.200000762939453,27.34000015258789,26.559999465942383,26.860000610351562,20857400
2007-09-13,5.582767009735107,27.264999389648438,27.825000762939453,26.875,27.100000381469727,20480000
2007-09-14,5.656483173370361,27.625,27.825000762939453,27.5,27.55500030517578,15724200
2007-09-17,5.578674793243408,27.2450008392334,27.30500030517578,26.684999465942383,27.0,17873400
2007-09-18,5.820289611816406,28.424999237060547,28.625,27.3799991607666,27.5,21993200
2007-09-19,5.80595588684082,28.354999542236328,28.625,27.3799991607666,27.5,22130800
2007-09-20,5.799813747406006,28.325000762939453,29.110000610351562,28.184999465942383,28.950000762939453,26854200
2007-09-21,5.854076385498047,28.59000015258789,28.625,28.075000762939453,28.5,14703000
2007-09-24,6.134594440460205,29.959999084472656,30.0049991607666,29.299999237060547,29.46500015258789,19086200
2007-09-25,6.0516676902771,29.55500030517578,29.799999237060547,29.3700008392334,29.7450008392334,24088400
2007-09-26,6.073169231414795,29.65999984741211,29.799999237060547,29.3700008392334,29.7450008392334,24224600
2007-09-27,6.094666957855225,29.764999389648438,30.049999237060547,29.225000381469727,29.7549991607666,18645600
2007-09-28,6.168381214141846,30.125,30.25,29.770000457763672,30.25,18320200
2007-10-01,6.178616523742676,30.174999237060547,30.225000381469727,29.524999618530273,29.540000915527344,21494800
2007-10-02,6.215476036071777,30.354999542236328,30.540000915527344,29.725000381469727,30.0049991607666,21988200
2007-10-03,6.203189373016357,30.295000076293945,30.540000915527344,29.725000381469727,30.0049991607666,22048000
2007-10-04,6.0240254402160645,29.420000076293945,30.485000610351562,29.334999084472656,30.05500030517578,19606800
2007-10-05,6.059857368469238,29.594999313354492,29.954999923706055,28.649999618530273,29.5049991607666,20091200
2007-10-08,6.3865156173706055,30.920000076293945,31.045000076293945,30.350000381469727,30.485000610351562,20934800
2007-10-09,6.400975227355957,30.989999771118164,31.045000076293945,30.350000381469727,30.485000610351562,20989400
2007-10-10,6.495988368988037,31.450000762939453,31.625,31.125,31.174999237060547,20588600
2007-10-11,6.723191738128662,32.54999923706055,32.69499969482422,31.274999618530273,31.399999618530273,29760000
2007-10-15,6.929742813110352,33.54999923706055,33.68000030517578,32.95000076293945,33.025001525878906,33808200
2007-10-16,6.927677154541016,33.540000915527344,33.68000030517578,32.95000076293945,33.025001525878906,33857000
2007-10-17,6.97518253326416,33.77000045776367,33.96500015258789,32.67499923706055,33.775001525878906,26717400
2007-10-18,7.002036094665527,33.900001525878906,33.96500015258789,32.67499923706055,33.775001525878906,26905800
2007-10-19,6.9049553871154785,33.43000030517578,33.709999084472656,32.92499923706055,33.10499954223633,20502200
2007-10-22,6.466038703918457,31.30500030517578,31.625,30.299999237060547,30.549999237060547,23068400
2007-10-23,6.49289083480835,31.434999465942383,31.625,30.299999237060547,30.549999237060547,23109200
2007-10-24,6.620950698852539,32.05500030517578,32.3650016784668,31.635000228881836,31.8700008392334,14815400
2007-10-25,6.92044734954834,33.505001068115234,33.7400016784668,31.799999237060547,31.799999237060547,26349400
2007-10-26,7.043344974517822,34.099998474121094,34.17499923706055,33.314998626708984,33.70000076293945,29738800
2007-10-29,7.521505355834961,36.415000915527344,37.0,35.7599983215332,35.7599983215332,32030800
2007-10-30,7.50808048248291,36.349998474121094,37.0,35.7599983215332,35.7599983215332,32064200
2007-10-31,7.239564895629883,35.04999923706055,36.75,34.83000183105469,36.14500045776367,29133400
2007-11-01,7.43062686920166,35.974998474121094,36.849998474121094,35.150001525878906,35.54999923706055,22890600
2007-11-05,7.033016204833984,34.04999923706055,35.17499923706055,33.95000076293945,35.0,30225400
2007-11-06,7.10117769241333,34.380001068115234,35.17499923706055,33.95000076293945,35.0,30378800
2007-11-07,7.255056858062744,35.125,35.95000076293945,34.599998474121094,34.75,26825200
2007-11-08,8.447882652282715,40.900001525878906,42.0,36.5,36.849998474121094,86248000
2007-11-09,8.264054298400879,40.0099983215332,45.44499969482422,38.58000183105469,45.0,65370400
2007-11-12,7.883999824523926,38.16999816894531,40.22999954223633,37.86000061035156,38.875,40788800
2007-11-13,8.024456024169922,38.849998474121094,39.19499969482422,36.6150016784668,38.44499969482422,36909800
2007-11-14,8.172136306762695,39.564998626708984,40.595001220703125,39.25,39.974998474121094,32544800
2007-11-16,8.138056755065918,39.400001525878906,39.72999954223633,38.5,38.70000076293945,27237400
2007-11-19,7.9831438064575195,38.650001525878906,39.29499816894531,38.349998474121094,39.29499816894531,25743800
2007-11-21,7.771433353424072,37.625,39.75,37.51499938964844,38.92499923706055,28488400
2007-11-22,7.812742233276367,37.82500076293945,38.4900016784668,37.619998931884766,37.9900016784668,10266000
2007-11-23,7.890199184417725,38.20000076293945,38.755001068115234,38.0,38.35499954223633,13890200
2007-11-26,7.733219146728516,37.439998626708984,38.92499923706055,37.375,38.5,19963400
2007-11-27,7.64233922958374,37.0,37.5,35.95500183105469,36.5,21010600
2007-11-28,7.630979537963867,36.94499969482422,37.994998931884766,36.599998474121094,37.07500076293945,25272000
2007-11-29,7.5803728103637695,36.70000076293945,37.599998474121094,36.26499938964844,37.349998474121094,28679600
2007-11-30,7.50808048248291,36.349998474121094,37.25,35.95000076293945,37.0,24220000
2007-12-03,7.559718608856201,36.599998474121094,36.810001373291016,35.75,36.375,15271000
2007-12-04,7.615487098693848,36.869998931884766,36.89500045776367,35.75,36.375,15397600
2007-12-05,8.107074737548828,39.25,39.38999938964844,37.900001525878906,38.33000183105469,27190200
2007-12-06,8.32911491394043,40.32500076293945,40.32500076293945,39.31999969482422,39.650001525878906,22622800
2007-12-07,8.294000625610352,40.154998779296875,40.32500076293945,39.31999969482422,39.31999969482422,22784000
2007-12-10,8.231006622314453,39.849998474121094,40.470001220703125,39.04999923706055,39.54999923706055,13067800
2007-12-11,8.197957992553711,39.689998626708984,41.345001220703125,39.64500045776367,40.04999923706055,26589600
2007-12-12,8.778364181518555,42.5,42.94499969482422,40.375,40.67499923706055,42108200
2007-12-13,8.540828704833984,41.349998474121094,42.494998931884766,40.97999954223633,41.25,23742200
2007-12-14,8.370426177978516,40.525001525878906,42.25,40.474998474121094,41.75,19645800
2007-12-17,7.935641288757324,38.41999816894531,40.25,38.334999084472656,39.974998474121094,31566000
2007-12-18,8.138056755065918,39.400001525878906,39.775001525878906,38.36000061035156,39.505001068115234,26660800
2007-12-19,8.331181526184082,40.334999084472656,40.665000915527344,39.400001525878906,39.67499923706055,21279200
2007-12-20,8.679217338562012,42.02000045776367,42.02000045776367,40.5,40.849998474121094,23440800
2007-12-21,8.78145980834961,42.51499938964844,43.2400016784668,42.25,43.04999923706055,18418600
2007-12-26,9.015896797180176,43.650001525878906,43.650001525878906,42.654998779296875,43.29999923706055,17441600
2007-12-27,8.916748046875,43.16999816894531,43.94499969482422,42.73500061035156,43.75,15286000
2007-12-28,9.129493713378906,44.20000076293945,44.20000076293945,42.935001373291016,43.099998474121094,26339200
2008-01-02,8.984911918640137,43.5,43.869998931884766,42.95500183105469,43.494998931884766,16167200
2008-01-03,8.840325355529785,42.79999923706055,43.625,42.79499816894531,43.349998474121094,14521200
2008-01-04,8.406571388244629,40.70000076293945,43.17499923706055,40.45000076293945,42.82500076293945,25543600
2008-01-07,8.159747123718262,39.505001068115234,40.849998474121094,39.310001373291016,40.72999954223633,20632600
2008-01-08,8.60796070098877,41.67499923706055,42.30500030517578,40.125,40.150001525878906,21824200
2008-01-09,8.770097732543945,42.459999084472656,42.459999084472656,41.125,41.54999923706055,24218400
2008-01-10,8.68541431427002,42.04999923706055,42.73500061035156,41.18000030517578,42.4900016784668,23222200
2008-01-11,8.423095703125,40.779998779296875,42.13999938964844,40.779998779296875,41.60499954223633,15712000
2008-01-14,8.406573295593262,40.54499816894531,41.20000076293945,40.19499969482422,41.05500030517578,14809800
2008-01-15,8.036470413208008,38.7599983215332,40.189998626708984,38.599998474121094,40.0,24281400
2008-01-16,7.733752727508545,37.29999923706055,38.849998474121094,36.57500076293945,38.125,33726000
2008-01-17,7.344992160797119,35.42499923706055,37.79999923706055,35.255001068115234,37.29499816894531,33369600
2008-01-18,7.4434814453125,35.900001525878906,36.57500076293945,34.57500076293945,36.19499969482422,26318600
2008-01-21,6.890921592712402,33.23500061035156,34.04999923706055,33.099998474121094,33.849998474121094,26806000
2008-01-22,7.5637383460998535,36.47999954223633,36.60499954223633,33.650001525878906,34.25,39480000
2008-01-23,7.434152126312256,35.85499954223633,36.04999923706055,34.35499954223633,35.720001220703125,27566800
2008-01-24,7.9556050300598145,38.369998931884766,38.474998474121094,36.57500076293945,37.25,27057400
2008-01-28,8.383760452270508,40.435001373291016,40.435001373291016,37.505001068115234,37.5099983215332,28324600
2008-01-29,8.376505851745605,40.400001525878906,41.20000076293945,39.80500030517578,40.82500076293945,23728000
2008-01-30,8.56622314453125,41.314998626708984,41.314998626708984,39.775001525878906,39.900001525878906,17086600
2008-01-31,8.335041046142578,40.20000076293945,40.25,39.154998779296875,40.04999923706055,33721600
2008-02-01,8.469808578491211,40.849998474121094,41.25,39.900001525878906,41.224998474121094,20571400
2008-02-06,8.169166564941406,39.400001525878906,39.84000015258789,39.20000076293945,39.474998474121094,14050200
2008-02-07,8.423162460327148,40.625,41.04999923706055,39.17499923706055,39.36000061035156,26069400
2008-02-08,8.480175971984863,40.900001525878906,41.349998474121094,40.474998474121094,40.650001525878906,22950600
2008-02-11,8.62220573425293,41.584999084472656,41.935001373291016,41.040000915527344,41.29499816894531,19355600
2008-02-12,8.639827728271484,41.66999816894531,42.564998626708984,41.599998474121094,42.20000076293945,27611400
2008-02-13,8.766304016113281,42.279998779296875,42.474998474121094,41.60499954223633,41.900001525878906,24264800
2008-02-14,8.659521102905273,41.76499938964844,42.810001373291016,41.67499923706055,42.650001525878906,17719600
2008-02-15,8.583849906921387,41.400001525878906,41.71500015258789,40.9900016784668,41.41999816894531,13513400
2008-02-18,8.806735038757324,42.474998474121094,42.47999954223633,41.755001068115234,42.150001525878906,16422600
2008-02-19,8.843018531799316,42.650001525878906,43.20000076293945,42.404998779296875,42.7599983215332,21988000
2008-02-20,8.863754272460938,42.75,42.994998931884766,42.154998779296875,42.154998779296875,24647600
2008-02-21,8.709285736083984,42.005001068115234,43.150001525878906,41.974998474121094,43.150001525878906,19715600
2008-02-22,8.739349365234375,42.150001525878906,42.459999084472656,41.22999954223633,42.400001525878906,14975200
2008-02-25,8.734167098999023,42.125,42.19499969482422,41.525001525878906,42.0,12457800
2008-02-26,8.749717712402344,42.20000076293945,42.7400016784668,41.44499969482422,41.875,27465000
2008-02-27,8.88448715209961,42.849998474121094,43.165000915527344,41.79999923706055,42.0,28182200
2008-02-28,8.931140899658203,43.07500076293945,43.224998474121094,42.625,42.994998931884766,13505600
2008-02-29,8.443892478942871,40.724998474121094,42.75,40.724998474121094,42.494998931884766,21929800
2008-03-03,8.38687515258789,40.45000076293945,41.349998474121094,39.650001525878906,40.900001525878906,24523000
2008-03-04,8.153619766235352,39.32500076293945,40.25,38.904998779296875,39.915000915527344,29103400
2008-03-05,8.355772972106934,40.29999923706055,40.584999084472656,39.45500183105469,39.80500030517578,22854600
2008-03-06,8.190938949584961,39.505001068115234,40.724998474121094,39.505001068115234,40.25,20687400
2008-03-07,8.102822303771973,39.08000183105469,39.75,38.650001525878906,39.05500030517578,22315800
2008-03-10,7.951462268829346,38.349998474121094,39.44499969482422,38.290000915527344,39.084999084472656,16942000
2008-03-11,8.263505935668945,39.85499954223633,39.88999938964844,38.55500030517578,39.41999816894531,17610600
2008-03-12,8.223078727722168,39.65999984741211,40.25,39.44499969482422,39.95000076293945,15634600
2008-03-13,8.115260124206543,39.13999938964844,39.25,38.25,39.0,24979400
2008-03-14,7.9556050300598145,38.369998931884766,39.54999923706055,38.0,39.5,22529800
2008-03-17,7.9556050300598145,38.369998931884766,38.369998931884766,38.369998931884766,38.369998931884766,0
2008-03-18,7.770040512084961,37.474998474121094,37.775001525878906,36.904998779296875,37.5099983215332,22106600
2008-03-19,7.194672107696533,34.70000076293945,37.810001373291016,34.70000076293945,37.44499969482422,35485600
2008-03-20,7.194672107696533,34.70000076293945,34.900001525878906,33.75,34.345001220703125,22990000
2008-03-24,7.256876468658447,35.0,35.90999984741211,34.67499923706055,34.95000076293945,21673600
2008-03-25,7.64045524597168,36.849998474121094,37.0,35.29999923706055,35.75,24315000
2008-03-26,7.764856815338135,37.45000076293945,37.76499938964844,36.33000183105469,37.099998474121094,19476200
2008-03-27,7.579285621643066,36.55500030517578,37.915000915527344,36.349998474121094,37.619998931884766,12435600
2008-03-28,7.5274529457092285,36.30500030517578,37.0099983215332,36.125,36.650001525878906,15852000
2008-03-31,7.670515060424805,36.994998931884766,37.244998931884766,36.099998474121094,36.79999923706055,16134000
2008-04-01,7.854013919830322,37.880001068115234,37.880001068115234,36.7599983215332,37.494998931884766,21503000
2008-04-02,8.06238842010498,38.8849983215332,39.14500045776367,37.75,37.974998474121094,24409200
2008-04-03,8.15880298614502,39.349998474121094,40.04999923706055,38.5099983215332,38.724998474121094,23154000
2008-04-04,8.189900398254395,39.5,40.13999938964844,39.275001525878906,39.45000076293945,21989400
2008-04-07,8.159260749816895,39.25,40.31999969482422,38.86000061035156,39.790000915527344,14868200
2008-04-08,8.314130783081055,39.994998931884766,40.0,38.67499923706055,38.959999084472656,16449400
2008-04-09,8.319326400756836,40.02000045776367,40.474998474121094,39.61000061035156,39.779998779296875,21548800
2008-04-10,8.349469184875488,40.165000915527344,40.400001525878906,39.5099983215332,40.09000015258789,18390000
2008-04-11,8.16445541381836,39.275001525878906,39.939998626708984,39.15999984741211,39.79999923706055,14045000
2008-04-14,8.623870849609375,41.48500061035156,42.25,38.5099983215332,39.0,54268000
2008-04-15,8.724691390991211,41.970001220703125,42.345001220703125,40.869998931884766,41.29999923706055,37524800
2008-04-16,8.668561935424805,41.70000076293945,42.5,41.1150016784668,42.03499984741211,38564000
2008-04-17,8.845256805419922,42.54999923706055,42.54999923706055,41.255001068115234,41.32500076293945,31633400
2008-04-18,8.866049766540527,42.650001525878906,42.970001220703125,41.95500183105469,42.75,26927800
2008-04-22,8.959593772888184,43.099998474121094,43.720001220703125,42.875,43.25,24471200
2008-04-23,8.836946487426758,42.5099983215332,43.494998931884766,42.375,43.150001525878906,20332000
2008-04-24,8.647775650024414,41.599998474121094,42.63999938964844,41.29999923706055,42.45000076293945,36413200
2008-04-25,8.762109756469727,42.150001525878906,42.435001373291016,41.46500015258789,42.0,24114800
2008-04-28,8.853577613830566,42.59000015258789,42.959999084472656,42.150001525878906,42.58000183105469,18939200
2008-04-29,8.502263069152832,40.900001525878906,42.560001373291016,40.720001220703125,42.560001373291016,23372700
2008-04-30,8.772504806518555,42.20000076293945,43.20000076293945,40.5,41.349998474121094,37804900
2008-05-02,8.938807487487793,43.0,44.20000076293945,42.45000076293945,44.20000076293945,26861800
2008-05-05,9.115504264831543,43.849998474121094,44.0,42.810001373291016,43.20000076293945,22223000
2008-05-06,9.35456657409668,45.0,45.0,43.400001525878906,43.63999938964844,22658000
2008-05-07,9.323384284973145,44.849998474121094,45.599998474121094,44.38999938964844,45.099998474121094,25963200
2008-05-08,9.35456657409668,45.0,45.400001525878906,44.29999923706055,45.0,17742400
2008-05-09,9.493844985961914,45.66999816894531,45.66999816894531,44.349998474121094,44.75,16946800
2008-05-12,9.510472297668457,45.75,46.04999923706055,45.02000045776367,45.79999923706055,21896800
2008-05-13,9.510472297668457,45.75,46.04999923706055,45.02000045776367,45.779998779296875,21896800
2008-05-14,9.62480640411377,46.29999923706055,47.20000076293945,46.209999084472656,46.79999923706055,24019800
2008-05-15,9.793191909790039,47.11000061035156,47.119998931884766,46.08000183105469,46.5,23782100
2008-05-16,10.00938606262207,48.150001525878906,48.20000076293945,47.31999969482422,47.529998779296875,19397800
2008-05-19,10.393962860107422,50.0,50.09000015258789,48.15999984741211,48.290000915527344,31651000
2008-05-20,10.73904037475586,51.65999984741211,51.65999984741211,49.29999923706055,49.4900016784668,27107200
2008-05-21,10.915739059448242,52.5099983215332,53.68000030517578,51.95000076293945,52.58000183105469,34139600
2008-05-23,10.510372161865234,50.560001373291016,51.400001525878906,50.099998474121094,51.11000061035156,26399600
2008-05-26,10.720331192016602,51.56999969482422,51.849998474121094,50.75,51.0099983215332,8649700
2008-05-27,10.373172760009766,49.900001525878906,51.70000076293945,49.45000076293945,51.68000030517578,26598000
2008-05-28,10.599761962890625,50.9900016784668,51.0,48.900001525878906,49.209999084472656,22997900
2008-05-29,10.599761962890625,50.9900016784668,51.0,48.900001525878906,50.0,22997900
2008-05-30,10.186083793640137,49.0,50.970001220703125,49.0,50.970001220703125,23305700
2008-06-02,10.186083793640137,49.0,50.970001220703125,49.0,50.970001220703125,23305700
2008-06-03,10.350308418273926,49.790000915527344,50.27000045776367,48.29999923706055,48.900001525878906,19349900
2008-06-04,9.863869667053223,47.45000076293945,49.70000076293945,47.369998931884766,49.70000076293945,26709400
2008-06-05,9.412773132324219,45.279998779296875,47.04999923706055,44.869998931884766,47.0,39707100
2008-06-06,9.886734962463379,47.560001373291016,47.560001373291016,45.369998931884766,45.970001220703125,24299500
2008-06-09,9.870108604431152,47.47999954223633,48.099998474121094,46.720001220703125,48.0,12750600
2008-06-10,9.562446594238281,46.0,47.29999923706055,45.209999084472656,46.79999923706055,22280600
2008-06-11,9.437718391418457,45.400001525878906,46.56999969482422,45.400001525878906,46.0,22250700
2008-06-12,9.39198112487793,45.18000030517578,46.29999923706055,44.79999923706055,45.70000076293945,26280100
2008-06-13,9.541657447814941,45.900001525878906,46.349998474121094,45.459999084472656,45.88999938964844,22784000
2008-06-16,9.520867347717285,45.79999923706055,46.599998474121094,45.70000076293945,46.040000915527344,27577200
2008-06-17,9.614413261413574,46.25,46.599998474121094,45.810001373291016,46.349998474121094,20907200
2008-06-18,9.437718391418457,45.400001525878906,46.099998474121094,45.040000915527344,45.869998931884766,19485600
2008-06-19,9.125897407531738,43.900001525878906,45.45000076293945,43.70000076293945,45.40999984741211,26977700
2008-06-20,8.965834617614746,43.130001068115234,44.29999923706055,43.0,43.900001525878906,18979200
2008-06-23,9.123823165893555,43.88999938964844,44.400001525878906,43.13999938964844,43.29999923706055,13214900
2008-06-24,9.098875045776367,43.77000045776367,44.70000076293945,43.54999923706055,43.65999984741211,15856300
2008-06-25,9.344170570373535,44.95000076293945,45.29999923706055,43.150001525878906,44.11000061035156,25515600
2008-06-26,9.333781242370605,44.900001525878906,45.189998626708984,43.75,44.0,17847300
2008-06-27,9.41693115234375,45.29999923706055,45.5,44.45000076293945,45.09000015258789,15482500
2008-06-30,9.606099128723145,46.209999084472656,46.619998931884766,45.52000045776367,45.70000076293945,16860200
2008-07-01,9.58115291595459,46.09000015258789,46.77000045776367,45.380001068115234,45.5,18256700
2008-07-02,9.14253044128418,43.97999954223633,46.84000015258789,43.79999923706055,46.34000015258789,21150500
2008-07-03,8.845256805419922,42.54999923706055,44.70000076293945,42.279998779296875,44.2599983215332,16835500
2008-07-04,8.980385780334473,43.20000076293945,43.4900016784668,42.0,42.45000076293945,9253600
2008-07-07,8.716377258300781,41.93000030517578,43.970001220703125,41.810001373291016,42.380001068115234,17909400
2008-07-08,8.441977500915527,40.61000061035156,41.93000030517578,40.0,41.599998474121094,25528600
2008-07-10,8.3255615234375,40.04999923706055,40.45000076293945,39.02000045776367,39.88999938964844,29497500
2008-07-11,8.439898490905762,40.599998474121094,41.2599983215332,39.9900016784668,40.150001525878906,20777700
2008-07-14,8.498104095458984,40.880001068115234,41.189998626708984,40.70000076293945,41.099998474121094,13011900
2008-07-15,8.42950439453125,40.54999923706055,40.95000076293945,39.560001373291016,40.349998474121094,20875300
2008-07-16,8.267358779907227,39.77000045776367,40.9900016784668,39.209999084472656,40.9900016784668,21499400
2008-07-17,7.857835292816162,37.79999923706055,40.18000030517578,37.5,39.9900016784668,32759500
2008-07-18,7.940987586975098,38.20000076293945,38.75,37.400001525878906,37.9900016784668,16097300
2008-07-21,8.057397842407227,38.7599983215332,38.97999954223633,38.06999969482422,38.70000076293945,19839700
2008-07-22,7.780919551849365,37.43000030517578,38.4900016784668,37.20000076293945,38.20000076293945,17826300
2008-07-23,7.504441738128662,36.099998474121094,37.599998474121094,36.040000915527344,37.380001068115234,26104100
2008-07-24,7.1718339920043945,34.5,36.5,34.369998931884766,36.099998474121094,29340900
2008-07-25,7.1718339920043945,34.5,34.93000030517578,33.59000015258789,33.959999084472656,19857400
2008-07-28,7.244589805603027,34.849998474121094,35.779998779296875,34.849998474121094,35.16999816894531,16239000
2008-07-29,7.234196662902832,34.79999923706055,35.599998474121094,34.2400016784668,35.15999984741211,19574800
2008-07-30,7.587591648101807,36.5,36.58000183105469,34.709999084472656,35.099998474121094,28054000
2008-07-31,7.462863922119141,35.900001525878906,36.880001068115234,35.529998779296875,36.20000076293945,16725600
2008-08-01,7.173912048339844,34.5099983215332,36.06999969482422,34.380001068115234,35.75,14322000
2008-08-04,6.837149143218994,32.88999938964844,34.54999923706055,32.560001373291016,34.5,19858400
2008-08-05,6.6937127113342285,32.20000076293945,33.43000030517578,31.799999237060547,33.29999923706055,23757100
2008-08-06,6.922379016876221,33.29999923706055,33.880001068115234,32.400001525878906,32.880001068115234,19061600
2008-08-07,7.038790702819824,33.86000061035156,34.880001068115234,33.38999938964844,33.9900016784668,22251800
2008-08-08,6.974349021911621,33.54999923706055,34.150001525878906,32.7599983215332,33.650001525878906,16248600
2008-08-11,6.797650337219238,32.70000076293945,34.119998931884766,32.349998474121094,33.79999923706055,15479300
2008-08-12,6.87456750869751,33.06999969482422,33.79999923706055,32.790000915527344,33.20000076293945,20577800
2008-08-13,7.015924453735352,33.75,34.40999984741211,32.029998779296875,32.29999923706055,29334100
2008-08-14,6.951480865478516,33.439998626708984,34.20000076293945,33.0099983215332,34.20000076293945,16106500
2008-08-15,6.791414737701416,32.66999816894531,33.25,32.29999923706055,32.9900016784668,13805300
2008-08-18,6.585616111755371,31.68000030517578,33.13999938964844,31.559999465942383,32.79999923706055,17976100
2008-08-19,6.783096790313721,32.630001068115234,33.20000076293945,30.809999465942383,32.93000030517578,21297500
2008-08-20,7.111547946929932,34.209999084472656,34.400001525878906,33.060001373291016,33.25,21925200
2008-08-21,7.356844425201416,35.38999938964844,35.70000076293945,34.5,34.5,19094300
2008-08-22,7.336058616638184,35.290000915527344,35.91999816894531,34.459999084472656,35.38999938964844,14464500
2008-08-25,7.028398513793945,33.810001373291016,35.189998626708984,33.810001373291016,34.79999923706055,13439500
2008-08-26,7.107390880584717,34.189998626708984,34.709999084472656,33.470001220703125,33.75,15171100
2008-08-27,7.317348480224609,35.20000076293945,35.380001068115234,34.70000076293945,34.97999954223633,13965500
2008-08-28,7.348529815673828,35.349998474121094,36.0099983215332,34.86000061035156,35.91999816894531,14964300
2008-08-29,7.254988193511963,34.900001525878906,35.939998626708984,34.900001525878906,35.849998474121094,15072800
2008-09-01,7.111547946929932,34.209999084472656,34.790000915527344,33.90999984741211,34.790000915527344,7990300
2008-09-02,6.882880210876465,33.11000061035156,33.95000076293945,32.900001525878906,33.310001373291016,19137300
2008-09-03,6.776863098144531,32.599998474121094,33.599998474121094,32.0,33.349998474121094,19518100
2008-09-04,6.537802696228027,31.450000762939453,33.029998779296875,31.100000381469727,32.79999923706055,20250100
2008-09-05,6.623033046722412,31.860000610351562,31.860000610351562,30.25,30.760000228881836,22173000
2008-09-08,6.290427207946777,30.260000228881836,33.20000076293945,30.260000228881836,33.0,24248500
2008-09-09,5.893377304077148,28.350000381469727,30.06999969482422,28.31999969482422,29.760000228881836,26624500
2008-09-10,5.961973190307617,28.68000030517578,29.25,26.860000610351562,28.34000015258789,53689200
2008-09-11,6.527409076690674,31.399999618530273,31.399999618530273,28.5,29.0,37070600
2008-09-12,6.86001443862915,33.0,33.15999984741211,31.200000762939453,31.670000076293945,28325800
2008-09-15,6.194803237915039,29.799999237060547,31.68000030517578,29.799999237060547,30.59000015258789,35829900
2008-09-16,6.506618976593018,31.299999237060547,31.420000076293945,27.90999984741211,28.5,34541100
2008-09-17,6.194803237915039,29.799999237060547,31.729999542236328,29.600000381469727,31.100000381469727,35076800
2008-09-18,6.6937127113342285,32.20000076293945,32.97999954223633,30.1200008392334,31.0,40946000
2008-09-19,7.2716169357299805,34.97999954223633,35.4900016784668,33.0,34.70000076293945,35271400
2008-09-22,7.254988193511963,34.900001525878906,36.380001068115234,34.619998931884766,35.380001068115234,28679300
2008-09-23,6.911983489990234,33.25,35.2400016784668,32.560001373291016,34.5,29249200
2008-09-24,7.169754981994629,34.4900016784668,35.04999923706055,33.88999938964844,34.099998474121094,20903700
2008-09-25,7.494048118591309,36.04999923706055,36.08000183105469,34.91999816894531,35.20000076293945,19962600
2008-09-26,7.365162372589111,35.43000030517578,35.540000915527344,34.34000015258789,34.900001525878906,19704200
2008-09-29,6.808046817779541,32.75,34.66999816894531,30.0,34.0,31533700
2008-09-30,7.296563625335693,35.099998474121094,35.099998474121094,32.150001525878906,33.130001068115234,21776900
2008-10-01,7.254988193511963,34.900001525878906,35.279998779296875,33.29999923706055,35.0,24611400
2008-10-02,6.66253137588501,32.04999923706055,34.599998474121094,31.309999465942383,33.95000076293945,25528600
2008-10-03,6.444258213043213,31.0,34.0,30.600000381469727,32.79999923706055,25200400
2008-10-06,6.236376762390137,30.0,30.350000381469727,25.0,28.389999389648438,36376500
2008-10-07,5.882981300354004,28.299999237060547,30.950000762939453,27.299999237060547,29.700000762939453,33356100
2008-10-08,5.550376892089844,26.700000762939453,29.0,25.889999389648438,26.700000762939453,53124600
2008-10-09,5.379913330078125,25.8799991607666,28.5,25.610000610351562,28.399999618530273,43196800
2008-10-10,4.9891037940979,24.0,25.049999237060547,22.899999618530273,23.010000228881836,48646500
2008-10-13,5.591951370239258,26.899999618530273,26.899999618530273,24.81999969482422,26.299999237060547,39591600
2008-10-14,5.675103664398193,27.299999237060547,29.0,26.329999923706055,28.399999618530273,46780000
2008-10-15,4.9891037940979,24.0,26.200000762939453,22.90999984741211,26.0,52918700
2008-10-16,4.6149187088012695,22.200000762939453,24.200000762939453,21.110000610351562,24.020000457763672,53712100
2008-10-17,4.7791428565979,22.989999771118164,24.110000610351562,21.5,22.440000534057617,38225200
2008-10-20,5.278054714202881,25.389999389648438,25.600000381469727,23.510000228881836,23.59000015258789,36252100
2008-10-21,5.196981430053711,25.0,25.809999465942383,24.1299991607666,24.780000686645508,31482200
2008-10-22,4.822798728942871,23.200000762939453,24.34000015258789,22.809999465942383,23.600000381469727,32896700
2008-10-23,4.7188591957092285,22.700000762939453,23.690000534057617,21.799999237060547,22.8799991607666,35682700
2008-10-24,4.240736961364746,20.399999618530273,22.0,20.010000228881836,20.739999771118164,40446400
2008-10-27,3.764692783355713,18.110000610351562,20.1299991607666,18.110000610351562,20.06999969482422,31953700
2008-10-28,4.167977809906006,20.049999237060547,20.049999237060547,17.799999237060547,19.5,50424600
2008-10-29,4.448614597320557,21.399999618530273,21.989999771118164,20.139999389648438,20.520000457763672,47588000
2008-10-30,4.750041961669922,22.850000381469727,22.969999313354492,22.0,22.299999237060547,40242800
2008-10-31,4.845664978027344,23.309999465942383,23.889999389648438,21.860000610351562,22.25,33757100
2008-11-03,4.8103251457214355,23.139999389648438,23.93000030517578,22.850000381469727,23.700000762939453,20178700
2008-11-04,5.217767715454102,25.100000381469727,25.530000686645508,23.510000228881836,23.799999237060547,39886200
2008-11-05,5.041072368621826,24.25,25.68000030517578,24.020000457763672,24.809999465942383,28210900
2008-11-06,4.760433673858643,22.899999618530273,24.149999618530273,22.219999313354492,23.450000762939453,31894200
2008-11-07,4.835270404815674,23.260000228881836,23.979999542236328,22.690000534057617,23.399999618530273,28130800
2008-11-10,4.978707313537598,23.950000762939453,24.989999771118164,23.459999084472656,24.600000381469727,27715700
2008-11-11,4.970393180847168,23.90999984741211,24.200000762939453,22.940000534057617,23.299999237060547,25843600
2008-11-12,4.28646993637085,20.6200008392334,23.149999618530273,20.6200008392334,22.799999237060547,57687300
2008-11-13,4.386252403259277,21.100000381469727,21.59000015258789,19.8700008392334,20.700000762939453,39305600
2008-11-14,4.315574645996094,20.760000228881836,21.719999313354492,20.280000686645508,21.59000015258789,26886700
2008-11-17,4.251131534576416,20.450000762939453,20.799999237060547,19.809999465942383,20.0,28010500
2008-11-18,4.001675605773926,19.25,20.450000762939453,19.0,19.899999618530273,32613500
2008-11-19,3.8457655906677246,18.5,19.670000076293945,18.5,19.200000762939453,26124500
2008-11-21,3.511079788208008,16.889999389648438,17.979999542236328,16.75,17.270000457763672,42054000
2008-11-24,3.997518539428711,19.229999542236328,19.34000015258789,17.850000381469727,18.700000762939453,40971500
2008-11-25,4.02454137802124,19.360000610351562,19.979999542236328,18.610000610351562,18.850000381469727,41349300
2008-11-26,4.265681743621826,20.520000457763672,20.770000457763672,18.809999465942383,18.889999389648438,39338000
2008-11-27,4.147191047668457,19.950000762939453,20.770000457763672,19.950000762939453,20.170000076293945,17124000
2008-11-28,4.170058727264404,20.059999465942383,20.549999237060547,19.3700008392334,19.799999237060547,27647400
2008-12-01,3.8249776363372803,18.399999618530273,19.479999542236328,18.399999618530273,19.229999542236328,25556300
2008-12-02,3.8041908740997314,18.299999237060547,18.959999084472656,18.100000381469727,18.700000762939453,26918500
2008-12-03,4.014148712158203,19.309999465942383,19.43000030517578,17.719999313354492,18.299999237060547,38117000
2008-12-04,3.8665542602539062,18.600000381469727,19.600000381469727,18.600000381469727,19.600000381469727,23546600
2008-12-05,3.775087356567383,18.15999984741211,18.360000610351562,17.350000381469727,18.190000534057617,36192900
2008-12-08,4.201239585876465,20.209999084472656,20.299999237060547,19.059999465942383,19.149999618530273,42952400
2008-12-09,4.180453300476074,20.110000610351562,20.950000762939453,19.940000534057617,20.190000534057617,34228200
2008-12-10,4.5608720779418945,21.940000534057617,22.1299991607666,20.649999618530273,20.690000534057617,49228700
2008-12-11,4.641942501068115,22.329999923706055,23.479999542236328,22.049999237060547,22.200000762939453,49586500
2008-12-12,4.6980719566345215,22.600000381469727,22.770000457763672,21.100000381469727,21.200000762939453,36698800
2008-12-15,4.760433673858643,22.899999618530273,23.950000762939453,22.610000610351562,23.1299991607666,34078700
2008-12-16,4.947525501251221,23.799999237060547,23.93000030517578,23.420000076293945,23.670000076293945,25827800
2008-12-17,5.061860084533691,24.350000381469727,24.75,23.649999618530273,23.979999542236328,40201400
2008-12-18,4.885162353515625,23.5,24.690000534057617,23.25,24.5,30517600
2008-12-19,4.853980541229248,23.350000381469727,23.68000030517578,22.829999923706055,23.049999237060547,23832200
2008-12-22,4.602447986602783,22.139999389648438,23.809999465942383,22.1299991607666,23.5,19427600
2008-12-23,4.573343753814697,22.0,22.600000381469727,21.84000015258789,22.25,14036300
2008-12-26,4.739647388458252,22.799999237060547,22.799999237060547,22.190000534057617,22.479999542236328,10097900
2008-12-29,4.681440353393555,22.520000457763672,23.0,22.100000381469727,22.950000762939453,14356100
2008-12-30,4.747960567474365,22.84000015258789,23.100000381469727,22.239999771118164,22.700000762939453,16228400
2009-01-02,5.101357460021973,24.540000915527344,24.56999969482422,23.200000762939453,23.270000457763672,17321600
2009-01-05,5.217767715454102,25.100000381469727,25.5,24.030000686645508,24.3799991607666,26454800
2009-01-06,5.290527820587158,25.450000762939453,25.889999389648438,25.059999465942383,25.510000228881836,24252200
2009-01-07,5.082647323608398,24.450000762939453,24.989999771118164,24.1299991607666,24.799999237060547,20606100
2009-01-08,5.30092191696167,25.5,25.5,23.84000015258789,24.350000381469727,23999000
2009-01-09,5.280133247375488,25.399999618530273,25.979999542236328,25.100000381469727,25.299999237060547,18548600
2009-01-12,4.937131881713867,23.75,24.940000534057617,23.709999084472656,24.739999771118164,25552600
2009-01-13,4.978707313537598,23.950000762939453,24.670000076293945,23.1200008392334,23.350000381469727,25569300
2009-01-14,4.8435869216918945,23.299999237060547,24.270000457763672,23.020000457763672,23.709999084472656,28355500
2009-01-15,5.009890079498291,24.100000381469727,24.100000381469727,22.520000457763672,23.350000381469727,33622200
2009-01-16,5.047311305999756,24.280000686645508,24.75,23.799999237060547,24.709999084472656,24634000
2009-01-19,4.953762054443359,23.829999923706055,24.459999084472656,23.649999618530273,24.34000015258789,12776500
2009-01-20,4.793694972991943,23.059999465942383,24.100000381469727,23.059999465942383,23.649999618530273,17539400
2009-01-21,5.043149471282959,24.260000228881836,24.260000228881836,23.209999084472656,23.209999084472656,21253600
2009-01-22,4.914266586303711,23.639999389648438,24.549999237060547,23.25,24.459999084472656,24899400
2009-01-23,4.903871059417725,23.59000015258789,24.170000076293945,22.729999542236328,23.0,24059400
2009-01-26,4.947525501251221,23.799999237060547,24.290000915527344,23.25,23.5,24481100
2009-01-27,4.968313217163086,23.899999618530273,24.09000015258789,23.65999984741211,23.809999465942383,18165100
2009-01-28,5.238558292388916,25.200000762939453,25.350000381469727,24.350000381469727,24.389999389648438,34169000
2009-01-29,5.20321798324585,25.030000686645508,25.239999771118164,24.709999084472656,24.8799991607666,15592500
2009-01-30,5.20321798324585,25.030000686645508,25.790000915527344,24.75,24.799999237060547,22026000
2009-02-02,5.132538318634033,24.690000534057617,25.18000030517578,24.510000228881836,24.549999237060547,18005800
2009-02-03,5.317550182342529,25.579999923706055,25.600000381469727,24.799999237060547,24.899999618530273,19850600
2009-02-04,5.342496871948242,25.700000762939453,26.559999465942383,25.559999465942383,25.8700008392334,33639500
2009-02-05,5.404858589172363,26.0,26.350000381469727,25.290000915527344,25.649999618530273,27091900
2009-02-06,5.633526802062988,27.100000381469727,27.290000915527344,26.059999465942383,26.299999237060547,30219700
2009-02-09,5.693811416625977,27.389999389648438,28.149999618530273,26.899999618530273,27.010000228881836,32278200
2009-02-10,5.623132705688477,27.049999237060547,28.149999618530273,26.899999618530273,27.799999237060547,32579800
2009-02-11,5.591951370239258,26.899999618530273,27.68000030517578,26.399999618530273,27.06999969482422,26034600
2009-02-12,5.569084644317627,26.790000915527344,27.229999542236328,26.079999923706055,26.600000381469727,22932600
2009-02-13,5.73746919631958,27.600000381469727,27.780000686645508,27.0,27.6299991607666,21869000
2009-02-16,5.803987979888916,27.920000076293945,27.920000076293945,27.200000762939453,27.399999618530273,16031700
2009-02-17,5.488012313842773,26.399999618530273,27.200000762939453,26.34000015258789,27.0,24653600
2009-02-18,5.381992340087891,25.889999389648438,26.959999084472656,25.530000686645508,26.719999313354492,29150400
2009-02-19,5.467223644256592,26.299999237060547,26.6200008392334,26.049999237060547,26.200000762939453,20579500
2009-02-20,5.359127044677734,25.780000686645508,26.079999923706055,25.229999542236328,25.549999237060547,24735200
2009-02-25,5.456830024719238,26.25,26.780000686645508,25.299999237060547,25.299999237060547,17005100
2009-02-26,5.512957572937012,26.520000457763672,27.299999237060547,26.520000457763672,26.799999237060547,21992200
2009-02-27,5.488012313842773,26.399999618530273,27.34000015258789,25.760000228881836,26.0,28490800
2009-03-02,5.201138019561768,25.020000457763672,26.25,24.899999618530273,25.950000762939453,27208200
2009-03-03,5.155405044555664,24.799999237060547,25.5,24.25,25.450000762939453,29979500
2009-03-04,5.481776714324951,26.3700008392334,26.6200008392334,25.649999618530273,25.899999618530273,38319300
2009-03-05,5.404858589172363,26.0,26.649999618530273,25.6200008392334,25.799999237060547,24513900
2009-03-06,5.336261749267578,25.670000076293945,26.889999389648438,24.93000030517578,26.260000228881836,32265100
2009-03-09,5.342496871948242,25.700000762939453,26.399999618530273,25.110000610351562,25.149999618530273,26654800
2009-03-10,5.627290725708008,27.06999969482422,27.200000762939453,26.170000076293945,26.3700008392334,34077900
2009-03-11,5.656394004821777,27.209999084472656,27.56999969482422,26.65999984741211,27.299999237060547,24904000
2009-03-12,5.727071762084961,27.549999237060547,27.649999618530273,26.81999969482422,27.280000686645508,30124900
2009-03-13,5.758254528045654,27.700000762939453,27.989999771118164,27.450000762939453,27.889999389648438,25005100
2009-03-16,5.652235984802246,27.190000534057617,27.959999084472656,26.93000030517578,27.860000610351562,30065700
2009-03-17,5.816461563110352,27.979999542236328,28.040000915527344,26.799999237060547,27.190000534057617,22126700
2009-03-18,5.882981300354004,28.299999237060547,28.56999969482422,27.270000457763672,27.6200008392334,26854900
2009-03-19,6.080469131469727,29.25,29.530000686645508,28.719999313354492,28.729999542236328,30308000
2009-03-20,6.04928731918335,29.100000381469727,30.219999313354492,28.770000457763672,29.25,27860800
2009-03-23,6.4151530265808105,30.860000610351562,31.040000915527344,29.920000076293945,29.920000076293945,30287100
2009-03-24,6.309134006500244,30.350000381469727,30.829999923706055,29.969999313354492,30.549999237060547,24378500
2009-03-25,6.325765132904053,30.43000030517578,30.8700008392334,29.68000030517578,30.420000076293945,22363500
2009-03-26,6.313291549682617,30.3700008392334,31.049999237060547,30.110000610351562,30.850000381469727,22759000
2009-03-27,6.153225421905518,29.600000381469727,29.850000381469727,29.280000686645508,29.799999237060547,19079400
2009-03-30,5.982764720916748,28.780000686645508,28.920000076293945,28.360000610351562,28.850000381469727,16831700
2009-03-31,5.934952259063721,28.549999237060547,29.200000762939453,28.420000076293945,29.100000381469727,22566600
2009-04-01,6.111649513244629,29.399999618530273,29.399999618530273,27.950000762939453,28.100000381469727,25706600
2009-04-02,6.340317249298096,30.5,30.8799991607666,30.15999984741211,30.25,28245600
2009-04-03,6.319527626037598,30.399999618530273,30.6299991607666,29.93000030517578,30.399999618530273,23639000
2009-04-06,6.296661376953125,30.290000915527344,30.299999237060547,29.899999618530273,30.139999389648438,15653800
2009-04-07,6.230138301849365,29.969999313354492,30.420000076293945,29.860000610351562,29.899999618530273,19078400
2009-04-08,6.211431503295898,29.8799991607666,30.139999389648438,29.510000228881836,30.049999237060547,23116200
2009-04-09,6.487334251403809,30.84000015258789,30.899999618530273,30.219999313354492,30.5,25446700
2009-04-13,6.476816654205322,30.790000915527344,30.989999771118164,30.3700008392334,30.5,19650300
2009-04-14,6.4158124923706055,30.5,31.31999969482422,30.31999969482422,30.600000381469727,25087000
2009-04-15,6.3064284324646,29.979999542236328,30.489999771118164,29.469999313354492,30.450000762939453,27419900
2009-04-16,6.310634136199951,30.0,30.25,29.780000686645508,30.139999389648438,21513900
2009-04-17,6.209664821624756,29.520000457763672,30.100000381469727,29.520000457763672,29.889999389648438,15983500
2009-04-20,6.058209419250488,28.799999237060547,29.18000030517578,28.540000915527344,29.0,20440700
2009-04-22,6.018243312835693,28.610000610351562,29.09000015258789,28.459999084472656,28.809999465942383,19251500
2009-04-23,6.157076835632324,29.270000457763672,29.270000457763672,28.719999313354492,28.81999969482422,17908900
2009-04-24,6.16549015045166,29.309999465942383,29.690000534057617,29.079999923706055,29.65999984741211,20031800
2009-04-27,6.035069942474365,28.690000534057617,29.049999237060547,28.520000457763672,28.979999542236328,19210300
2009-04-28,6.064519882202148,28.829999923706055,28.90999984741211,28.149999618530273,28.450000762939453,20363000
2009-04-29,6.2559428215026855,29.739999771118164,29.90999984741211,29.079999923706055,29.200000762939453,22688300
2009-04-30,6.21387243270874,29.540000915527344,30.270000457763672,29.479999542236328,30.079999923706055,22706900
2009-05-04,6.653514385223389,31.6299991607666,31.6299991607666,30.149999618530273,30.280000686645508,37933200
2009-05-05,6.748172283172607,32.08000183105469,32.25,31.360000610351562,31.5,25579600
2009-05-06,6.847038745880127,32.54999923706055,33.040000915527344,32.290000915527344,32.380001068115234,33929000
2009-05-07,6.727136611938477,31.979999542236328,33.040000915527344,31.700000762939453,33.0,23053900
2009-05-08,6.94169807434082,33.0,33.0,32.20000076293945,32.9900016784668,19367000
2009-05-11,6.914350986480713,32.869998931884766,32.95000076293945,32.08000183105469,32.349998474121094,17914100
2009-05-12,6.804964542388916,32.349998474121094,33.40999984741211,32.18000030517578,33.36000061035156,23052000
2009-05-13,6.621959686279297,31.479999542236328,31.8799991607666,31.399999618530273,31.5,21216400
2009-05-14,6.676652908325195,31.739999771118164,31.84000015258789,31.309999465942383,31.43000030517578,17259200
2009-05-15,6.584095001220703,31.299999237060547,31.65999984741211,31.030000686645508,31.649999618530273,18522400
2009-05-18,6.880695819854736,32.709999084472656,32.709999084472656,31.15999984741211,31.399999618530273,27788500
2009-05-19,6.882797718048096,32.720001220703125,33.13999938964844,32.45000076293945,32.709999084472656,18980900
2009-05-20,6.973254203796387,33.150001525878906,33.650001525878906,32.900001525878906,32.900001525878906,24048000
2009-05-21,6.836520195007324,32.5,32.79999923706055,32.15999984741211,32.70000076293945,17313800
2009-05-22,6.914350986480713,32.869998931884766,33.25,32.59000015258789,32.79999923706055,14685100
2009-05-25,6.931183338165283,32.95000076293945,33.29999923706055,32.779998779296875,32.779998779296875,5417400
2009-05-26,7.097362041473389,33.7400016784668,33.7400016784668,32.619998931884766,32.70000076293945,20927700
2009-05-27,7.097362041473389,33.7400016784668,34.38999938964844,33.61000061035156,33.79999923706055,20491500
2009-05-28,7.288784503936768,34.650001525878906,34.70000076293945,33.91999816894531,34.099998474121094,21043400
2009-05-29,7.246710300445557,34.45000076293945,35.20000076293945,34.06999969482422,35.0,28650600
2009-06-01,7.412893295288086,35.2400016784668,35.400001525878906,34.900001525878906,35.25,20880000
2009-06-02,7.26774787902832,34.54999923706055,35.2400016784668,34.45000076293945,34.79999923706055,23927400
2009-06-03,6.973254203796387,33.150001525878906,34.34000015258789,32.849998474121094,34.29999923706055,28315400
2009-06-04,7.170986175537109,34.09000015258789,34.150001525878906,33.099998474121094,33.54999923706055,17792000
2009-06-05,7.147845268249512,33.97999954223633,34.869998931884766,33.79999923706055,34.849998474121094,20168400
2009-06-08,7.126811504364014,33.880001068115234,34.220001220703125,33.29999923706055,33.560001373291016,16380300
2009-06-09,7.048978805541992,33.5099983215332,34.04999923706055,33.34000015258789,33.88999938964844,15940600
2009-06-10,7.126811504364014,33.880001068115234,34.099998474121094,33.54999923706055,33.939998626708984,20064700
2009-06-12,7.141535758972168,33.95000076293945,34.33000183105469,33.880001068115234,34.150001525878906,16928500
2009-06-15,7.004805088043213,33.29999923706055,33.66999816894531,32.810001373291016,33.5,24305700
2009-06-16,6.847038745880127,32.54999923706055,33.70000076293945,32.459999084472656,33.70000076293945,16561000
2009-06-17,6.74186372756958,32.04999923706055,32.41999816894531,31.829999923706055,32.2400016784668,20450100
2009-06-18,6.680858612060547,31.760000228881836,32.2599983215332,31.729999542236328,32.150001525878906,13729700
2009-06-19,6.720824241638184,31.950000762939453,32.380001068115234,31.899999618530273,32.16999816894531,12024300
2009-06-22,6.49153995513916,30.860000610351562,31.75,30.610000610351562,31.700000762939453,19841100
2009-06-23,6.605132102966309,31.399999618530273,31.399999618530273,30.770000457763672,31.0,19291500
2009-06-24,6.520991325378418,31.0,31.8700008392334,30.950000762939453,31.700000762939453,16955500
2009-06-25,6.783933162689209,32.25,32.25,30.75,30.799999237060547,18546900
2009-06-26,6.783933162689209,32.25,32.54999923706055,31.90999984741211,32.0,16477400
2009-06-29,6.952216625213623,33.04999923706055,33.06999969482422,32.54999923706055,32.599998474121094,14429400
2009-06-30,6.8260016441345215,32.45000076293945,33.31999969482422,32.34000015258789,33.189998626708984,18221000
2009-07-01,6.689272403717041,31.799999237060547,32.9900016784668,31.799999237060547,32.90999984741211,18032800
2009-07-02,6.571475505828857,31.239999771118164,31.440000534057617,31.010000228881836,31.399999618530273,16110800
2009-07-03,6.523092746734619,31.010000228881836,31.350000381469727,30.899999618530273,31.299999237060547,5902700
2009-07-06,6.380777835845947,30.040000915527344,30.389999389648438,29.649999618530273,30.290000915527344,19527300
2009-07-07,6.234218120574951,29.350000381469727,30.100000381469727,29.290000915527344,30.030000686645508,20034200
2009-07-08,6.1832404136657715,29.110000610351562,29.649999618530273,28.5,28.989999771118164,21625600
2009-07-09,6.1832404136657715,29.110000610351562,29.110000610351562,29.110000610351562,29.110000610351562,0
2009-07-10,6.302187442779541,29.670000076293945,29.670000076293945,28.899999618530273,29.290000915527344,12741000
2009-07-13,6.32767915725708,29.790000915527344,29.920000076293945,28.950000762939453,29.899999618530273,12951900
2009-07-14,6.285193920135498,29.59000015258789,30.170000076293945,29.3799991607666,29.889999389648438,17864200
2009-07-15,6.533711910247803,30.760000228881836,30.920000076293945,29.950000762939453,30.149999618530273,20497100
2009-07-16,6.574072360992432,30.950000762939453,31.3700008392334,30.25,30.5,15593600
2009-07-17,6.6908955574035645,31.5,31.6200008392334,30.8700008392334,30.950000762939453,15020800
2009-07-20,6.775859355926514,31.899999618530273,32.150001525878906,31.81999969482422,32.0,24404400
2009-07-21,6.758868217468262,31.81999969482422,32.349998474121094,31.6200008392334,32.25,18977200
2009-07-22,6.73125696182251,31.690000534057617,31.989999771118164,31.5,31.549999237060547,16426000
2009-07-23,6.8820672035217285,32.400001525878906,32.66999816894531,31.600000381469727,31.899999618530273,23899100
2009-07-24,6.90330696105957,32.5,32.599998474121094,32.18000030517578,32.279998779296875,10202400
2009-07-27,6.892685890197754,32.45000076293945,32.65999984741211,31.959999084472656,32.54999923706055,11352000
2009-07-28,6.743998050689697,31.75,32.15999984741211,31.479999542236328,31.989999771118164,23117600
2009-07-29,6.563452243804932,30.899999618530273,31.5,30.799999237060547,31.5,17698200
2009-07-30,6.631420135498047,31.219999313354492,31.760000228881836,31.219999313354492,31.450000762939453,14120500
2009-07-31,6.684523582458496,31.469999313354492,31.719999313354492,31.1299991607666,31.219999313354492,13823200
2009-08-03,6.913926601409912,32.54999923706055,32.54999923706055,31.899999618530273,31.950000762939453,15660700
2009-08-04,6.82258939743042,32.119998931884766,32.790000915527344,32.02000045776367,32.36000061035156,16449800
2009-08-05,6.865072727203369,32.31999969482422,32.36000061035156,31.790000915527344,32.25,13152500
2009-08-06,6.775859355926514,31.899999618530273,32.68000030517578,31.770000457763672,32.43000030517578,14993400
2009-08-07,6.797102451324463,32.0,32.38999938964844,31.860000610351562,32.220001220703125,12858500
2009-08-10,6.818341255187988,32.099998474121094,32.150001525878906,31.799999237060547,31.899999618530273,10388100
2009-08-11,6.631420135498047,31.219999313354492,31.989999771118164,31.219999313354492,31.889999389648438,15218100
2009-08-12,6.773737907409668,31.889999389648438,31.93000030517578,31.309999465942383,31.34000015258789,17406300
2009-08-13,6.901182174682617,32.4900016784668,32.4900016784668,31.989999771118164,32.16999816894531,18682600
2009-08-14,6.871443748474121,32.349998474121094,32.59000015258789,32.08000183105469,32.5,16272300
2009-08-17,6.797102451324463,32.0,32.0,31.639999389648438,31.829999923706055,23253300
2009-08-18,6.865072727203369,32.31999969482422,32.4900016784668,32.150001525878906,32.20000076293945,15536500
2009-08-19,6.967030048370361,32.79999923706055,32.81999969482422,31.790000915527344,31.899999618530273,19533500
2009-08-20,7.0201311111450195,33.04999923706055,33.189998626708984,32.7599983215332,32.900001525878906,13608300
2009-08-21,7.143329620361328,33.630001068115234,33.75,33.43000030517578,33.45000076293945,19109600
2009-08-24,7.0944743156433105,33.400001525878906,34.20000076293945,33.20000076293945,33.75,23132800
2009-08-25,7.0583648681640625,33.22999954223633,33.81999969482422,33.189998626708984,33.54999923706055,13731100
2009-08-26,7.045618057250977,33.16999816894531,33.470001220703125,32.95000076293945,33.20000076293945,14627000
2009-08-27,6.979773044586182,32.86000061035156,33.150001525878906,32.349998474121094,33.099998474121094,19954300
2009-08-28,6.913926601409912,32.54999923706055,32.939998626708984,32.16999816894531,32.880001068115234,21557700
2009-08-31,6.665408134460449,31.3799991607666,32.15999984741211,30.850000381469727,32.15999984741211,35023000
2009-09-01,6.7121381759643555,31.600000381469727,32.06999969482422,31.399999618530273,31.75,23821700
2009-09-02,6.828963756561279,32.150001525878906,32.58000183105469,31.65999984741211,31.65999984741211,24828400
2009-09-03,6.837459564208984,32.189998626708984,32.68000030517578,32.02000045776367,32.470001220703125,17969800
2009-09-04,6.905428886413574,32.5099983215332,32.68000030517578,31.8700008392334,32.29999923706055,14677400
2009-09-08,6.984023094177246,32.880001068115234,33.099998474121094,32.61000061035156,32.9900016784668,13316300
2009-09-09,7.00950813293457,33.0,33.18000030517578,32.869998931884766,33.150001525878906,14801100
2009-09-10,7.081727981567383,33.34000015258789,33.369998931884766,32.849998474121094,32.90999984741211,15958900
2009-09-11,7.039247989654541,33.13999938964844,33.5,33.06999969482422,33.400001525878906,11182600
2009-09-14,7.060487747192383,33.2400016784668,33.33000183105469,32.65999984741211,32.900001525878906,13357400
2009-09-15,7.0944743156433105,33.400001525878906,33.58000183105469,33.25,33.38999938964844,13556800
2009-09-16,7.296266555786133,34.349998474121094,34.380001068115234,33.459999084472656,33.529998779296875,28195100
2009-09-17,7.285642623901367,34.29999923706055,34.779998779296875,34.150001525878906,34.18000030517578,20676300
2009-09-18,7.359989643096924,34.650001525878906,34.650001525878906,34.2400016784668,34.2400016784668,11306700
2009-09-21,7.349367141723633,34.599998474121094,34.779998779296875,34.11000061035156,34.380001068115234,19031000
2009-09-22,7.398221015930176,34.83000183105469,35.08000183105469,34.7400016784668,34.88999938964844,16636200
2009-09-23,7.277145862579346,34.2599983215332,34.97999954223633,34.2599983215332,34.880001068115234,20527600
2009-09-24,7.179439067840576,33.79999923706055,34.560001373291016,33.75,34.400001525878906,16311500
2009-09-25,7.245286464691162,34.11000061035156,34.34000015258789,33.70000076293945,33.720001220703125,10817300
2009-09-28,7.410965919494629,34.88999938964844,34.939998626708984,34.18000030517578,34.25,12013400
2009-09-29,7.385473728179932,34.77000045776367,34.9900016784668,34.34000015258789,34.97999954223633,11788700
2009-09-30,7.434327602386475,35.0,35.189998626708984,34.61000061035156,35.060001373291016,19075100
2009-10-01,7.274106502532959,34.04999923706055,34.900001525878906,34.029998779296875,34.650001525878906,14451100
2009-10-02,7.297605037689209,34.15999984741211,34.279998779296875,33.54999923706055,33.779998779296875,19176900
2009-10-05,7.359558582305908,34.45000076293945,34.54999923706055,33.900001525878906,34.29999923706055,12691500
2009-10-06,7.368102550506592,34.4900016784668,34.970001220703125,34.31999969482422,34.869998931884766,13369300
2009-10-07,7.404419898986816,34.65999984741211,34.849998474121094,34.29999923706055,34.41999816894531,12653800
2009-10-08,7.573189735412598,35.45000076293945,35.5,34.75,35.0,17878700
2009-10-09,7.613779067993164,35.63999938964844,35.790000915527344,35.310001373291016,35.400001525878906,11910400
2009-10-13,7.6522321701049805,35.81999969482422,35.95000076293945,35.650001525878906,35.900001525878906,9645900
2009-10-14,7.72273063659668,36.150001525878906,36.33000183105469,36.0,36.20000076293945,21668500
2009-10-15,7.818864345550537,36.599998474121094,36.599998474121094,36.0099983215332,36.04999923706055,19238000
2009-10-16,7.7761383056640625,36.400001525878906,36.75,36.02000045776367,36.04999923706055,14146300
2009-10-19,7.9812235832214355,37.36000061035156,37.4900016784668,36.5,36.599998474121094,22059500
2009-10-20,7.797501564025879,36.5,37.060001373291016,36.02000045776367,36.5,20907400
2009-10-21,7.840225696563721,36.70000076293945,37.70000076293945,36.5099983215332,36.5099983215332,18375800
2009-10-22,7.904317378997803,37.0,37.380001068115234,36.689998626708984,37.0,12359100
2009-10-23,7.797501564025879,36.5,37.560001373291016,36.45000076293945,37.349998474121094,15573600
2009-10-26,7.840225696563721,36.70000076293945,37.220001220703125,36.43000030517578,36.599998474121094,16126300
2009-10-27,7.680004119873047,35.95000076293945,37.09000015258789,35.95000076293945,36.90999984741211,16368100
2009-10-28,7.314694881439209,34.2400016784668,36.290000915527344,34.2400016784668,36.04999923706055,25206800
2009-10-29,7.703502655029297,36.060001373291016,36.119998931884766,34.83000183105469,35.279998779296875,17516900
2009-10-30,7.485600471496582,35.040000915527344,36.38999938964844,34.5,36.0,20293200
2009-11-03,7.594552993774414,35.54999923706055,35.93000030517578,34.47999954223633,34.75,13545800
2009-11-04,7.626596450805664,35.70000076293945,36.25,35.5099983215332,36.099998474121094,12116500
2009-11-05,7.7761383056640625,36.400001525878906,36.400001525878906,35.619998931884766,35.689998626708984,13248600
2009-11-06,7.701366901397705,36.04999923706055,36.7400016784668,35.88999938964844,36.59000015258789,14037400
2009-11-09,7.921407699584961,37.08000183105469,37.08000183105469,36.54999923706055,36.70000076293945,14500900
2009-11-10,7.9919047355651855,37.40999984741211,37.599998474121094,36.79999923706055,36.9900016784668,20081300
2009-11-11,8.032495498657227,37.599998474121094,38.0,37.5099983215332,37.81999969482422,22260500
2009-11-12,7.872271537780762,36.849998474121094,37.88999938964844,36.79999923706055,37.540000915527344,20004100
2009-11-13,7.9320878982543945,37.130001068115234,37.5,36.849998474121094,37.06999969482422,16548000
2009-11-16,7.985495567321777,37.380001068115234,37.849998474121094,37.310001373291016,37.63999938964844,21938600
2009-11-17,8.203399658203125,38.400001525878906,38.47999954223633,37.27000045776367,37.47999954223633,34941300
2009-11-18,8.160672187805176,38.20000076293945,39.20000076293945,38.20000076293945,38.689998626708984,20378100
2009-11-19,8.224761009216309,38.5,38.900001525878906,37.90999984741211,37.90999984741211,21383100
2009-11-23,8.299531936645508,38.849998474121094,39.15999984741211,38.599998474121094,38.900001525878906,14651400
2009-11-24,8.36362075805664,39.150001525878906,39.150001525878906,38.380001068115234,38.7599983215332,15933400
2009-11-25,8.427711486816406,39.45000076293945,39.650001525878906,39.0,39.29999923706055,15840600
2009-11-26,8.214079856872559,38.45000076293945,39.09000015258789,38.45000076293945,38.95000076293945,10604400
2009-11-27,8.310213088989258,38.900001525878906,38.939998626708984,38.09000015258789,38.20000076293945,14425600
2009-11-30,8.288847923278809,38.79999923706055,39.18000030517578,38.72999954223633,38.90999984741211,16162700
2009-12-01,8.500344276428223,39.790000915527344,39.849998474121094,39.150001525878906,39.25,14904300
2009-12-02,8.419163703918457,39.40999984741211,40.09000015258789,39.40999984741211,39.75,14653000
2009-12-03,8.39566421508789,39.29999923706055,39.9900016784668,39.29999923706055,39.900001525878906,12931600
2009-12-04,8.203399658203125,38.400001525878906,39.81999969482422,38.20000076293945,39.20000076293945,18715700
2009-12-07,8.203399658203125,38.400001525878906,38.88999938964844,38.150001525878906,38.779998779296875,15607800
2009-12-08,8.030356407165527,37.59000015258789,38.20000076293945,37.5,38.189998626708984,17671900
2009-12-09,8.030356407165527,37.59000015258789,38.06999969482422,37.27000045776367,38.0,15754500
2009-12-10,8.06667423248291,37.7599983215332,38.0,37.45000076293945,37.810001373291016,16657500
2009-12-11,8.075221061706543,37.79999923706055,38.2599983215332,37.75,38.04999923706055,17228400
2009-12-14,8.096583366394043,37.900001525878906,38.099998474121094,37.849998474121094,38.02000045776367,12654600
2009-12-15,8.117942810058594,38.0,38.15999984741211,37.68000030517578,37.709999084472656,11636700
2009-12-16,8.088038444519043,37.86000061035156,38.45000076293945,37.849998474121094,38.11000061035156,16749500
2009-12-17,7.876546382904053,36.869998931884766,37.79999923706055,36.869998931884766,37.650001525878906,17474500
2009-12-18,7.8145904541015625,36.58000183105469,37.20000076293945,36.470001220703125,37.09000015258789,16157100
2009-12-21,7.561123847961426,35.20000076293945,36.849998474121094,35.20000076293945,36.79999923706055,20905000
2009-12-22,7.805996894836426,36.34000015258789,36.34000015258789,35.599998474121094,35.72999954223633,15008900
2009-12-23,7.883327484130859,36.70000076293945,36.7599983215332,36.150001525878906,36.5,11004500
2009-12-24,7.883327484130859,36.70000076293945,36.70000076293945,36.70000076293945,36.70000076293945,0
2009-12-28,7.894067287445068,36.75,37.0,36.630001068115234,36.90999984741211,9099900
2009-12-29,7.894067287445068,36.75,36.75,36.75,36.75,0
2009-12-30,7.881180286407471,36.689998626708984,36.689998626708984,36.349998474121094,36.56999969482422,13901400
2010-01-04,8.016507148742676,37.31999969482422,37.31999969482422,36.81999969482422,36.95000076293945,13303600
2010-01-05,7.947770595550537,37.0,37.43000030517578,36.79999923706055,37.380001068115234,21396400
2010-01-06,8.055171966552734,37.5,37.5,36.79999923706055,36.79999923706055,18720600
2010-01-07,7.979991436004639,37.150001525878906,37.45000076293945,37.06999969482422,37.27000045776367,10964600
2010-01-08,7.937029838562012,36.95000076293945,37.38999938964844,36.86000061035156,37.15999984741211,14624200
2010-01-11,7.911252498626709,36.83000183105469,37.34000015258789,36.619998931884766,37.209999084472656,15317700
2010-01-12,7.810295104980469,36.36000061035156,36.68000030517578,36.040000915527344,36.59000015258789,14886200
2010-01-13,7.797409534454346,36.29999923706055,36.7400016784668,35.84000015258789,36.560001373291016,23228200
2010-01-14,7.662081241607666,35.66999816894531,36.459999084472656,35.560001373291016,36.279998779296875,20073400
2010-01-15,7.679263114929199,35.75,36.099998474121094,35.5099983215332,35.56999969482422,21169000
2010-01-18,7.851107120513916,36.54999923706055,36.66999816894531,35.77000045776367,35.900001525878906,23168400
2010-01-19,7.8145904541015625,36.380001068115234,36.650001525878906,36.2400016784668,36.45000076293945,16895900
2010-01-20,7.614822864532471,35.45000076293945,36.150001525878906,35.2599983215332,36.099998474121094,18757500
2010-01-21,7.374244689941406,34.33000183105469,35.70000076293945,34.290000915527344,35.58000183105469,24553000
2010-01-22,7.46445894241333,34.75,34.79999923706055,34.060001373291016,34.11000061035156,19025100
2010-01-26,7.281877040863037,33.900001525878906,34.34000015258789,33.650001525878906,34.290000915527344,20281200
2010-01-27,7.326984882354736,34.11000061035156,34.290000915527344,33.5099983215332,33.900001525878906,19908600
2010-01-28,7.434387683868408,34.61000061035156,34.689998626708984,33.869998931884766,34.599998474121094,13819200
2010-01-29,7.339873313903809,34.16999816894531,35.04999923706055,33.93000030517578,34.779998779296875,16106700
2010-02-01,7.367797374725342,34.29999923706055,34.4900016784668,33.900001525878906,34.290000915527344,15869300
2010-02-02,7.324836730957031,34.099998474121094,34.66999816894531,34.060001373291016,34.5099983215332,15289600
2010-02-03,7.311952114105225,34.040000915527344,34.18000030517578,33.72999954223633,34.04999923706055,16091200
2010-02-04,6.938190937042236,32.29999923706055,33.939998626708984,32.119998931884766,33.84000015258789,24280300
2010-02-05,6.7706403732299805,31.520000457763672,32.27000045776367,30.719999313354492,31.799999237060547,29033800
2010-02-08,6.817898750305176,31.739999771118164,32.2599983215332,31.420000076293945,31.799999237060547,18684700
2010-02-09,6.925299644470215,32.2400016784668,32.68000030517578,32.099998474121094,32.20000076293945,18104200
2010-02-10,7.011224269866943,32.63999938964844,32.72999954223633,31.770000457763672,32.33000183105469,21909900
2010-02-11,7.165879249572754,33.36000061035156,33.470001220703125,32.72999954223633,32.88999938964844,24110900
2010-02-12,7.2603960037231445,33.79999923706055,34.02000045776367,32.95000076293945,33.0,19127100
2010-02-17,7.357057571411133,34.25,34.5,34.029998779296875,34.38999938964844,16622400
2010-02-18,7.451570510864258,34.689998626708984,34.689998626708984,33.81999969482422,34.2400016784668,17017800
2010-02-19,7.378537178039551,34.349998474121094,34.650001525878906,34.15999984741211,34.41999816894531,11889400
2010-02-22,7.4429802894592285,34.650001525878906,34.88999938964844,34.40999984741211,34.5,19817500
2010-02-23,7.3441691398620605,34.189998626708984,34.650001525878906,34.0,34.40999984741211,16937500
2010-02-24,7.290469169616699,33.939998626708984,34.349998474121094,33.63999938964844,34.290000915527344,13563100
2010-02-25,7.384984493255615,34.380001068115234,34.5,33.2599983215332,33.47999954223633,18650100
2010-02-26,7.434387683868408,34.61000061035156,34.75,34.209999084472656,34.59000015258789,17804300
2010-03-01,7.503126621246338,34.93000030517578,35.04999923706055,34.41999816894531,34.81999969482422,16959300
2010-03-02,7.543937683105469,35.119998931884766,35.52000045776367,35.119998931884766,35.25,17108100
2010-03-03,7.550382614135742,35.150001525878906,35.81999969482422,35.04999923706055,35.279998779296875,19957600
2010-03-04,7.561123847961426,35.20000076293945,35.4900016784668,34.810001373291016,35.38999938964844,14068900
2010-03-05,7.692152500152588,35.810001373291016,35.91999816894531,35.400001525878906,35.689998626708984,28235000
2010-03-08,7.668524265289307,35.70000076293945,35.9900016784668,35.40999984741211,35.939998626708984,15902100
2010-03-09,7.840367794036865,36.5,36.849998474121094,35.459999084472656,35.5,68696600
2010-03-10,7.947770595550537,37.0,37.15999984741211,36.650001525878906,36.880001068115234,32196400
2010-03-11,7.95850944519043,37.04999923706055,37.470001220703125,36.810001373291016,36.93000030517578,19449600
2010-03-12,7.960655689239502,37.060001373291016,37.40999984741211,37.060001373291016,37.20000076293945,13940300
2010-03-15,7.8983659744262695,36.77000045776367,37.22999954223633,36.470001220703125,36.7599983215332,19839600
2010-03-16,7.992880821228027,37.209999084472656,37.209999084472656,36.70000076293945,36.93000030517578,12807500
2010-03-17,7.979991436004639,37.150001525878906,37.47999954223633,36.93000030517578,37.43000030517578,10298100
2010-03-18,7.9520673751831055,37.02000045776367,37.400001525878906,36.7599983215332,37.13999938964844,12061700
2010-03-19,7.7823710441589355,36.22999954223633,37.09000015258789,36.15999984741211,37.0,24306500
2010-03-22,7.784517288208008,36.2400016784668,36.36000061035156,35.5,35.61000061035156,13489200
2010-03-23,7.694302082061768,35.81999969482422,36.41999816894531,35.709999084472656,36.380001068115234,17207000
2010-03-24,7.7522969245910645,36.09000015258789,36.56999969482422,35.599998474121094,35.79999923706055,18683500
2010-03-25,7.561123847961426,35.20000076293945,36.43000030517578,35.20000076293945,36.33000183105469,17698800
2010-03-26,7.410759925842285,34.5,35.54999923706055,34.29999923706055,35.40999984741211,28820300
2010-03-29,7.4966816902160645,34.900001525878906,35.20000076293945,34.119998931884766,34.7400016784668,19312800
2010-03-30,7.475196838378906,34.79999923706055,35.29999923706055,34.7599983215332,35.09000015258789,12365900
2010-03-31,7.601935863494873,35.38999938964844,35.38999938964844,34.5099983215332,34.599998474121094,16551700
2010-04-01,7.679263114929199,35.75,35.900001525878906,35.54999923706055,35.65999984741211,13721900
2010-04-05,7.735113620758057,36.0099983215332,36.25,35.81999969482422,35.95000076293945,12120300
2010-04-06,7.750150680541992,36.08000183105469,36.40999984741211,35.83000183105469,35.91999816894531,13410200
2010-04-07,7.690005302429199,35.79999923706055,36.2400016784668,35.59000015258789,35.939998626708984,15079400
2010-04-08,7.692152500152588,35.810001373291016,35.900001525878906,35.459999084472656,35.58000183105469,13552100
2010-04-09,7.567564964294434,35.22999954223633,36.09000015258789,35.22999954223633,35.79999923706055,17017800
2010-04-12,7.3871283531188965,34.38999938964844,35.43000030517578,34.279998779296875,35.25,29883800
2010-04-13,7.3441691398620605,34.189998626708984,34.59000015258789,33.900001525878906,34.470001220703125,19661600
2010-04-14,7.357057571411133,34.25,34.4900016784668,34.04999923706055,34.29999923706055,17377900
2010-04-15,7.217434406280518,33.599998474121094,34.45000076293945,33.540000915527344,34.279998779296875,43408800
2010-04-16,7.077810764312744,32.95000076293945,33.58000183105469,32.720001220703125,33.5,48889400
2010-04-19,7.206696033477783,33.54999923706055,33.54999923706055,32.5099983215332,32.599998474121094,23996300
2010-04-20,7.367797374725342,34.29999923706055,34.29999923706055,33.79999923706055,33.79999923706055,22158800
2010-04-22,7.273283958435059,33.86000061035156,34.040000915527344,33.40999984741211,33.900001525878906,19873300
2010-04-23,7.3584065437316895,34.0,34.0,33.540000915527344,33.56999969482422,12312800
2010-04-26,7.20906925201416,33.310001373291016,34.18000030517578,33.310001373291016,34.099998474121094,13810200
2010-04-27,6.947198390960693,32.099998474121094,33.099998474121094,32.099998474121094,33.06999969482422,23019700
2010-04-28,7.009960651397705,32.38999938964844,33.0,31.899999618530273,32.31999969482422,17380900
2010-04-29,7.146307468414307,33.02000045776367,33.099998474121094,32.52000045776367,32.84000015258789,11932800
2010-04-30,7.098695278167725,32.79999923706055,33.20000076293945,32.560001373291016,32.810001373291016,15687800
2010-05-03,6.81734561920166,31.5,32.630001068115234,31.459999084472656,32.54999923706055,28849400
2010-05-04,6.5879340171813965,30.440000534057617,31.270000457763672,29.90999984741211,31.200000762939453,39268400
2010-05-05,6.53816032409668,30.209999084472656,30.809999465942383,29.760000228881836,30.0,29471100
2010-05-06,6.451589584350586,29.809999465942383,30.780000686645508,28.299999237060547,30.09000015258789,32015500
2010-05-07,6.438602924346924,29.75,30.309999465942383,29.139999389648438,29.989999771118164,24546000
2010-05-10,6.525173187255859,30.149999618530273,31.100000381469727,30.149999618530273,31.0,20988100
2010-05-11,6.410467147827148,29.6200008392334,30.280000686645508,29.600000381469727,29.81999969482422,17334600
2010-05-12,6.471065998077393,29.899999618530273,30.0,29.670000076293945,29.950000762939453,15380800
2010-05-13,6.492707252502441,30.0,30.40999984741211,29.950000762939453,30.200000762939453,16122900
2010-05-14,6.512187957763672,30.09000015258789,30.100000381469727,29.309999465942383,29.790000915527344,24270200
2010-05-17,6.460245609283447,29.850000381469727,30.389999389648438,29.559999465942383,30.200000762939453,26530800
2010-05-18,6.323897361755371,29.219999313354492,30.139999389648438,29.170000076293945,30.1200008392334,17679200
2010-05-19,6.178894996643066,28.549999237060547,29.469999313354492,28.549999237060547,28.90999984741211,25227200
2010-05-20,5.93649959564209,27.43000030517578,28.100000381469727,27.43000030517578,28.0,25639300
2010-05-21,5.968964099884033,27.579999923706055,28.049999237060547,27.1299991607666,27.479999542236328,28529000
2010-05-24,5.918821811676025,27.149999618530273,27.780000686645508,27.100000381469727,27.399999618530273,14996100
2010-05-25,5.788019180297852,26.549999237060547,26.719999313354492,26.0,26.299999237060547,24219500
2010-05-26,5.897022247314453,27.049999237060547,27.420000076293945,26.6299991607666,27.020000457763672,20468900
2010-05-27,6.062706470489502,27.809999465942383,27.920000076293945,27.399999618530273,27.5,18332900
2010-05-28,6.062706470489502,27.809999465942383,27.809999465942383,27.809999465942383,27.809999465942383,0
2010-05-31,6.4529337882995605,29.600000381469727,29.600000381469727,28.209999084472656,28.209999084472656,14270600
2010-06-01,6.24583101272583,28.649999618530273,29.690000534057617,28.479999542236328,29.0,25987900
2010-06-02,6.343929767608643,29.100000381469727,29.350000381469727,28.639999389648438,28.639999389648438,13859300
2010-06-04,6.376633167266846,29.25,29.68000030517578,28.75,28.8700008392334,15178000
2010-06-07,6.4354939460754395,29.520000457763672,30.079999923706055,29.329999923706055,29.450000762939453,16452000
2010-06-08,6.466015815734863,29.65999984741211,30.030000686645508,29.440000534057617,29.760000228881836,16120800
2010-06-09,6.4420342445373535,29.549999237060547,30.3799991607666,29.549999237060547,29.899999618530273,20135000
2010-06-10,6.51833438873291,29.899999618530273,30.25,29.760000228881836,30.0,17889600
2010-06-11,6.4572930335998535,29.6200008392334,29.81999969482422,29.420000076293945,29.690000534057617,11613900
2010-06-14,6.3330302238464355,29.049999237060547,29.940000534057617,29.020000457763672,29.899999618530273,15282500
2010-06-15,6.322129249572754,29.0,29.239999771118164,28.729999542236328,29.100000381469727,12607800
2010-06-16,6.463832378387451,29.649999618530273,29.799999237060547,28.799999237060547,28.850000381469727,24436900
2010-06-17,6.4354939460754395,29.520000457763672,29.850000381469727,29.31999969482422,29.700000762939453,15576800
2010-06-18,6.428952693939209,29.489999771118164,29.65999984741211,29.25,29.59000015258789,12366200
2010-06-21,6.409332752227783,29.399999618530273,29.969999313354492,29.3799991607666,29.709999084472656,23758300
2010-06-22,6.3461103439331055,29.110000610351562,29.6200008392334,29.010000228881836,29.389999389648438,19578200
2010-06-23,6.213129043579102,28.5,29.329999923706055,28.360000610351562,29.200000762939453,24118000
2010-06-24,5.992944240570068,27.489999771118164,28.450000762939453,27.489999771118164,28.450000762939453,21828900
2010-06-25,6.084504127502441,27.90999984741211,28.049999237060547,27.309999465942383,27.350000381469727,10738000
2010-06-28,5.977684020996094,27.420000076293945,28.059999465942383,27.34000015258789,27.920000076293945,7278900
2010-06-29,5.849060535430908,26.829999923706055,27.100000381469727,26.709999084472656,27.0,16290900
2010-06-30,5.855602264404297,26.860000610351562,27.5,26.81999969482422,26.959999084472656,18010900
2010-07-01,5.7662200927734375,26.450000762939453,27.209999084472656,26.309999465942383,27.110000610351562,18632300
2010-07-02,5.8359808921813965,26.770000457763672,26.989999771118164,26.520000457763672,26.719999313354492,10088300
2010-07-05,5.785840034484863,26.540000915527344,27.049999237060547,26.540000915527344,26.780000686645508,6883900
2010-07-06,5.897022247314453,27.049999237060547,27.299999237060547,26.760000228881836,27.0,15896300
2010-07-07,5.973323345184326,27.399999618530273,27.520000457763672,26.780000686645508,27.200000762939453,16555400
2010-07-08,6.0125651359558105,27.579999923706055,27.639999389648438,27.209999084472656,27.479999542236328,10498100
2010-07-12,5.93626070022583,27.229999542236328,27.739999771118164,27.18000030517578,27.6200008392334,9365000
2010-07-13,5.951522350311279,27.299999237060547,27.489999771118164,27.06999969482422,27.399999618530273,12667200
2010-07-14,5.951522350311279,27.299999237060547,27.399999618530273,26.93000030517578,27.049999237060547,11099800
2010-07-15,5.910101890563965,27.110000610351562,27.299999237060547,26.8700008392334,27.299999237060547,7914000
2010-07-16,5.851241111755371,26.84000015258789,27.09000015258789,26.709999084472656,27.040000915527344,9806100
2010-07-19,5.875222682952881,26.950000762939453,27.059999465942383,26.68000030517578,26.850000381469727,12468700
2010-07-20,6.027824401855469,27.649999618530273,27.81999969482422,26.709999084472656,26.770000457763672,16035400
2010-07-21,5.9951252937316895,27.5,28.049999237060547,27.389999389648438,27.829999923706055,11651800
2010-07-22,6.099765777587891,27.979999542236328,28.280000686645508,27.68000030517578,27.84000015258789,13382700
2010-07-23,6.058345317840576,27.790000915527344,28.049999237060547,27.59000015258789,27.989999771118164,12762200
2010-07-26,6.082325458526611,27.899999618530273,28.040000915527344,27.700000762939453,27.790000915527344,7666200
2010-07-27,6.099765777587891,27.979999542236328,28.15999984741211,27.860000610351562,28.0,10359400
2010-07-28,6.060525894165039,27.799999237060547,28.049999237060547,27.729999542236328,27.950000762939453,11317300
2010-07-29,6.047447204589844,27.739999771118164,27.950000762939453,27.6299991607666,27.84000015258789,10324200
2010-07-30,6.0714263916015625,27.850000381469727,27.93000030517578,27.450000762939453,27.65999984741211,12928700
2010-08-02,6.2448954582214355,28.440000534057617,28.559999465942383,27.950000762939453,27.969999313354492,17740200
2010-08-03,6.385427951812744,29.079999923706055,29.530000686645508,28.200000762939453,28.399999618530273,24018500
2010-08-04,6.4425177574157715,29.34000015258789,29.540000915527344,29.059999465942383,29.360000610351562,20894700
2010-08-05,6.462281227111816,29.43000030517578,29.479999542236328,29.100000381469727,29.270000457763672,11125200
2010-08-06,6.387622356414795,29.09000015258789,29.450000762939453,28.940000534057617,29.200000762939453,11196700
2010-08-09,6.330531120300293,28.829999923706055,29.350000381469727,28.799999237060547,29.350000381469727,10274900
2010-08-10,6.238306522369385,28.40999984741211,28.6200008392334,28.18000030517578,28.6200008392334,16439600
2010-08-11,6.038487434387207,27.5,28.15999984741211,27.5,28.040000915527344,16895900
2010-08-12,6.045075416564941,27.530000686645508,27.860000610351562,27.200000762939453,27.3799991607666,13560300
2010-08-13,6.073622226715088,27.65999984741211,27.81999969482422,27.5,27.649999618530273,12344200
2010-08-16,6.062642574310303,27.610000610351562,27.799999237060547,27.59000015258789,27.610000610351562,15292800
2010-08-17,6.2141523361206055,28.299999237060547,28.549999237060547,27.760000228881836,27.760000228881836,15546700
2010-08-18,6.078014373779297,27.68000030517578,28.350000381469727,27.610000610351562,28.290000915527344,20458600
2010-08-19,5.880390644073486,26.780000686645508,27.389999389648438,26.709999084472656,26.90999984741211,26365800
2010-08-20,5.880390644073486,26.780000686645508,27.079999923706055,26.559999465942383,26.75,17204600
2010-08-23,5.854040622711182,26.65999984741211,27.190000534057617,26.65999984741211,26.920000076293945,10445000
2010-08-24,5.739858150482178,26.139999389648438,26.850000381469727,26.139999389648438,26.5,15741900
2010-08-25,5.726682186126709,26.079999923706055,26.290000915527344,25.5,26.06999969482422,21490600
2010-08-26,5.643242359161377,25.700000762939453,26.700000762939453,25.700000762939453,26.700000762939453,22021900
2010-08-27,5.832083702087402,26.559999465942383,26.59000015258789,25.6200008392334,25.950000762939453,14878800
2010-08-30,5.588347434997559,25.450000762939453,26.43000030517578,25.450000762939453,26.350000381469727,22067300
2010-08-31,5.722290515899658,26.059999465942383,26.059999465942383,25.520000457763672,25.520000457763672,15881100
2010-09-01,5.935284614562988,27.030000686645508,27.190000534057617,26.149999618530273,26.299999237060547,19359200
2010-09-02,6.0604472160339355,27.600000381469727,28.149999618530273,26.739999771118164,26.889999389648438,26761400
2010-09-03,6.323945045471191,28.799999237060547,28.920000076293945,28.049999237060547,28.299999237060547,46190200
2010-09-06,6.387622356414795,29.09000015258789,29.290000915527344,28.6299991607666,29.18000030517578,19635800
2010-09-08,6.110950946807861,27.829999923706055,28.479999542236328,27.790000915527344,28.309999465942383,32338400
2010-09-09,6.018726348876953,27.40999984741211,28.139999389648438,27.190000534057617,28.06999969482422,20191800
2010-09-10,6.042879581451416,27.520000457763672,27.940000534057617,27.40999984741211,27.5,16665300
2010-09-13,6.2141523361206055,28.299999237060547,28.31999969482422,27.549999237060547,27.75,24171200
2010-09-14,5.895761013031006,26.850000381469727,28.56999969482422,26.850000381469727,28.190000534057617,39196800
2010-09-15,5.807929039001465,26.450000762939453,26.600000381469727,25.75,26.0,40928700
2010-09-16,5.788164138793945,26.360000610351562,26.68000030517578,26.049999237060547,26.110000610351562,20305300
2010-09-17,5.805733680725098,26.440000534057617,26.540000915527344,26.100000381469727,26.1299991607666,18012500
2010-09-20,5.950655937194824,27.100000381469727,27.43000030517578,26.200000762939453,26.420000076293945,26848600
2010-09-21,5.785970211029053,26.350000381469727,27.25,26.350000381469727,27.1200008392334,28615300
2010-09-22,5.7047271728515625,25.979999542236328,26.43000030517578,25.81999969482422,26.09000015258789,43614700
2010-09-23,5.884782314300537,26.799999237060547,27.459999084472656,25.920000076293945,25.920000076293945,55285600
2010-09-24,5.774991035461426,26.299999237060547,27.09000015258789,26.299999237060547,27.049999237060547,85873800
2010-09-27,5.81890869140625,26.5,26.690000534057617,26.049999237060547,26.34000015258789,57987900
2010-09-28,5.862824440002441,26.700000762939453,26.889999389648438,26.450000762939453,26.760000228881836,34634300
2010-09-29,6.038487434387207,27.5,27.5,26.540000915527344,26.600000381469727,77343700
2010-09-30,5.992376327514648,27.290000915527344,27.950000762939453,27.219999313354492,27.649999618530273,35377400
2010-10-01,6.038487434387207,27.5,27.700000762939453,27.309999465942383,27.579999923706055,22431100
2010-10-04,6.012139797210693,27.3799991607666,27.850000381469727,27.350000381469727,27.479999542236328,25001100
2010-10-05,5.9243059158325195,26.979999542236328,27.600000381469727,26.760000228881836,27.59000015258789,42377800
2010-10-06,5.678374767303467,25.860000610351562,26.889999389648438,25.59000015258789,26.799999237060547,67569200
2010-10-07,5.555409908294678,25.299999237060547,26.049999237060547,24.639999389648438,26.049999237060547,59209700
2010-10-08,5.7091169357299805,26.0,26.0,24.8799991607666,25.209999084472656,32670900
2010-10-11,5.676179885864258,25.850000381469727,26.209999084472656,25.780000686645508,26.100000381469727,14338300
2010-10-13,5.645440578460693,25.709999084472656,26.09000015258789,25.579999923706055,26.020000457763672,30156000
2010-10-14,5.805733680725098,26.440000534057617,26.440000534057617,25.440000534057617,25.65999984741211,40386400
2010-10-15,5.7727952003479,26.290000915527344,26.639999389648438,26.18000030517578,26.530000686645508,26691200
2010-10-18,5.7969489097595215,26.399999618530273,26.5,25.969999313354492,26.149999618530273,28001900
2010-10-19,5.551019191741943,25.280000686645508,26.1200008392334,25.280000686645508,25.940000534057617,31746200
2010-10-20,5.487338066101074,24.989999771118164,25.6299991607666,24.989999771118164,25.469999313354492,30872600
2010-10-21,5.305088043212891,24.15999984741211,25.229999542236328,24.100000381469727,25.049999237060547,44679400
2010-10-22,5.316065311431885,24.209999084472656,24.709999084472656,23.899999618530273,24.459999084472656,28738200
2010-10-25,5.395114898681641,24.56999969482422,24.790000915527344,24.350000381469727,24.450000762939453,21647100
2010-10-26,5.676179885864258,25.850000381469727,26.25,24.450000762939453,24.520000457763672,46812400
2010-10-27,5.750835418701172,26.190000534057617,27.049999237060547,25.239999771118164,25.700000762939453,56750100
2010-10-28,5.766208171844482,26.260000228881836,26.84000015258789,25.8700008392334,26.489999771118164,36697700
2010-10-29,5.676179885864258,25.850000381469727,26.59000015258789,25.850000381469727,26.59000015258789,31585700
2010-11-01,5.816713333129883,26.489999771118164,26.670000076293945,25.93000030517578,26.049999237060547,22132600
2010-11-03,5.960198402404785,27.0,27.110000610351562,26.5,26.700000762939453,36288300
2010-11-04,6.070572853088379,27.5,27.639999389648438,27.209999084472656,27.350000381469727,32455000
2010-11-05,6.015383243560791,27.25,27.649999618530273,27.25,27.420000076293945,16761300
2010-11-08,6.0771942138671875,27.530000686645508,27.579999923706055,27.100000381469727,27.110000610351562,25051600
2010-11-09,5.986686706542969,27.1200008392334,27.770000457763672,27.1200008392334,27.6200008392334,20757700
2010-11-10,5.988897323608398,27.1299991607666,27.25,26.8700008392334,27.110000610351562,21229300
2010-11-11,5.898387432098389,26.719999313354492,27.110000610351562,26.649999618530273,27.06999969482422,27355900
2010-11-12,5.706338405609131,25.850000381469727,26.389999389648438,25.81999969482422,26.239999771118164,41525500
2010-11-16,5.607002258300781,25.399999618530273,25.90999984741211,25.1299991607666,25.850000381469727,32183100
2010-11-17,5.618039608001709,25.450000762939453,25.690000534057617,25.280000686645508,25.489999771118164,16842600
2010-11-18,5.717374324798584,25.899999618530273,26.09000015258789,25.709999084472656,25.850000381469727,24640000
2010-11-19,5.6732258796691895,25.700000762939453,25.75,25.420000076293945,25.700000762939453,16481500
2010-11-22,5.531946182250977,25.059999465942383,25.670000076293945,24.950000762939453,25.639999389648438,19249900
2010-11-23,5.441441059112549,24.649999618530273,24.93000030517578,24.520000457763672,24.690000534057617,27569300
2010-11-24,5.571679592132568,25.239999771118164,25.3700008392334,24.75,24.899999618530273,23972500
2010-11-25,5.485589504241943,24.850000381469727,25.350000381469727,24.850000381469727,25.350000381469727,8896300
2010-11-26,5.430403709411621,24.600000381469727,24.829999923706055,24.43000030517578,24.65999984741211,17078100
2010-11-29,5.45247745513916,24.700000762939453,24.940000534057617,24.459999084472656,24.549999237060547,18657100
2010-11-30,5.428195953369141,24.59000015258789,25.100000381469727,24.510000228881836,24.690000534057617,28357900
2010-12-01,5.576097011566162,25.260000228881836,25.34000015258789,24.969999313354492,25.030000686645508,22328400
2010-12-02,5.607002258300781,25.399999618530273,25.690000534057617,25.299999237060547,25.450000762939453,19060800
2010-12-03,5.6732258796691895,25.700000762939453,25.700000762939453,25.229999542236328,25.450000762939453,15838500
2010-12-06,5.708545207977295,25.860000610351562,26.040000915527344,25.709999084472656,25.760000228881836,17859600
2010-12-07,5.595963001251221,25.350000381469727,26.290000915527344,25.350000381469727,26.200000762939453,27050000
2010-12-08,5.518700122833252,25.0,25.5,25.0,25.3799991607666,21494200
2010-12-09,5.607002258300781,25.399999618530273,25.5,25.09000015258789,25.170000076293945,21341600
2010-12-10,5.6732258796691895,25.700000762939453,25.739999771118164,25.450000762939453,25.600000381469727,14107600
2010-12-13,5.719582557678223,25.90999984741211,26.09000015258789,25.8799991607666,25.889999389648438,16896400
2010-12-14,5.701923847198486,25.829999923706055,26.040000915527344,25.719999313354492,25.829999923706055,15664600
2010-12-15,5.60037899017334,25.3700008392334,25.709999084472656,25.3700008392334,25.59000015258789,23538200
2010-12-16,5.595963001251221,25.350000381469727,25.649999618530273,25.260000228881836,25.5,15651800
2010-12-17,5.726203441619873,25.940000534057617,25.940000534057617,25.040000915527344,25.229999542236328,17747100
2010-12-20,5.644529342651367,25.56999969482422,26.059999465942383,25.56999969482422,25.940000534057617,31823100
2010-12-21,5.688675403594971,25.770000457763672,25.93000030517578,25.709999084472656,25.84000015258789,16018600
2010-12-22,5.722048759460449,25.719999313354492,25.719999313354492,25.469999313354492,25.559999465942383,11576500
2010-12-23,5.728723049163818,25.75,25.8700008392334,25.559999465942383,25.639999389648438,12437000
2010-12-27,5.79546594619751,26.049999237060547,26.09000015258789,25.520000457763672,25.559999465942383,12045200
2010-12-28,5.931174278259277,26.65999984741211,26.709999084472656,26.209999084472656,26.299999237060547,21577300
2010-12-29,6.000142574310303,26.969999313354492,27.170000076293945,26.780000686645508,26.780000686645508,20295300
2010-12-30,6.071335792541504,27.290000915527344,27.440000534057617,27.09000015258789,27.290000915527344,29619400
2011-01-03,6.006815433502197,27.0,27.579999923706055,26.90999984741211,27.5,22738500
2011-01-04,5.984569549560547,26.899999618530273,27.059999465942383,26.399999618530273,27.010000228881836,30936600
2011-01-05,6.055761814117432,27.219999313354492,27.350000381469727,26.579999923706055,26.68000030517578,24306800
2011-01-06,6.031289100646973,27.110000610351562,27.459999084472656,27.010000228881836,27.200000762939453,24328800
2011-01-07,5.946747303009033,26.729999542236328,27.18000030517578,26.729999542236328,27.020000457763672,17453800
2011-01-10,6.00236701965332,26.979999542236328,27.020000457763672,26.579999923706055,26.649999618530273,14366200
2011-01-11,6.040187358856201,27.149999618530273,27.399999618530273,27.06999969482422,27.100000381469727,23190100
2011-01-12,6.207045078277588,27.899999618530273,27.979999542236328,27.31999969482422,27.3799991607666,39193500
2011-01-13,6.075782299041748,27.309999465942383,28.1200008392334,27.309999465942383,28.0,31826100
2011-01-14,6.129178524017334,27.549999237060547,27.709999084472656,27.25,27.270000457763672,20220300
2011-01-17,6.10692834854126,27.450000762939453,27.770000457763672,27.360000610351562,27.420000076293945,19288800
2011-01-18,6.166997909545898,27.719999313354492,27.760000228881836,27.399999618530273,27.649999618530273,22139400
2011-01-19,6.073558807373047,27.299999237060547,27.950000762939453,27.25,27.799999237060547,22631600
2011-01-20,6.0668840408325195,27.270000457763672,27.520000457763672,26.959999084472656,27.149999618530273,21486200
2011-01-21,6.017940521240234,27.049999237060547,27.510000228881836,27.049999237060547,27.40999984741211,18127100
2011-01-24,6.006815433502197,27.0,27.25,26.809999465942383,27.079999923706055,10765700
2011-01-26,5.968996524810791,26.829999923706055,27.329999923706055,26.709999084472656,27.09000015258789,21396900
2011-01-27,5.977895736694336,26.8700008392334,27.149999618530273,26.709999084472656,26.950000762939453,18552100
2011-01-28,5.9334001541137695,26.670000076293945,27.079999923706055,26.25,27.049999237060547,28037200
2011-01-31,6.026838302612305,27.09000015258789,27.25,26.65999984741211,26.860000610351562,33947200
2011-02-01,6.149199962615967,27.639999389648438,27.719999313354492,27.110000610351562,27.299999237060547,28782500
2011-02-02,6.184795379638672,27.799999237060547,27.979999542236328,27.5,27.600000381469727,33156700
2011-02-03,6.235966205596924,28.030000686645508,28.1200008392334,27.700000762939453,27.760000228881836,27639400
2011-02-04,6.144750118255615,27.6200008392334,28.219999313354492,27.559999465942383,28.040000915527344,27702000
2011-02-07,6.055761814117432,27.219999313354492,27.8700008392334,27.110000610351562,27.799999237060547,23873700
2011-02-08,5.98012113571167,26.8799991607666,27.31999969482422,26.84000015258789,27.0,21047
2011-02-09,5.98012113571167,26.8799991607666,26.8799991607666,26.8799991607666,26.8799991607666,0
2011-02-10,5.98012113571167,26.8799991607666,26.8799991607666,26.8799991607666,26.8799991607666,0
2011-02-11,5.873331546783447,26.399999618530273,26.700000762939453,26.299999237060547,26.450000762939453,19504200
2011-02-14,5.951197624206543,26.75,26.90999984741211,26.239999771118164,26.40999984741211,18258200
2011-02-15,6.000142574310303,26.969999313354492,27.31999969482422,26.6299991607666,26.670000076293945,27939600
2011-02-16,6.075782299041748,27.309999465942383,27.450000762939453,27.06999969482422,27.200000762939453,24193500
2011-02-17,6.062434673309326,27.25,27.440000534057617,27.040000915527344,27.399999618530273,19143600
2011-02-18,6.089133262634277,27.3700008392334,27.440000534057617,27.110000610351562,27.15999984741211,16769000
2011-02-21,6.095804691314697,27.399999618530273,27.649999618530273,27.25,27.469999313354492,22204200
2011-02-22,6.178122520446777,27.770000457763672,27.950000762939453,27.450000762939453,27.459999084472656,36610900
2011-02-23,6.387247085571289,28.709999084472656,28.899999618530273,27.799999237060547,27.90999984741211,62622100
2011-02-24,6.387247085571289,28.709999084472656,28.709999084472656,28.709999084472656,28.709999084472656,0
2011-02-25,6.3627729415893555,28.600000381469727,28.75,28.149999618530273,28.40999984741211,27201000
2011-02-28,6.358325958251953,28.579999923706055,28.68000030517578,28.15999984741211,28.440000534057617,28891100
2011-03-01,6.29380989074707,28.290000915527344,28.790000915527344,28.190000534057617,28.5,26547900
2011-03-02,6.429518699645996,28.899999618530273,28.959999084472656,28.170000076293945,28.299999237060547,25808400
2011-03-03,6.44286584854126,28.959999084472656,28.969999313354492,28.600000381469727,28.920000076293945,17305300
2011-03-04,6.4695634841918945,29.079999923706055,29.170000076293945,28.719999313354492,29.0,21019800
2011-03-09,6.4695634841918945,29.079999923706055,29.079999923706055,29.079999923706055,29.079999923706055,0
2011-03-10,6.255984783172607,28.1200008392334,28.43000030517578,27.8799991607666,28.399999618530273,22751200
2011-03-11,6.267113208770752,28.170000076293945,28.399999618530273,27.670000076293945,27.950000762939453,20803900
2011-03-14,6.291583061218262,28.280000686645508,28.420000076293945,27.8700008392334,28.0,13554000
2011-03-15,6.238189220428467,28.040000915527344,28.170000076293945,27.450000762939453,27.450000762939453,22515300
2011-03-16,6.1803460121154785,27.780000686645508,28.40999984741211,27.610000610351562,28.15999984741211,33678600
2011-03-17,6.247086524963379,28.079999923706055,28.200000762939453,27.8799991607666,28.139999389648438,16511000
2011-03-18,6.207045078277588,27.899999618530273,28.219999313354492,27.81999969482422,28.200000762939453,21601100
2011-03-21,6.258211135864258,28.1299991607666,28.350000381469727,27.979999542236328,28.15999984741211,28912600
2011-03-22,6.297032356262207,28.1299991607666,28.350000381469727,27.979999542236328,28.15999984741211,28580800
2011-03-23,6.297032356262207,28.1299991607666,28.1299991607666,28.1299991607666,28.1299991607666,0
2011-03-24,6.364189147949219,28.43000030517578,28.780000686645508,28.350000381469727,28.65999984741211,12375400
2011-03-25,6.364189147949219,28.43000030517578,28.780000686645508,28.350000381469727,28.65999984741211,12248000
2011-03-28,6.3462815284729,28.350000381469727,28.799999237060547,28.350000381469727,28.559999465942383,11432600
2011-03-29,6.3462815284729,28.350000381469727,28.350000381469727,28.350000381469727,28.350000381469727,0
2011-03-30,6.3462815284729,28.350000381469727,28.600000381469727,28.260000228881836,28.399999618530273,12036900
2011-03-31,6.350757598876953,28.3700008392334,28.549999237060547,28.299999237060547,28.520000457763672,13888700
2011-04-01,6.350757598876953,28.3700008392334,28.3700008392334,28.3700008392334,28.3700008392334,0
2011-04-04,6.404484272003174,28.610000610351562,28.850000381469727,28.559999465942383,28.799999237060547,13522000
2011-04-05,6.404484272003174,28.610000610351562,28.850000381469727,28.559999465942383,28.799999237060547,13522000
2011-04-06,6.350757598876953,28.3700008392334,28.56999969482422,28.239999771118164,28.549999237060547,19729600
2011-04-07,6.26793098449707,28.0,28.25,27.719999313354492,28.1299991607666,21872100
2011-04-08,6.270172119140625,28.010000228881836,28.139999389648438,27.780000686645508,28.049999237060547,17515900
2011-04-11,6.153767108917236,27.489999771118164,27.989999771118164,27.420000076293945,27.989999771118164,19399600
2011-04-12,5.965728759765625,26.649999618530273,27.399999618530273,26.559999465942383,27.31999969482422,33535300
2011-04-13,5.853800296783447,26.149999618530273,26.799999237060547,26.049999237060547,26.799999237060547,29953600
2011-04-14,5.8157477378845215,25.979999542236328,26.43000030517578,25.93000030517578,26.100000381469727,27489800
2011-04-15,5.93886661529541,26.530000686645508,26.559999465942383,26.049999237060547,26.079999923706055,27267800
2011-04-18,5.93886661529541,26.530000686645508,26.530000686645508,26.530000686645508,26.530000686645508,0
2011-04-19,5.7597808837890625,25.729999542236328,26.020000457763672,25.56999969482422,25.75,19327200
2011-04-20,5.885141372680664,26.290000915527344,26.290000915527344,25.899999618530273,26.209999084472656,23575800
2011-04-25,5.86051607131958,26.18000030517578,26.43000030517578,26.020000457763672,26.309999465942383,12867700
2011-04-26,5.86499547958374,26.200000762939453,26.329999923706055,25.950000762939453,26.200000762939453,12082300
2011-04-27,5.762021064758301,25.739999771118164,26.219999313354492,25.690000534057617,26.219999313354492,16820800
2011-04-28,5.697103500366211,25.450000762939453,25.65999984741211,25.260000228881836,25.649999618530273,23904100
2011-04-29,5.759307384490967,25.600000381469727,25.670000076293945,25.270000457763672,25.34000015258789,15923100
2011-05-02,5.788553237915039,25.729999542236328,25.889999389648438,25.5,25.709999084472656,20830800
2011-05-03,5.72556209564209,25.450000762939453,25.780000686645508,25.43000030517578,25.700000762939453,17841800
2011-05-04,5.696316242218018,25.31999969482422,25.6299991607666,25.200000762939453,25.59000015258789,25541400
2011-05-05,5.505088806152344,24.469999313354492,25.34000015258789,24.239999771118164,25.190000534057617,30998100
2011-05-06,5.446594715118408,24.209999084472656,24.889999389648438,24.139999389648438,24.799999237060547,22917500
2011-05-09,5.454919338226318,24.246999740600586,24.334999084472656,23.851999282836914,23.892000198364258,18694500
2011-05-10,5.534335136413574,24.600000381469727,24.690000534057617,24.200000762939453,24.239999771118164,18303600
2011-05-11,5.534335136413574,24.600000381469727,24.600000381469727,24.600000381469727,24.600000381469727,0
2011-05-12,5.582810401916504,24.600000381469727,24.600000381469727,24.600000381469727,24.600000381469727,0
2011-05-13,5.582810401916504,24.600000381469727,24.600000381469727,24.600000381469727,24.600000381469727,0
2011-05-16,5.582810401916504,24.600000381469727,24.600000381469727,24.600000381469727,24.600000381469727,0
2011-05-17,5.582810401916504,24.600000381469727,24.600000381469727,24.600000381469727,24.600000381469727,0
2011-05-18,5.582810401916504,24.600000381469727,24.600000381469727,24.600000381469727,24.600000381469727,0
2011-05-19,5.3649444580078125,23.639999389648438,24.389999389648438,23.639999389648438,24.25,17706900
2011-05-20,5.444375038146973,23.989999771118164,24.149999618530273,23.479999542236328,23.65999984741211,13950700
2011-05-23,5.3558669090271,23.600000381469727,23.700000762939453,23.40999984741211,23.5,14783700
2011-05-24,5.412602424621582,23.850000381469727,24.079999923706055,23.739999771118164,23.860000610351562,12793100
2011-05-25,5.4239501953125,23.899999618530273,24.209999084472656,23.649999618530273,23.829999923706055,12385700
2011-05-26,5.492033004760742,24.200000762939453,24.200000762939453,23.760000228881836,24.0,16766100
2011-05-27,5.512460231781006,24.290000915527344,24.440000534057617,24.139999389648438,24.31999969482422,13755500
2011-05-30,5.464798927307129,24.079999923706055,24.31999969482422,24.049999237060547,24.31999969482422,3555700
2011-05-31,5.467068195343018,24.09000015258789,24.350000381469727,23.8799991607666,24.299999237060547,16156600
2011-06-01,5.446644306182861,24.0,24.139999389648438,23.829999923706055,24.0,17885600
2011-06-02,5.435296535491943,23.950000762939453,24.06999969482422,23.729999542236328,24.06999969482422,15748300
2011-06-03,5.396717071533203,23.780000686645508,24.15999984741211,23.670000076293945,23.780000686645508,15337000
2011-06-06,5.2650885581970215,23.200000762939453,23.93000030517578,23.149999618530273,23.8700008392334,22018200
2011-06-07,5.219700813293457,23.0,23.3700008392334,22.940000534057617,23.360000610351562,23231900
2011-06-08,5.2650885581970215,23.200000762939453,23.450000762939453,22.850000381469727,22.950000762939453,21767100
2011-06-09,5.378561496734619,23.700000762939453,23.940000534057617,23.09000015258789,23.239999771118164,24521000
2011-06-10,5.3831000328063965,23.719999313354492,23.84000015258789,23.540000915527344,23.780000686645508,17587600
2011-06-13,5.294591903686523,23.329999923706055,23.81999969482422,23.260000228881836,23.770000457763672,12131900
2011-06-14,5.3558669090271,23.600000381469727,23.690000534057617,23.420000076293945,23.420000076293945,13525500
2011-06-15,5.287784576416016,23.299999237060547,23.549999237060547,23.149999618530273,23.290000915527344,20599900
2011-06-16,5.285513401031494,23.290000915527344,23.75,23.09000015258789,23.290000915527344,20161600
2011-06-17,5.274166107177734,23.239999771118164,23.479999542236328,23.190000534057617,23.469999313354492,14191400
2011-06-20,5.242393970489502,23.100000381469727,23.440000534057617,23.059999465942383,23.200000762939453,18966600
2011-06-21,5.274166107177734,23.239999771118164,23.299999237060547,23.040000915527344,23.200000762939453,13510200
2011-06-22,5.278704643249512,23.260000228881836,23.670000076293945,23.170000076293945,23.200000762939453,18615300
2011-06-24,5.190196514129639,22.8700008392334,23.209999084472656,22.850000381469727,23.170000076293945,15977500
2011-06-27,5.23785400390625,23.079999923706055,23.190000534057617,22.8700008392334,23.0,14955300
2011-06-28,5.32182502746582,23.450000762939453,23.450000762939453,23.100000381469727,23.170000076293945,15753300
2011-06-29,5.305938720703125,23.3799991607666,23.540000915527344,23.200000762939453,23.5,14142800
2011-06-30,5.3831000328063965,23.719999313354492,23.719999313354492,23.5,23.59000015258789,16079200
2011-07-01,5.389908313751221,23.75,23.889999389648438,23.469999313354492,23.649999618530273,18199100
2011-07-04,5.4012556076049805,23.799999237060547,23.850000381469727,23.709999084472656,23.719999313354492,5652500
2011-07-05,5.3467888832092285,23.559999465942383,23.979999542236328,23.510000228881836,23.799999237060547,12717200
2011-07-06,5.3354411125183105,23.510000228881836,23.649999618530273,23.290000915527344,23.450000762939453,13117100
2011-07-07,5.362673759460449,23.6299991607666,23.790000915527344,23.549999237060547,23.700000762939453,15371600
2011-07-08,5.319555282592773,23.440000534057617,23.6299991607666,23.399999618530273,23.5,13559700
2011-07-11,5.253741264343262,23.149999618530273,23.31999969482422,23.059999465942383,23.200000762939453,16582400
2011-07-12,5.246933460235596,23.1200008392334,23.299999237060547,22.93000030517578,23.020000457763672,11835400
2011-07-13,5.308208465576172,23.389999389648438,23.440000534057617,23.1299991607666,23.290000915527344,15336700
2011-07-14,5.208352565765381,22.950000762939453,23.360000610351562,22.860000610351562,23.270000457763672,17235500
2011-07-15,5.217430591583252,22.989999771118164,23.110000610351562,22.860000610351562,23.0,15777400
2011-07-18,5.165234565734863,22.760000228881836,23.0,22.530000686645508,22.809999465942383,16322400
2011-07-19,5.140270709991455,22.649999618530273,22.969999313354492,22.559999465942383,22.8700008392334,17100500
2011-07-20,5.078994274139404,22.3799991607666,22.809999465942383,22.3799991607666,22.75,18924100
2011-07-21,5.219700813293457,23.0,23.110000610351562,22.43000030517578,22.479999542236328,19067100
2011-07-22,5.212892055511475,22.969999313354492,23.270000457763672,22.850000381469727,23.020000457763672,13483500
2011-07-25,5.469338893890381,24.100000381469727,24.209999084472656,23.889999389648438,23.889999389648438,23400
2011-07-26,5.3694844245910645,23.65999984741211,23.920000076293945,23.479999542236328,23.59000015258789,25370300
2011-07-27,5.353596210479736,23.59000015258789,23.780000686645508,23.40999984741211,23.59000015258789,22203700
2011-07-28,5.33317232131958,23.5,23.739999771118164,23.440000534057617,23.690000534057617,17246400
2011-07-29,5.33317232131958,23.5,23.5,23.5,23.5,0
2011-08-01,5.33317232131958,23.5,23.5,23.5,23.5,0
2011-08-02,5.33317232131958,23.5,23.5,23.5,23.5,0
2011-08-03,5.380635738372803,23.5,23.5,23.5,23.5,0
2011-08-04,5.380635738372803,23.5,23.5,23.5,23.5,0
2011-08-05,5.380635738372803,23.5,23.5,23.5,23.5,0
2011-08-08,5.380635738372803,23.5,23.5,23.5,23.5,0
2011-08-09,5.380635738372803,23.5,23.5,23.5,23.5,0
2011-08-10,5.380635738372803,23.5,23.5,23.5,23.5,0
2011-08-11,5.380635738372803,23.5,23.5,23.5,23.5,0
2011-08-12,5.380635738372803,23.5,23.5,23.5,23.5,0
2011-08-15,5.380635738372803,23.5,23.5,23.5,23.5,0
2011-08-16,5.380635738372803,23.5,23.5,23.5,23.5,0
2011-08-17,4.7784624099731445,20.8700008392334,20.959999084472656,20.540000915527344,20.799999237060547,18831300
2011-08-18,4.647953510284424,20.299999237060547,20.3700008392334,19.770000457763672,20.350000381469727,25674000
2011-08-19,4.5105767250061035,19.700000762939453,20.350000381469727,19.700000762939453,19.93000030517578,23649000
2011-08-22,4.499126434326172,19.649999618530273,20.270000457763672,19.639999389648438,20.100000381469727,17195200
2011-08-23,4.615898132324219,20.15999984741211,20.299999237060547,19.510000228881836,19.799999237060547,21910500
2011-08-24,4.631926536560059,20.229999542236328,20.350000381469727,19.989999771118164,20.1200008392334,18429000
2011-08-25,4.547210216522217,19.860000610351562,20.290000915527344,19.780000686645508,20.149999618530273,19370500
2011-08-26,4.556367874145508,19.899999618530273,20.06999969482422,19.579999923706055,19.709999084472656,17681100
2011-08-29,4.691457271575928,20.489999771118164,20.6299991607666,20.170000076293945,20.18000030517578,16367300
2011-08-30,4.705194473266602,20.549999237060547,20.729999542236328,20.299999237060547,20.3799991607666,16994500
2011-08-31,4.762434959411621,20.799999237060547,20.8700008392334,20.43000030517578,20.760000228881836,26421000
2011-09-01,4.817387580871582,21.040000915527344,21.139999389648438,20.850000381469727,21.1200008392334,21673300
2011-09-02,4.6639814376831055,20.3700008392334,20.760000228881836,20.030000686645508,20.65999984741211,24292000
2011-09-05,4.5861334800720215,20.030000686645508,20.100000381469727,19.850000381469727,19.899999618530273,9490100
2011-09-06,4.686877250671387,20.469999313354492,20.540000915527344,19.68000030517578,19.729999542236328,21669700
2011-09-08,4.730380058288574,20.65999984741211,20.8799991607666,20.56999969482422,20.75,16132000
2011-09-09,4.613608360290527,20.149999618530273,20.600000381469727,20.06999969482422,20.5,19703400
2011-09-12,4.657111644744873,20.34000015258789,20.34000015258789,19.719999313354492,19.799999237060547,16675800
2011-09-13,4.652532577514648,20.31999969482422,20.450000762939453,20.149999618530273,20.399999618530273,14984400
2011-09-14,4.6983256340026855,20.520000457763672,20.81999969482422,20.18000030517578,20.350000381469727,19667800
2011-09-15,4.705194473266602,20.549999237060547,20.780000686645508,20.469999313354492,20.700000762939453,12969800
2011-09-16,4.728090763092041,20.649999618530273,20.670000076293945,20.399999618530273,20.549999237060547,13098300
2011-09-19,4.762434959411621,20.799999237060547,20.81999969482422,20.31999969482422,20.329999923706055,20027100
2011-09-20,4.716642379760742,20.600000381469727,21.079999923706055,20.579999923706055,20.780000686645508,14889000
2011-09-21,4.716642379760742,20.600000381469727,21.059999465942383,20.549999237060547,20.75,19357600
2011-09-22,4.464782238006592,19.5,20.170000076293945,19.299999237060547,20.020000457763672,31416900
2011-09-23,4.386934757232666,19.15999984741211,19.729999542236328,19.1200008392334,19.510000228881836,17860700
2011-09-26,4.5288920402526855,19.780000686645508,19.780000686645508,18.969999313354492,19.350000381469727,17539800
2011-09-27,4.476232528686523,19.549999237060547,20.100000381469727,19.520000457763672,20.09000015258789,15427000
2011-09-28,4.430437088012695,19.350000381469727,19.700000762939453,19.329999923706055,19.579999923706055,15557500
2011-09-29,4.441886901855469,19.399999618530273,19.579999923706055,19.229999542236328,19.479999542236328,15220700
2011-09-30,4.373197078704834,19.100000381469727,19.3799991607666,18.93000030517578,19.18000030517578,20418900
2011-10-03,4.215213298797607,18.40999984741211,19.06999969482422,18.40999984741211,18.959999084472656,28605200
2011-10-04,4.247269153594971,18.549999237060547,18.549999237060547,17.899999618530273,18.25,29503700
2011-10-05,4.169421672821045,18.209999084472656,18.75,18.049999237060547,18.399999618530273,20425100
2011-10-06,4.315956115722656,18.850000381469727,19.09000015258789,18.350000381469727,18.489999771118164,27305500
2011-10-07,4.190026760101318,18.299999237060547,19.06999969482422,18.209999084472656,19.06999969482422,21500100
2011-10-10,4.3296966552734375,18.90999984741211,18.979999542236328,18.350000381469727,18.5,17685700
2011-10-11,4.386934757232666,19.15999984741211,19.209999084472656,18.549999237060547,18.700000762939453,29714600
2011-10-13,4.439597129821777,19.389999389648438,19.540000915527344,18.979999542236328,19.399999618530273,27038100
2011-10-14,4.496838569641113,19.639999389648438,19.700000762939453,19.309999465942383,19.549999237060547,20916800
2011-10-17,4.4189910888671875,19.299999237060547,19.700000762939453,18.979999542236328,19.450000762939453,22841200
2011-10-18,4.4189910888671875,19.299999237060547,19.700000762939453,18.979999542236328,19.450000762939453,22841200
2011-10-19,4.402963638305664,19.229999542236328,19.489999771118164,19.06999969482422,19.440000534057617,16380200
2011-10-20,4.309088230133057,18.81999969482422,19.18000030517578,18.6200008392334,19.18000030517578,17329400
2011-10-21,4.412121772766113,19.270000457763672,19.3799991607666,18.93000030517578,18.959999084472656,18787300
2011-10-24,4.412121772766113,19.270000457763672,19.270000457763672,19.270000457763672,19.270000457763672,0
2011-10-25,4.412121772766113,19.270000457763672,19.270000457763672,19.270000457763672,19.270000457763672,0
2011-10-26,4.412121772766113,19.270000457763672,19.270000457763672,19.270000457763672,19.270000457763672,0
2011-10-27,4.412121772766113,19.270000457763672,19.270000457763672,19.270000457763672,19.270000457763672,0
2011-10-28,4.79448938369751,20.940000534057617,21.239999771118164,20.549999237060547,20.670000076293945,39069500
2011-10-31,4.9410271644592285,21.579999923706055,21.579999923706055,20.780000686645508,20.850000381469727,30090200
2011-11-01,4.837991714477539,21.1299991607666,21.25,20.399999618530273,20.399999618530273,27873500
2011-11-03,5.018874645233154,21.920000076293945,21.969999313354492,21.31999969482422,21.559999465942383,24130000
2011-11-04,5.060086250305176,22.100000381469727,22.18000030517578,21.709999084472656,21.729999542236328,19144700
2011-11-07,5.192885398864746,22.68000030517578,22.780000686645508,21.969999313354492,22.049999237060547,25470000
2011-11-08,5.131066799163818,22.40999984741211,22.940000534057617,22.31999969482422,22.799999237060547,22010000
2011-11-09,4.91355037689209,21.459999084472656,22.190000534057617,21.440000534057617,22.010000228881836,27702000
2011-11-10,4.91355037689209,21.459999084472656,21.459999084472656,21.459999084472656,21.459999084472656,0
2011-11-11,5.028031826019287,21.959999084472656,22.149999618530273,21.790000915527344,21.889999389648438,16460800
2011-11-14,5.065003871917725,21.920000076293945,22.049999237060547,21.6299991607666,21.860000610351562,12704300
2011-11-16,5.108906269073486,22.110000610351562,22.219999313354492,21.719999313354492,21.959999084472656,20722500
2011-11-17,4.972577095031738,21.520000457763672,22.1200008392334,21.489999771118164,21.959999084472656,22441400
2011-11-18,5.025722026824951,21.75,21.8700008392334,21.469999313354492,21.700000762939453,20047400
2011-11-21,5.037275314331055,21.799999237060547,21.850000381469727,21.309999465942383,21.40999984741211,33001100
2011-11-22,5.009546756744385,21.68000030517578,21.979999542236328,21.6200008392334,21.739999771118164,19880400
2011-11-23,4.984129428863525,21.56999969482422,21.68000030517578,21.440000534057617,21.489999771118164,16786000
2011-11-24,5.007235050201416,21.670000076293945,21.799999237060547,21.530000686645508,21.739999771118164,10213300
2011-11-25,4.854731559753418,21.010000228881836,21.649999618530273,21.010000228881836,21.479999542236328,18320800
2011-11-28,4.967955112457275,21.5,21.68000030517578,21.360000610351562,21.510000228881836,14923300
2011-11-29,4.947160243988037,21.40999984741211,21.889999389648438,21.31999969482422,21.520000457763672,18412100
2011-11-30,5.095042705535889,22.049999237060547,22.219999313354492,21.68000030517578,21.799999237060547,29239500
2011-12-01,5.203644275665283,22.520000457763672,22.530000686645508,22.1299991607666,22.329999923706055,22314900
2011-12-02,5.205953598022461,22.530000686645508,22.729999542236328,22.350000381469727,22.6200008392334,17524400
2011-12-05,5.307624340057373,22.969999313354492,23.1200008392334,22.639999389648438,22.739999771118164,19102500
2011-12-06,5.3884992599487305,23.31999969482422,23.360000610351562,22.81999969482422,22.81999969482422,17084200
2011-12-07,5.381565570831299,23.290000915527344,23.469999313354492,23.010000228881836,23.34000015258789,18584500
2011-12-08,5.203644275665283,22.520000457763672,23.450000762939453,22.3700008392334,23.350000381469727,25386200
2011-12-09,5.319178581237793,23.020000457763672,23.149999618530273,22.600000381469727,22.709999084472656,17627000
2011-12-12,5.319178581237793,23.020000457763672,23.020000457763672,23.020000457763672,23.020000457763672,0
2011-12-13,5.180537223815918,22.420000076293945,22.799999237060547,22.3700008392334,22.59000015258789,22968900
2011-12-14,5.041895866394043,21.81999969482422,22.450000762939453,21.81999969482422,22.350000381469727,32567700
2011-12-15,4.970266819000244,21.510000228881836,22.299999237060547,21.469999313354492,22.049999237060547,24826000
2011-12-16,4.921741008758545,21.299999237060547,21.709999084472656,21.299999237060547,21.600000381469727,21221600
2011-12-19,4.880149841308594,21.1200008392334,21.6200008392334,21.1200008392334,21.3700008392334,18945100
2011-12-20,5.106595039367676,22.100000381469727,22.100000381469727,21.309999465942383,21.399999618530273,24437600
2011-12-21,5.065003871917725,21.920000076293945,21.989999771118164,21.520000457763672,21.899999618530273,18567300
2011-12-22,5.1181488037109375,22.149999618530273,22.299999237060547,21.920000076293945,22.079999923706055,14040300
2011-12-23,5.134323596954346,22.219999313354492,22.389999389648438,22.170000076293945,22.270000457763672,9297500
2011-12-26,5.122769832611084,22.170000076293945,22.34000015258789,22.170000076293945,22.299999237060547,2820600
2011-12-27,5.129701614379883,22.200000762939453,22.31999969482422,22.139999389648438,22.170000076293945,9287300
2011-12-28,4.951780796051025,21.43000030517578,22.239999771118164,21.420000076293945,22.239999771118164,15843300
2011-12-29,4.965643882751465,21.489999771118164,21.59000015258789,21.0,21.59000015258789,21683800
2012-01-02,5.0211005210876465,21.729999542236328,22.1200008392334,21.260000228881836,21.510000228881836,20391300
2012-01-03,5.2208251953125,22.40999984741211,22.40999984741211,21.809999465942383,21.829999923706055,22940500
2012-01-04,5.258098602294922,22.56999969482422,22.579999923706055,21.979999542236328,22.18000030517578,18736900
2012-01-05,5.197526931762695,22.309999465942383,22.610000610351562,22.149999618530273,22.389999389648438,19489000
2012-01-06,5.202185153961182,22.329999923706055,22.579999923706055,22.25,22.469999313354492,13941000
2012-01-09,5.272078990936279,22.6299991607666,22.6299991607666,22.280000686645508,22.440000534057617,14665100
2012-01-10,5.334980487823486,22.899999618530273,23.020000457763672,22.790000915527344,22.940000534057617,21084100
2012-01-11,5.337308406829834,22.90999984741211,23.0,22.649999618530273,22.889999389648438,19836100
2012-01-12,5.376912593841553,23.079999923706055,23.270000457763672,22.780000686645508,22.989999771118164,28334400
2012-01-13,5.369925498962402,23.049999237060547,23.100000381469727,22.850000381469727,22.950000762939453,27090600
2012-01-16,5.509706497192383,23.649999618530273,23.700000762939453,23.020000457763672,23.049999237060547,29976400
2012-01-17,5.509706497192383,23.649999618530273,23.649999618530273,23.649999618530273,23.649999618530273,0
2012-01-18,5.677443027496338,24.3700008392334,24.459999084472656,23.81999969482422,23.81999969482422,25733500
2012-01-19,5.640167713165283,24.209999084472656,24.540000915527344,24.209999084472656,24.399999618530273,22835300
2012-01-20,5.6424970626831055,24.219999313354492,24.219999313354492,23.8799991607666,24.100000381469727,16643000
2012-01-23,5.854499340057373,25.1299991607666,25.489999771118164,24.040000915527344,24.09000015258789,36560200
2012-01-24,5.917400360107422,25.399999618530273,25.780000686645508,24.950000762939453,25.049999237060547,37248200
2012-01-26,5.805575370788574,24.920000076293945,25.889999389648438,24.920000076293945,25.729999542236328,30571700
2012-01-27,5.747333526611328,24.670000076293945,25.149999618530273,24.6200008392334,25.079999923706055,17637100
2012-01-30,5.72403621673584,24.56999969482422,24.6299991607666,24.350000381469727,24.43000030517578,16811800
2012-01-31,5.72403621673584,24.56999969482422,24.940000534057617,24.329999923706055,24.75,28139600
2012-02-01,5.812563896179199,24.950000762939453,25.170000076293945,24.6299991607666,24.700000762939453,24357500
2012-02-02,5.714717864990234,24.530000686645508,25.219999313354492,24.450000762939453,24.8799991607666,26639600
2012-02-03,5.733355522155762,24.610000610351562,24.93000030517578,24.3700008392334,24.469999313354492,20308300
2012-02-06,5.791599273681641,24.860000610351562,24.860000610351562,24.399999618530273,24.489999771118164,14430800
2012-02-07,5.96399450302124,25.600000381469727,25.639999389648438,24.719999313354492,24.719999313354492,29503300
2012-02-08,5.9243879318237305,25.43000030517578,25.8799991607666,25.299999237060547,25.649999618530273,24815600
2012-02-09,5.940698146820068,25.5,25.739999771118164,25.170000076293945,25.479999542236328,23662100
2012-02-10,5.474758625030518,23.5,24.549999237060547,23.5,24.239999771118164,88044000
2012-02-13,5.474758625030518,23.5,23.5,23.5,23.5,0
2012-02-14,5.407199382781982,23.209999084472656,24.360000610351562,23.100000381469727,24.360000610351562,41985300
2012-02-15,5.38157320022583,23.100000381469727,23.59000015258789,22.709999084472656,23.489999771118164,40081300
2012-02-16,5.56328821182251,23.8799991607666,23.93000030517578,22.829999923706055,22.950000762939453,36725000
2012-02-17,5.602894306182861,24.049999237060547,24.149999618530273,23.649999618530273,24.100000381469727,24239300
2012-02-23,5.572606563568115,23.920000076293945,24.09000015258789,23.670000076293945,23.68000030517578,20973800
2012-02-24,5.703068733215332,24.479999542236328,24.59000015258789,24.110000610351562,24.149999618530273,23627900
2012-02-27,5.672783851623535,24.350000381469727,24.920000076293945,24.290000915527344,24.649999618530273,30229700
2012-02-28,5.668124675750732,24.329999923706055,24.690000534057617,24.329999923706055,24.510000228881836,23401800
2012-02-29,5.663465976715088,24.309999465942383,24.639999389648438,24.239999771118164,24.5,23521600
2012-03-01,5.796257019042969,24.8799991607666,24.8799991607666,24.459999084472656,24.510000228881836,18627700
2012-03-02,5.89410400390625,25.299999237060547,25.299999237060547,24.860000610351562,24.940000534057617,20122000
2012-03-05,5.728696823120117,24.59000015258789,25.239999771118164,24.450000762939453,25.149999618530273,22770000
2012-03-06,5.533003807067871,23.75,24.1299991607666,23.59000015258789,24.100000381469727,25256500
2012-03-07,5.586585521697998,23.979999542236328,24.149999618530273,23.760000228881836,24.049999237060547,16294900
2012-03-08,5.61221170425415,24.09000015258789,24.450000762939453,23.90999984741211,24.420000076293945,13840600
2012-03-09,5.523683071136475,23.709999084472656,24.25,23.709999084472656,24.100000381469727,14887900
2012-03-12,5.4584527015686035,23.43000030517578,23.760000228881836,23.360000610351562,23.549999237060547,13888100
2012-03-13,5.6914191246032715,24.43000030517578,24.43000030517578,23.479999542236328,23.649999618530273,27072800
2012-03-14,5.784609794616699,24.829999923706055,25.079999923706055,24.280000686645508,24.399999618530273,34767400
2012-03-15,5.6424970626831055,24.219999313354492,24.989999771118164,24.170000076293945,24.68000030517578,26540100
2012-03-16,5.672783851623535,24.350000381469727,24.450000762939453,23.6200008392334,24.25,38690500
2012-03-19,5.672783851623535,24.350000381469727,24.350000381469727,24.350000381469727,24.350000381469727,0
2012-03-20,5.683180809020996,24.270000457763672,24.309999465942383,23.969999313354492,24.010000228881836,17585500
2012-03-21,5.6457133293151855,24.110000610351562,24.399999618530273,24.06999969482422,24.209999084472656,12415400
2012-03-22,5.6457133293151855,24.110000610351562,24.399999618530273,24.06999969482422,24.209999084472656,12415400
2012-03-23,5.54970645904541,23.700000762939453,24.100000381469727,23.670000076293945,23.93000030517578,16054200
2012-03-26,5.669129371643066,24.209999084472656,24.280000686645508,23.860000610351562,23.940000534057617,14783400
2012-03-27,5.573123931884766,23.799999237060547,24.290000915527344,23.799999237060547,24.209999084472656,20580800
2012-03-28,5.477115154266357,23.389999389648438,23.799999237060547,23.209999084472656,23.790000915527344,19702600
2012-03-29,5.460722923278809,23.31999969482422,23.399999618530273,22.93000030517578,23.209999084472656,23508000
2012-03-30,5.467748165130615,23.350000381469727,23.540000915527344,23.110000610351562,23.5,17685300
2012-04-02,5.439648151397705,23.229999542236328,23.600000381469727,23.020000457763672,23.280000686645508,17972500
2012-04-03,5.280416488647461,22.549999237060547,23.299999237060547,22.520000457763672,23.219999313354492,20776300
2012-04-04,5.095426559448242,21.760000228881836,22.360000610351562,21.760000228881836,22.260000228881836,23945600
2012-04-05,5.151627540588379,22.0,22.18000030517578,21.65999984741211,21.81999969482422,20141600
2012-04-09,5.055619239807129,21.59000015258789,21.8700008392334,21.510000228881836,21.760000228881836,14373800
2012-04-10,4.96195125579834,21.190000534057617,21.709999084472656,21.010000228881836,21.5,19490700
2012-04-11,4.99941873550415,21.350000381469727,21.59000015258789,21.270000457763672,21.450000762939453,24648400
2012-04-12,5.1539692878723145,22.010000228881836,22.079999923706055,21.3799991607666,21.510000228881836,19275600
2012-04-13,5.0743513107299805,21.670000076293945,22.049999237060547,21.549999237060547,21.8799991607666,19471700
2012-04-16,5.036885738372803,21.510000228881836,21.93000030517578,21.350000381469727,21.829999923706055,16176700
2012-04-17,5.053277015686035,21.579999923706055,21.780000686645508,21.3799991607666,21.780000686645508,16335600
2012-04-18,5.095426559448242,21.760000228881836,21.860000610351562,21.270000457763672,21.549999237060547,23211800
2012-04-19,5.022835731506348,21.450000762939453,21.899999618530273,21.450000762939453,21.6299991607666,11639800
2012-04-20,5.025177478790283,21.459999084472656,21.790000915527344,21.459999084472656,21.6200008392334,8618900
2012-04-23,4.98302698135376,21.280000686645508,21.299999237060547,21.049999237060547,21.209999084472656,15441000
2012-04-24,4.973661422729492,21.239999771118164,21.389999389648438,21.110000610351562,21.329999923706055,13605300
2012-04-25,4.947902202606201,21.1299991607666,21.489999771118164,20.809999465942383,21.3799991607666,26492000
2012-04-26,4.973661422729492,21.239999771118164,21.329999923706055,20.829999923706055,20.899999618530273,22473600
2012-04-27,4.901069641113281,20.93000030517578,21.350000381469727,20.8700008392334,21.350000381469727,14715700
2012-04-30,4.9853692054748535,21.290000915527344,21.290000915527344,20.8799991607666,20.969999313354492,16055600
2012-05-02,4.9853692054748535,21.290000915527344,21.290000915527344,20.8799991607666,20.969999313354492,16055600
2012-05-03,5.0111260414123535,21.399999618530273,22.25,21.329999923706055,21.989999771118164,22513100
2012-05-04,4.795695781707764,20.479999542236328,21.3700008392334,20.200000762939453,21.260000228881836,38730900
2012-05-07,4.819113731384277,20.579999923706055,20.719999313354492,20.100000381469727,20.450000762939453,23267200
2012-05-08,4.744178771972656,20.260000228881836,20.489999771118164,20.010000228881836,20.399999618530273,23394000
2012-05-09,4.72076416015625,20.15999984741211,20.25,19.780000686645508,20.049999237060547,24590100
2012-05-10,4.664562225341797,19.920000076293945,20.5,19.920000076293945,20.299999237060547,19204300
2012-05-11,4.573238849639893,19.530000686645508,20.049999237060547,19.530000686645508,19.709999084472656,22518900
2012-05-14,4.471506595611572,18.899999618530273,19.25,18.899999618530273,19.079999923706055,26088300
2012-05-15,4.374505996704102,18.489999771118164,19.270000457763672,18.489999771118164,19.0,31489100
2012-05-16,4.56377649307251,19.290000915527344,19.600000381469727,18.950000762939453,19.270000457763672,53547000
2012-05-17,4.3603105545043945,18.43000030517578,19.440000534057617,18.43000030517578,19.440000534057617,32448400
2012-05-18,4.511725902557373,19.06999969482422,19.209999084472656,18.43000030517578,18.600000381469727,30827600
2012-05-21,4.511725902557373,19.06999969482422,19.06999969482422,19.06999969482422,19.06999969482422,0
2012-05-22,4.663143157958984,19.709999084472656,20.5,19.700000762939453,20.31999969482422,25626200
2012-05-23,4.549580097198486,19.229999542236328,19.790000915527344,18.899999618530273,19.65999984741211,26282100
2012-05-24,4.42418909072876,18.700000762939453,19.559999465942383,18.559999465942383,19.34000015258789,24654800
2012-05-25,4.4099931716918945,18.639999389648438,19.100000381469727,18.530000686645508,18.719999313354492,18736600
2012-05-28,4.44548225402832,18.790000915527344,19.149999618530273,18.780000686645508,18.950000762939453,8969900
2012-05-29,4.459676265716553,18.850000381469727,19.219999313354492,18.700000762939453,18.90999984741211,23202700
2012-05-30,4.341383934020996,18.350000381469727,18.68000030517578,18.31999969482422,18.559999465942383,23451100
2012-05-31,4.5259222984313965,19.1299991607666,19.1299991607666,18.079999923706055,18.479999542236328,30378300
2012-06-01,4.447848320007324,18.799999237060547,19.020000457763672,18.389999389648438,18.530000686645508,30593200
2012-06-04,4.521190166473389,19.110000610351562,19.260000228881836,18.68000030517578,18.84000015258789,23318400
2012-06-05,4.447848320007324,18.799999237060547,19.31999969482422,18.739999771118164,19.209999084472656,20669600
2012-06-06,4.5164594650268555,19.09000015258789,19.31999969482422,18.959999084472656,19.049999237060547,28549100
2012-06-08,4.466773986816406,18.8799991607666,19.200000762939453,18.65999984741211,19.049999237060547,22183800
2012-06-11,4.350847244262695,18.389999389648438,19.190000534057617,18.389999389648438,19.110000610351562,23041400
2012-06-12,4.4005303382873535,18.600000381469727,18.670000076293945,18.31999969482422,18.450000762939453,24582800
2012-06-13,4.471506595611572,18.899999618530273,18.920000076293945,18.399999618530273,18.530000686645508,27915700
2012-06-14,4.298797130584717,18.170000076293945,18.780000686645508,18.149999618530273,18.549999237060547,40851900
2012-06-15,4.388701438903809,18.549999237060547,18.549999237060547,17.829999923706055,18.270000457763672,29177900
2012-06-18,4.388701438903809,18.549999237060547,18.549999237060547,18.549999237060547,18.549999237060547,0
2012-06-19,4.648947238922119,19.649999618530273,19.989999771118164,18.950000762939453,19.0,49228700
2012-06-20,4.708093166351318,19.899999618530273,20.149999618530273,19.649999618530273,19.729999542236328,31166100
2012-06-21,4.5590434074401855,19.270000457763672,20.06999969482422,19.270000457763672,20.010000228881836,27366300
2012-06-22,4.625288963317871,19.549999237060547,19.65999984741211,19.059999465942383,19.399999618530273,20613400
2012-06-25,4.211259365081787,17.799999237060547,18.889999389648438,17.799999237060547,18.700000762939453,48876000
2012-06-26,4.258577346801758,18.0,18.25,17.760000228881836,18.040000915527344,36988300
2012-06-27,4.173406600952148,17.639999389648438,18.209999084472656,17.6200008392334,18.0,21017200
2012-06-28,4.187602519989014,17.700000762939453,18.0,17.420000076293945,17.600000381469727,21382900
2012-06-29,4.31772518157959,18.25,18.329999923706055,17.969999313354492,18.239999771118164,23170100
2012-07-02,4.343749523162842,18.360000610351562,18.489999771118164,17.969999313354492,18.100000381469727,19563100
2012-07-03,4.492799282073975,18.989999771118164,19.1299991607666,18.399999618530273,18.520000457763672,29500800
2012-07-04,4.483335018157959,18.950000762939453,19.219999313354492,18.790000915527344,18.889999389648438,12131600
2012-07-05,4.637118339538574,19.600000381469727,19.790000915527344,19.049999237060547,19.100000381469727,36200100
2012-07-06,4.542483806610107,19.200000762939453,19.5,19.100000381469727,19.350000381469727,21172600
2012-07-10,4.350847244262695,18.389999389648438,19.18000030517578,18.350000381469727,19.100000381469727,30813600
2012-07-11,4.386335372924805,18.540000915527344,18.799999237060547,18.209999084472656,18.510000228881836,21738400
2012-07-12,4.395798683166504,18.579999923706055,18.729999542236328,18.040000915527344,18.299999237060547,25942400
2012-07-13,4.625288963317871,19.549999237060547,19.639999389648438,19.329999923706055,19.549999237060547,51591200
2012-07-16,4.625288963317871,19.549999237060547,19.549999237060547,19.549999237060547,19.549999237060547,0
2012-07-17,4.554311752319336,19.25,19.59000015258789,19.1200008392334,19.43000030517578,16602300
2012-07-18,4.573239326477051,19.329999923706055,19.329999923706055,18.979999542236328,19.149999618530273,17088900
2012-07-19,4.641849517822266,19.6200008392334,19.770000457763672,19.329999923706055,19.329999923706055,20781700
2012-07-20,4.537750720977783,19.18000030517578,19.559999465942383,19.110000610351562,19.3799991607666,19025100
2012-07-23,4.485702037811279,18.959999084472656,19.040000915527344,18.40999984741211,18.8700008392334,21365500
2012-07-24,4.44548225402832,18.790000915527344,19.200000762939453,18.6299991607666,19.049999237060547,19547500
2012-07-25,4.495165824890137,19.0,19.209999084472656,18.75,19.0,17749100
2012-07-26,4.556678771972656,19.260000228881836,19.40999984741211,19.0,19.260000228881836,20628300
2012-07-27,4.771972179412842,20.170000076293945,20.18000030517578,19.309999465942383,19.450000762939453,37700800
2012-07-30,4.805095672607422,20.309999465942383,20.309999465942383,19.809999465942383,20.059999465942383,22857600
2012-07-31,4.613459587097168,19.5,20.309999465942383,19.43000030517578,20.309999465942383,38115700
2012-08-01,4.689167499542236,19.81999969482422,19.920000076293945,19.100000381469727,19.5,27655700
2012-08-02,4.637118339538574,19.600000381469727,20.040000915527344,19.40999984741211,19.549999237060547,25195600
2012-08-03,4.717557907104492,19.940000534057617,20.270000457763672,19.860000610351562,19.979999542236328,30632200
2012-08-06,4.712825298309326,19.920000076293945,20.260000228881836,18.829999923706055,19.020000457763672,55497300
2012-08-07,4.790900230407715,20.25,20.639999389648438,20.06999969482422,20.149999618530273,35894000
2012-08-08,5.010926246643066,21.18000030517578,21.200000762939453,20.25,20.389999389648438,41018800
2012-08-09,4.9683403968811035,21.0,21.1299991607666,20.700000762939453,20.90999984741211,23850500
2012-08-10,4.9683403968811035,21.0,21.1299991607666,20.700000762939453,20.90999984741211,23850500
2012-08-13,4.975439071655273,21.030000686645508,21.290000915527344,20.90999984741211,21.020000457763672,19562400
2012-08-14,4.930486679077148,20.84000015258789,21.190000534057617,20.809999465942383,21.149999618530273,20059200
2012-08-15,4.980170726776123,21.049999237060547,21.110000610351562,20.739999771118164,20.780000686645508,27591300
2012-08-16,5.0771708488464355,21.459999084472656,21.530000686645508,21.139999389648438,21.299999237060547,21812100
2012-08-17,5.09846305847168,21.549999237060547,21.600000381469727,21.31999969482422,21.56999969482422,17505500
2012-08-20,5.09846305847168,21.549999237060547,21.549999237060547,21.549999237060547,21.549999237060547,0
2012-08-21,5.025122165679932,21.239999771118164,21.8799991607666,21.15999984741211,21.860000610351562,30201500
2012-08-22,5.084268569946289,21.489999771118164,21.540000915527344,21.030000686645508,21.1200008392334,21066100
2012-08-23,5.018023490905762,21.209999084472656,21.510000228881836,21.139999389648438,21.399999618530273,17024700
2012-08-24,5.0227556228637695,21.229999542236328,21.489999771118164,21.049999237060547,21.100000381469727,23253600
2012-08-27,5.055878162384033,21.3700008392334,21.389999389648438,21.030000686645508,21.270000457763672,14650800
2012-08-28,5.067708492279053,21.420000076293945,21.489999771118164,21.260000228881836,21.260000228881836,12603500
2012-08-29,5.018023490905762,21.209999084472656,21.520000457763672,21.100000381469727,21.489999771118164,19172200
2012-08-30,4.977804183959961,21.040000915527344,21.260000228881836,20.899999618530273,21.09000015258789,15313800
2012-08-31,4.911558628082275,20.760000228881836,21.209999084472656,20.700000762939453,21.149999618530273,24108200
2012-09-03,4.883168697357178,20.639999389648438,21.209999084472656,20.5,20.770000457763672,10039200
2012-09-04,4.833486557006836,20.43000030517578,20.739999771118164,20.3799991607666,20.6299991607666,14057800
2012-09-05,4.871339321136475,20.59000015258789,21.209999084472656,20.309999465942383,20.549999237060547,13349500
2012-09-06,4.9683403968811035,21.0,21.139999389648438,20.600000381469727,20.670000076293945,18648700
2012-09-10,5.0227556228637695,21.229999542236328,21.540000915527344,21.139999389648438,21.440000534057617,22808700
2012-09-11,5.136317729949951,21.709999084472656,21.760000228881836,21.25,21.270000457763672,19003800
2012-09-12,5.2025628089904785,21.989999771118164,22.06999969482422,21.68000030517578,21.809999465942383,27378300
2012-09-13,5.417859077453613,22.899999618530273,23.059999465942383,21.809999465942383,21.940000534057617,40030600
2012-09-14,5.512493133544922,23.299999237060547,23.84000015258789,23.049999237060547,23.06999969482422,46359700
2012-09-17,5.50539493560791,23.270000457763672,23.690000534057617,22.860000610351562,23.170000076293945,30364400
2012-09-18,5.488832950592041,23.200000762939453,23.440000534057617,23.049999237060547,23.34000015258789,16636100
2012-09-19,5.3634419441223145,22.670000076293945,23.34000015258789,22.649999618530273,23.149999618530273,29299800
2012-09-20,5.443883419036865,23.010000228881836,23.200000762939453,22.420000076293945,22.540000915527344,21080000
2012-09-21,5.370539665222168,22.700000762939453,23.25,22.700000762939453,23.149999618530273,18749000
2012-09-24,5.432052135467529,22.959999084472656,23.020000457763672,22.549999237060547,22.65999984741211,18096300
2012-09-25,5.3634419441223145,22.670000076293945,23.100000381469727,22.600000381469727,22.959999084472656,25164100
2012-09-26,5.387102127075195,22.770000457763672,22.81999969482422,22.459999084472656,22.520000457763672,18642400
2012-09-27,5.372905731201172,22.709999084472656,22.989999771118164,22.690000534057617,22.899999618530273,18188700
2012-09-28,5.292466163635254,22.3700008392334,22.649999618530273,22.200000762939453,22.549999237060547,18677900
2012-10-01,5.325587272644043,22.510000228881836,22.84000015258789,22.309999465942383,22.329999923706055,15561200
2012-10-02,5.370539665222168,22.700000762939453,22.799999237060547,22.34000015258789,22.670000076293945,15631500
2012-10-03,5.285367488861084,22.34000015258789,22.8799991607666,22.280000686645508,22.760000228881836,22533600
2012-10-04,5.299563884735107,22.399999618530273,22.56999969482422,22.020000457763672,22.360000610351562,22324900
2012-10-05,5.264074325561523,22.25,22.68000030517578,22.200000762939453,22.68000030517578,14597000
2012-10-08,5.292466163635254,22.3700008392334,22.489999771118164,22.100000381469727,22.100000381469727,13292600
2012-10-09,5.25697660446167,22.219999313354492,22.600000381469727,22.190000534057617,22.450000762939453,16947700
2012-10-10,5.23331880569458,22.1200008392334,22.399999618530273,22.059999465942383,22.270000457763672,16063900
2012-10-11,5.323223114013672,22.5,22.600000381469727,22.200000762939453,22.270000457763672,21974800
2012-10-15,5.394199371337891,22.799999237060547,22.850000381469727,22.43000030517578,22.549999237060547,23171500
2012-10-16,5.394199371337891,22.799999237060547,23.100000381469727,22.540000915527344,22.940000534057617,21716400
2012-10-17,5.358709812164307,22.649999618530273,22.8799991607666,22.549999237060547,22.739999771118164,27176000
2012-10-18,5.323223114013672,22.5,22.649999618530273,22.299999237060547,22.549999237060547,30325000
2012-10-19,5.264074325561523,22.25,22.600000381469727,22.219999313354492,22.530000686645508,19987600
2012-10-22,5.264074325561523,22.25,22.549999237060547,22.010000228881836,22.329999923706055,19212700
2012-10-23,5.126854419708252,21.670000076293945,21.969999313354492,21.5,21.940000534057617,25921300
2012-10-24,5.096097469329834,21.540000915527344,21.809999465942383,21.399999618530273,21.729999542236328,10921300
2012-10-25,5.145780563354492,21.75,22.030000686645508,21.639999389648438,21.709999084472656,11681200
2012-10-26,5.264074325561523,22.25,22.40999984741211,21.610000610351562,21.690000534057617,25747300
2012-10-29,5.051146507263184,21.350000381469727,21.600000381469727,21.170000076293945,21.5,20295900
2012-10-30,5.093731880187988,21.530000686645508,21.68000030517578,21.399999618530273,21.399999618530273,8471800
2012-10-31,4.921022891998291,20.799999237060547,21.719999313354492,20.799999237060547,21.6299991607666,29805900
2012-11-01,4.9328532218933105,20.850000381469727,21.059999465942383,20.68000030517578,20.920000076293945,22638800
2012-11-05,5.025122165679932,21.239999771118164,21.450000762939453,20.43000030517578,20.6299991607666,22746700
2012-11-06,5.129220485687256,21.68000030517578,21.799999237060547,21.270000457763672,21.440000534057617,21288700
2012-11-07,5.010926246643066,21.18000030517578,21.719999313354492,21.040000915527344,21.6200008392334,23550600
2012-11-08,4.876070499420166,20.610000610351562,21.350000381469727,20.5,21.200000762939453,22965500
2012-11-09,4.916292190551758,20.780000686645508,21.110000610351562,20.520000457763672,20.549999237060547,20890300
2012-11-12,4.835851192474365,20.440000534057617,20.959999084472656,20.309999465942383,20.829999923706055,16831600
2012-11-13,4.8429484367370605,20.469999313354492,20.670000076293945,20.170000076293945,20.440000534057617,25641500
2012-11-14,4.6844353675842285,19.799999237060547,20.540000915527344,19.65999984741211,20.290000915527344,28281900
2012-11-16,4.502262592315674,19.030000686645508,19.799999237060547,18.84000015258789,19.670000076293945,33874400
2012-11-19,4.5259222984313965,19.1299991607666,19.6200008392334,19.1299991607666,19.440000534057617,22437000
2012-11-21,4.405262470245361,18.6200008392334,19.559999465942383,18.6200008392334,19.469999313354492,32393400
2012-11-22,4.412360668182373,18.649999618530273,18.950000762939453,18.450000762939453,18.809999465942383,16757000
2012-11-23,4.535384654998779,19.170000076293945,19.200000762939453,18.5,18.649999618530273,19514100
2012-11-26,4.452579021453857,18.81999969482422,19.1299991607666,18.700000762939453,19.1299991607666,18004000
2012-11-27,4.379237651824951,18.510000228881836,19.290000915527344,18.360000610351562,18.920000076293945,31833300
2012-11-28,4.412360668182373,18.649999618530273,18.899999618530273,18.350000381469727,18.440000534057617,25941300
2012-11-29,4.5306525230407715,19.149999618530273,19.149999618530273,18.739999771118164,19.0,26702100
2012-11-30,4.414726257324219,18.65999984741211,19.280000686645508,18.510000228881836,19.09000015258789,37179700
2012-12-03,4.495165824890137,19.0,19.040000915527344,18.709999084472656,18.8799991607666,21174100
2012-12-04,4.452579021453857,18.81999969482422,19.139999389648438,18.719999313354492,19.040000915527344,24541800
2012-12-05,4.4809699058532715,18.940000534057617,19.010000228881836,18.739999771118164,19.0,16822600
2012-12-06,4.42418909072876,18.700000762939453,18.979999542236328,18.700000762939453,18.920000076293945,21476900
2012-12-07,4.51409387588501,19.079999923706055,19.239999771118164,18.65999984741211,18.770000457763672,17573000
2012-12-10,4.630019187927246,19.56999969482422,19.700000762939453,18.940000534057617,19.040000915527344,23131600
2012-12-11,4.729386806488037,19.989999771118164,19.989999771118164,19.610000610351562,19.670000076293945,27429800
2012-12-12,4.69626522064209,19.850000381469727,20.049999237060547,19.68000030517578,19.93000030517578,34706800
2012-12-13,4.630019187927246,19.56999969482422,19.829999923706055,19.450000762939453,19.729999542236328,32701400
2012-12-14,4.781437397003174,20.209999084472656,20.280000686645508,19.530000686645508,19.59000015258789,44756300
2012-12-17,4.712825298309326,19.920000076293945,20.139999389648438,19.799999237060547,20.079999923706055,28421900
2012-12-18,4.771972179412842,20.170000076293945,20.260000228881836,19.850000381469727,19.860000610351562,24685000
2012-12-19,4.951778888702393,20.93000030517578,20.989999771118164,20.399999618530273,20.399999618530273,48430400
2012-12-20,4.980170726776123,21.049999237060547,21.170000076293945,20.6299991607666,20.8700008392334,25639600
2012-12-21,4.894999027252197,20.690000534057617,20.739999771118164,20.389999389648438,20.65999984741211,29390200
2012-12-26,4.745947360992432,20.059999465942383,20.68000030517578,20.0,20.540000915527344,24075000
2012-12-27,4.592166423797607,19.40999984741211,20.170000076293945,19.350000381469727,20.059999465942383,29298500
2012-12-28,4.618190288543701,19.520000457763672,19.6299991607666,19.299999237060547,19.5,28368600
2013-01-02,4.658411979675293,19.690000534057617,20.209999084472656,19.690000534057617,19.989999771118164,30182600
2013-01-03,4.826389312744141,20.399999618530273,20.399999618530273,19.700000762939453,19.809999465942383,30552600
2013-01-04,4.833486557006836,20.43000030517578,20.6200008392334,20.170000076293945,20.329999923706055,36141000
2013-01-07,4.750679969787598,20.079999923706055,20.670000076293945,19.950000762939453,20.479999542236328,28069600
2013-01-08,4.613459587097168,19.5,20.229999542236328,19.459999084472656,20.110000610351562,29091300
2013-01-09,4.656044960021973,19.68000030517578,19.8700008392334,19.459999084472656,19.639999389648438,24361100
2013-01-10,4.691532611846924,19.829999923706055,20.049999237060547,19.540000915527344,19.770000457763672,17526200
2013-01-11,4.703361511230469,19.8799991607666,20.040000915527344,19.700000762939453,19.850000381469727,18223600
2013-01-14,4.665509223937988,19.719999313354492,20.239999771118164,19.690000534057617,20.010000228881836,28302400
2013-01-15,4.689167499542236,19.81999969482422,20.239999771118164,19.690000534057617,20.010000228881836,29633900
2013-01-16,4.693899154663086,19.84000015258789,19.889999389648438,19.600000381469727,19.889999389648438,16787800
2013-01-17,4.663143157958984,19.709999084472656,19.93000030517578,19.600000381469727,19.860000610351562,19719600
2013-01-18,4.632386207580566,19.579999923706055,19.889999389648438,19.540000915527344,19.799999237060547,18913900
2013-01-21,4.5874342918396,19.389999389648438,19.600000381469727,19.270000457763672,19.56999969482422,18086200
2013-01-22,4.632386207580566,19.579999923706055,19.610000610351562,19.229999542236328,19.420000076293945,23535100
2013-01-23,4.625288963317871,19.549999237060547,19.6299991607666,19.229999542236328,19.420000076293945,17200800
2013-01-24,4.639483451843262,19.610000610351562,19.75,19.3700008392334,19.3700008392334,19612600
2013-01-28,4.582703113555908,19.3700008392334,19.809999465942383,19.270000457763672,19.729999542236328,20122600
2013-01-29,4.521190166473389,19.110000610351562,19.3700008392334,18.84000015258789,19.350000381469727,27097900
2013-01-30,4.3058953285217285,18.200000762939453,18.989999771118164,18.170000076293945,18.989999771118164,66985800
2013-01-31,4.277504920959473,18.079999923706055,18.329999923706055,17.899999618530273,18.260000228881836,33246400
2013-02-01,4.367408275604248,18.459999084472656,18.649999618530273,18.1200008392334,18.139999389648438,28860400
2013-02-04,4.258577346801758,18.0,18.350000381469727,17.889999389648438,18.15999984741211,32294300
2013-02-05,4.277504920959473,18.079999923706055,18.290000915527344,17.260000228881836,17.280000686645508,77332900
2013-02-06,4.163941383361816,17.600000381469727,18.0,17.530000686645508,17.93000030517578,30886100
2013-02-07,4.140283107757568,17.5,17.979999542236328,17.31999969482422,17.75,37066400
2013-02-08,4.197065353393555,17.739999771118164,17.780000686645508,17.3799991607666,17.549999237060547,31068100
2013-02-13,4.211259365081787,17.799999237060547,18.0,17.729999542236328,17.950000762939453,22328200
2013-02-14,4.180504322052002,17.670000076293945,17.899999618530273,17.579999923706055,17.790000915527344,25902900
2013-02-15,4.171040058135986,17.6299991607666,17.790000915527344,17.530000686645508,17.610000610351562,25001600
2013-02-18,4.234918117523193,17.899999618530273,17.950000762939453,17.520000457763672,17.639999389648438,20291600
2013-02-19,4.282235622406006,18.100000381469727,18.18000030517578,17.889999389648438,17.90999984741211,28822000
2013-02-20,4.168675899505615,17.6200008392334,18.100000381469727,17.549999237060547,18.100000381469727,25939500
2013-02-21,4.0976996421813965,17.31999969482422,17.56999969482422,17.200000762939453,17.469999313354492,30382300
2013-02-22,4.057477951049805,17.149999618530273,17.510000228881836,17.010000228881836,17.510000228881836,30901800
2013-02-25,4.010161399841309,16.950000762939453,17.100000381469727,16.850000381469727,17.049999237060547,30504000
2013-02-26,3.960477590560913,16.739999771118164,16.860000610351562,16.530000686645508,16.780000686645508,33405100
2013-02-27,3.977038860321045,16.809999465942383,16.979999542236328,16.639999389648438,16.790000915527344,28607500
2013-02-28,3.9297211170196533,16.610000610351562,16.850000381469727,16.549999237060547,16.760000228881836,27829200
2013-03-01,3.9983327388763428,16.899999618530273,17.020000457763672,16.399999618530273,16.5,31519900
2013-03-04,3.9036953449249268,16.5,17.100000381469727,16.479999542236328,16.81999969482422,35543300
2013-03-05,3.917891502380371,16.559999465942383,16.760000228881836,16.469999313354492,16.6299991607666,31669900
2013-03-06,4.270407676696777,18.049999237060547,18.270000457763672,17.219999313354492,17.600000381469727,73898000
2013-03-07,4.483335018157959,18.950000762939453,19.579999923706055,18.309999465942383,18.309999465942383,62419400
2013-03-08,4.346114635467529,18.3700008392334,19.31999969482422,18.15999984741211,18.790000915527344,30589700
2013-03-11,4.478604793548584,18.93000030517578,18.969999313354492,17.920000076293945,18.290000915527344,25088800
2013-03-12,4.433651924133301,18.739999771118164,19.139999389648438,18.6299991607666,18.850000381469727,26135700
2013-03-13,4.436018466949463,18.75,19.200000762939453,18.729999542236328,18.809999465942383,31665300
2013-03-14,4.56377649307251,19.290000915527344,19.3799991607666,18.600000381469727,18.979999542236328,27172500
2013-03-15,4.5164594650268555,19.09000015258789,19.549999237060547,19.010000228881836,19.399999618530273,43819400
2013-03-18,4.542483806610107,19.200000762939453,19.350000381469727,18.84000015258789,18.899999618530273,40451100
2013-03-19,4.518824577331543,19.100000381469727,19.350000381469727,18.829999923706055,18.899999618530273,33822900
2013-03-20,4.459676265716553,18.850000381469727,19.15999984741211,18.68000030517578,19.049999237060547,27636600
2013-03-21,4.383968830108643,18.530000686645508,18.860000610351562,18.489999771118164,18.719999313354492,21978600
2013-03-22,4.407627105712891,18.6299991607666,18.709999084472656,18.459999084472656,18.549999237060547,16137700
2013-03-25,4.39816427230835,18.59000015258789,18.81999969482422,18.420000076293945,18.729999542236328,24340200
2013-03-26,4.39816427230835,18.59000015258789,18.8799991607666,18.479999542236328,18.729999542236328,15781800
2013-03-27,4.357944488525391,18.420000076293945,18.610000610351562,18.350000381469727,18.600000381469727,13305100
2013-03-28,4.357944488525391,18.420000076293945,18.420000076293945,18.420000076293945,18.420000076293945,0
2013-04-01,4.2656755447387695,18.030000686645508,18.3799991607666,18.020000457763672,18.270000457763672,15544900
2013-04-02,4.187602519989014,17.700000762939453,18.3799991607666,17.670000076293945,18.270000457763672,20565900
2013-04-03,4.258577346801758,18.0,18.020000457763672,17.68000030517578,17.68000030517578,15685100
2013-04-04,4.189968109130859,17.709999084472656,18.209999084472656,17.700000762939453,17.950000762939453,19446600
2013-04-05,4.211259365081787,17.799999237060547,17.90999984741211,17.549999237060547,17.579999923706055,17060000
2013-04-08,4.109528541564941,17.3700008392334,17.90999984741211,17.34000015258789,17.860000610351562,21977500
2013-04-09,4.294065952301025,18.149999618530273,18.25,17.479999542236328,17.479999542236328,30757500
2013-04-10,4.357944488525391,18.420000076293945,18.649999618530273,18.170000076293945,18.209999084472656,31780200
2013-04-11,4.25621223449707,17.989999771118164,18.530000686645508,17.8700008392334,18.469999313354492,22207700
2013-04-12,4.249114513397217,17.959999084472656,18.079999923706055,17.530000686645508,17.940000534057617,27398100
2013-04-15,4.076405048370361,17.229999542236328,17.829999923706055,17.1200008392334,17.700000762939453,35788600
2013-04-16,4.187602519989014,17.700000762939453,17.75,17.43000030517578,17.469999313354492,23747400
2013-04-17,4.0622100830078125,17.170000076293945,17.600000381469727,16.979999542236328,17.440000534057617,39388400
2013-04-18,4.215991497039795,17.81999969482422,17.940000534057617,17.1200008392334,17.31999969482422,28503000
2013-04-19,4.350847244262695,18.389999389648438,18.479999542236328,17.950000762939453,18.149999618530273,38352400
2013-04-22,4.44548225402832,18.790000915527344,18.790000915527344,18.170000076293945,18.3700008392334,24193100
2013-04-23,4.523555278778076,19.1200008392334,19.520000457763672,18.65999984741211,18.709999084472656,34735500
2013-04-24,4.599264621734619,19.440000534057617,19.65999984741211,19.010000228881836,19.059999465942383,33313000
2013-04-25,4.535384654998779,19.170000076293945,19.690000534057617,19.139999389648438,19.469999313354492,35164600
2013-04-26,4.535384654998779,19.170000076293945,19.170000076293945,19.170000076293945,19.170000076293945,0
2013-04-29,4.831119537353516,20.420000076293945,20.579999923706055,19.940000534057617,20.0,70739800
2013-04-30,4.941812038421631,20.09000015258789,20.100000381469727,19.440000534057617,19.649999618530273,45900400
2013-05-02,4.981170177459717,20.25,20.6299991607666,19.850000381469727,19.850000381469727,33746700
2013-05-03,4.912294387817383,19.969999313354492,20.65999984741211,19.889999389648438,20.489999771118164,43006300
2013-05-06,5.000848770141602,20.329999923706055,20.3700008392334,19.81999969482422,20.010000228881836,31141800
2013-05-07,5.072184085845947,20.6200008392334,20.739999771118164,20.280000686645508,20.399999618530273,26392200
2013-05-08,4.991008758544922,20.290000915527344,20.81999969482422,20.219999313354492,20.75,24409000
2013-05-09,4.993468761444092,20.299999237060547,20.520000457763672,20.09000015258789,20.25,22864300
2013-05-10,4.9098358154296875,19.959999084472656,20.389999389648438,19.709999084472656,20.15999984741211,22031200
2013-05-13,4.794221878051758,19.489999771118164,19.850000381469727,19.3799991607666,19.809999465942383,21577600
2013-05-14,4.808981895446777,19.549999237060547,19.68000030517578,19.25,19.530000686645508,30643700
2013-05-15,4.813899993896484,19.56999969482422,19.639999389648438,19.329999923706055,19.5,21869300
2013-05-16,4.85817813873291,19.75,20.079999923706055,19.459999084472656,19.520000457763672,25067200
2013-05-17,4.892614841461182,19.889999389648438,20.049999237060547,19.790000915527344,19.90999984741211,19040100
2013-05-20,4.968871593475342,20.200000762939453,20.25,19.559999465942383,19.90999984741211,30571700
2013-05-21,4.981170177459717,20.25,20.3799991607666,19.979999542236328,20.190000534057617,23442000
2013-05-22,4.899994850158691,19.920000076293945,20.399999618530273,19.68000030517578,20.270000457763672,35008900
2013-05-23,4.885235786437988,19.860000610351562,19.860000610351562,19.479999542236328,19.549999237060547,33324000
2013-05-24,4.941812038421631,20.09000015258789,20.15999984741211,19.790000915527344,19.889999389648438,37019600
2013-05-27,4.902454376220703,19.93000030517578,20.149999618530273,19.920000076293945,20.010000228881836,5829800
2013-05-28,4.929513454437256,20.040000915527344,20.34000015258789,20.010000228881836,20.15999984741211,27705200
2013-05-29,4.882776260375977,19.850000381469727,20.06999969482422,19.799999237060547,19.920000076293945,24961000
2013-05-31,4.9344329833984375,20.059999465942383,20.360000610351562,19.799999237060547,19.8700008392334,35298900
2013-06-03,4.991008758544922,20.290000915527344,20.440000534057617,19.940000534057617,20.110000610351562,30659400
2013-06-04,4.936893463134766,20.06999969482422,20.469999313354492,19.959999084472656,20.459999084472656,24447600
2013-06-05,4.777003765106201,19.420000076293945,20.1299991607666,19.31999969482422,20.0,32247700
2013-06-06,4.7868428230285645,19.459999084472656,19.549999237060547,19.079999923706055,19.459999084472656,27173200
2013-06-07,4.634333610534668,18.84000015258789,19.270000457763672,18.719999313354492,18.950000762939453,38700300
2013-06-10,4.644172191619873,18.8799991607666,19.1200008392334,18.829999923706055,18.84000015258789,20083800
2013-06-11,4.558077812194824,18.530000686645508,18.790000915527344,18.229999542236328,18.649999618530273,32153800
2013-06-12,4.457223415374756,18.1200008392334,18.799999237060547,18.059999465942383,18.670000076293945,37220900
2013-06-13,4.6244940757751465,18.799999237060547,19.020000457763672,17.940000534057617,18.100000381469727,31233400
2013-06-14,4.513800621032715,18.350000381469727,18.860000610351562,18.0,18.649999618530273,38201000
2013-06-17,4.449844837188721,18.09000015258789,18.530000686645508,17.959999084472656,18.450000762939453,24946300
2013-06-18,4.385889053344727,17.829999923706055,18.079999923706055,17.6200008392334,17.950000762939453,31790400
2013-06-19,4.230920314788818,17.200000762939453,17.950000762939453,17.149999618530273,17.889999389648438,39085200
2013-06-20,4.154665470123291,16.889999389648438,17.270000457763672,16.5,16.899999618530273,63934700
2013-06-21,4.03659200668335,16.40999984741211,16.93000030517578,16.399999618530273,16.93000030517578,42577100
2013-06-24,3.9136009216308594,15.90999984741211,16.25,15.569999694824219,15.970000267028809,40535500
2013-06-25,3.960336685180664,16.100000381469727,16.389999389648438,15.869999885559082,16.100000381469727,32074100
2013-06-26,3.9726364612579346,16.149999618530273,16.440000534057617,16.079999923706055,16.139999389648438,29858400
2013-06-27,4.029212951660156,16.3799991607666,16.600000381469727,16.170000076293945,16.219999313354492,26451400
2013-06-28,3.9775562286376953,16.170000076293945,16.350000381469727,15.9399995803833,16.350000381469727,33968700
2013-07-01,3.965257167816162,16.1200008392334,16.350000381469727,15.9399995803833,16.350000381469727,22732600
2013-07-02,3.78568959236145,15.390000343322754,16.25,15.109999656677246,16.049999237060547,55953200
2013-07-03,3.9111409187316895,15.899999618530273,15.979999542236328,15.149999618530273,15.239999771118164,50191800
2013-07-04,3.9258992671966553,15.960000038146973,16.170000076293945,15.880000114440918,16.100000381469727,23818500
2013-07-05,3.726653814315796,15.149999618530273,15.819999694824219,14.9399995803833,15.8100004196167,49067400
2013-07-08,3.689755439758301,15.0,15.350000381469727,14.970000267028809,15.199999809265137,22430900
2013-07-10,3.751251220703125,15.25,15.4399995803833,15.0600004196167,15.180000305175781,20890800
2013-07-11,3.8767030239105225,15.760000228881836,15.829999923706055,15.25,15.520000457763672,34049700
2013-07-12,3.7955286502838135,15.430000305175781,15.920000076293945,15.270000457763672,15.65999984741211,23796600
2013-07-15,3.8127472400665283,15.5,15.6899995803833,15.350000381469727,15.449999809265137,20392700
2013-07-16,3.87424373626709,15.75,15.800000190734863,15.470000267028809,15.640000343322754,21047000
2013-07-17,3.9504971504211426,16.059999465942383,16.200000762939453,15.869999885559082,15.90999984741211,29311200
2013-07-18,3.960336685180664,16.100000381469727,16.290000915527344,15.90999984741211,16.0,23440300
2013-07-19,3.930819272994995,15.979999542236328,16.100000381469727,15.850000381469727,16.06999969482422,18711400
2013-07-22,4.0095343589782715,16.299999237060547,16.489999771118164,15.899999618530273,15.970000267028809,25517000
2013-07-23,4.03659200668335,16.40999984741211,16.65999984741211,16.3799991607666,16.40999984741211,25271000
2013-07-24,4.031672477722168,16.389999389648438,16.549999237060547,16.149999618530273,16.3700008392334,24012400
2013-07-25,4.142366409301758,16.84000015258789,16.8799991607666,16.209999084472656,16.239999771118164,37212500
2013-07-26,4.142366409301758,16.84000015258789,16.84000015258789,16.84000015258789,16.84000015258789,0
2013-07-29,4.103007793426514,16.68000030517578,17.059999465942383,16.6299991607666,16.989999771118164,17729600
2013-07-30,4.048891544342041,16.459999084472656,16.81999969482422,16.360000610351562,16.780000686645508,22635200
2013-07-31,4.007073879241943,16.290000915527344,16.5,16.170000076293945,16.329999923706055,23703200
2013-08-01,4.166964054107666,16.940000534057617,17.040000915527344,16.600000381469727,16.700000762939453,31759700
2013-08-02,4.134986400604248,16.809999465942383,17.040000915527344,16.690000534057617,16.8700008392334,17726400
2013-08-05,4.0956292152404785,16.649999618530273,16.8700008392334,16.540000915527344,16.770000457763672,15018300
2013-08-06,4.00461483001709,16.280000686645508,16.700000762939453,16.100000381469727,16.68000030517578,25592100
2013-08-07,3.997235059738159,16.25,16.459999084472656,16.100000381469727,16.270000457763672,17681900
2013-08-08,4.0956292152404785,16.649999618530273,16.850000381469727,16.200000762939453,16.350000381469727,25830400
2013-08-09,4.201401710510254,17.079999923706055,17.1200008392334,16.520000457763672,16.739999771118164,31884100
2013-08-12,4.083328723907471,16.600000381469727,17.65999984741211,16.469999313354492,17.299999237060547,54624200
2013-08-13,4.026752948760986,16.3700008392334,16.65999984741211,16.170000076293945,16.649999618530273,34946200
2013-08-14,4.169424057006836,16.950000762939453,17.0,16.290000915527344,16.360000610351562,53853000
2013-08-15,4.385889053344727,17.829999923706055,17.959999084472656,16.670000076293945,16.700000762939453,81143700
2013-08-16,4.373589992523193,17.780000686645508,18.059999465942383,17.420000076293945,17.760000228881836,37711200
2013-08-19,4.385889053344727,17.829999923706055,18.030000686645508,17.360000610351562,17.450000762939453,49861800
2013-08-20,4.213700294494629,17.1299991607666,17.850000381469727,17.110000610351562,17.709999084472656,30368900
2013-08-21,4.265356540679932,17.34000015258789,17.780000686645508,17.040000915527344,17.06999969482422,43315900
2013-08-22,4.491661548614502,18.260000228881836,18.3700008392334,17.6299991607666,17.799999237060547,52679300
2013-08-23,4.562998294830322,18.549999237060547,18.59000015258789,18.1200008392334,18.1200008392334,32500500
2013-08-26,4.474443435668945,18.190000534057617,18.690000534057617,18.170000076293945,18.5,17906800
2013-08-27,4.292415618896484,17.450000762939453,18.049999237060547,17.450000762939453,17.950000762939453,29023800
2013-08-28,4.2210798263549805,17.15999984741211,17.75,17.09000015258789,17.510000228881836,30051100
2013-08-29,4.157125473022461,16.899999618530273,17.479999542236328,16.850000381469727,17.31999969482422,24162000
2013-08-30,4.179262638092041,16.989999771118164,17.479999542236328,16.520000457763672,17.31999969482422,38933500
2013-09-02,4.157125473022461,16.899999618530273,17.229999542236328,16.860000610351562,17.149999618530273,19051300
2013-09-03,4.12760591506958,16.780000686645508,17.1299991607666,16.68000030517578,16.889999389648438,31474500
2013-09-04,4.144825458526611,16.850000381469727,16.940000534057617,16.559999465942383,16.6299991607666,36993600
2013-09-05,4.314553737640381,17.540000915527344,17.809999465942383,16.84000015258789,16.860000610351562,47992900
2013-09-06,4.36867094039917,17.760000228881836,18.0,17.459999084472656,17.799999237060547,30863700
2013-09-09,4.4695234298706055,18.170000076293945,18.219999313354492,17.770000457763672,17.770000457763672,29932300
2013-09-10,4.511341571807861,18.34000015258789,18.540000915527344,18.170000076293945,18.25,29063300
2013-09-11,4.489202976226807,18.25,18.540000915527344,18.06999969482422,18.290000915527344,27324600
2013-09-12,4.39080810546875,17.850000381469727,18.399999618530273,17.75,18.170000076293945,47880700
2013-09-13,4.459684371948242,18.1299991607666,18.270000457763672,17.799999237060547,17.850000381469727,18359900
2013-09-16,4.538399696350098,18.450000762939453,18.719999313354492,18.170000076293945,18.43000030517578,33961100
2013-09-17,4.558077812194824,18.530000686645508,18.600000381469727,18.299999237060547,18.59000015258789,18948400
2013-09-18,4.649092674255371,18.899999618530273,19.0,18.15999984741211,18.40999984741211,30957700
2013-09-19,4.713047981262207,19.15999984741211,19.309999465942383,18.760000228881836,18.959999084472656,24470200
2013-09-20,4.658931255340576,18.940000534057617,19.18000030517578,18.780000686645508,19.09000015258789,18955300
2013-09-23,4.710587978363037,19.149999618530273,19.219999313354492,18.780000686645508,19.09000015258789,13990200
2013-09-24,4.617114067077637,18.770000457763672,19.219999313354492,18.75,19.09000015258789,18969200
2013-09-25,4.6244940757751465,18.799999237060547,18.920000076293945,18.6200008392334,18.729999542236328,17152400
2013-09-26,4.5728373527526855,18.59000015258789,18.81999969482422,18.520000457763672,18.81999969482422,18168900
2013-09-27,4.545779228210449,18.479999542236328,18.81999969482422,18.440000534057617,18.56999969482422,19065700
2013-09-30,4.516261100769043,18.360000610351562,19.040000915527344,18.34000015258789,18.56999969482422,32326800
2013-10-01,4.590056419372559,18.65999984741211,18.690000534057617,18.3700008392334,18.530000686645508,15455100
2013-10-02,4.619574546813965,18.780000686645508,18.84000015258789,18.540000915527344,18.579999923706055,10870500
2013-10-03,4.560538291931152,18.540000915527344,18.829999923706055,18.43000030517578,18.799999237060547,18453900
2013-10-04,4.5925164222717285,18.670000076293945,18.68000030517578,18.06999969482422,18.389999389648438,27996700
2013-10-07,4.5802178382873535,18.6200008392334,18.829999923706055,18.5,18.56999969482422,18500000
2013-10-08,4.503962516784668,18.309999465942383,18.770000457763672,18.200000762939453,18.65999984741211,23379200
2013-10-09,4.444925785064697,18.06999969482422,18.459999084472656,17.969999313354492,18.399999618530273,19516400
2013-10-10,4.464604377746582,18.149999618530273,18.350000381469727,18.010000228881836,18.260000228881836,22821900
2013-10-11,4.452304363250732,18.100000381469727,18.309999465942383,17.989999771118164,18.149999618530273,18833200
2013-10-14,4.49412202835083,18.270000457763672,18.31999969482422,17.940000534057617,18.059999465942383,21569300
2013-10-15,4.531019687652588,18.420000076293945,18.479999542236328,18.18000030517578,18.34000015258789,27224300
2013-10-16,4.513800621032715,18.350000381469727,18.649999618530273,18.15999984741211,18.469999313354492,35018800
2013-10-17,4.479362964630127,18.209999084472656,18.530000686645508,18.15999984741211,18.270000457763672,26905100
2013-10-18,4.4129486083984375,17.940000534057617,18.389999389648438,17.829999923706055,18.219999313354492,28111800
2013-10-21,4.644172191619873,18.8799991607666,18.979999542236328,17.709999084472656,17.989999771118164,51907400
2013-10-22,4.562998294830322,18.549999237060547,19.059999465942383,18.510000228881836,18.959999084472656,32733500
2013-10-23,4.50888204574585,18.329999923706055,18.850000381469727,18.209999084472656,18.549999237060547,21433300
2013-10-24,4.486741065979004,18.239999771118164,18.56999969482422,18.040000915527344,18.360000610351562,22513200
2013-10-25,4.548238754272461,18.489999771118164,18.729999542236328,18.200000762939453,18.229999542236328,30298000
2013-10-28,4.892614841461182,19.889999389648438,19.899999618530273,19.010000228881836,19.420000076293945,73626100
2013-10-29,4.845878601074219,19.700000762939453,19.959999084472656,19.329999923706055,19.709999084472656,33394100
2013-10-30,4.907374858856201,19.950000762939453,20.110000610351562,19.15999984741211,19.829999923706055,54345800
2013-10-31,4.991008758544922,20.290000915527344,20.559999465942383,19.850000381469727,19.959999084472656,41785200
2013-11-01,4.885235786437988,19.860000610351562,20.350000381469727,19.81999969482422,20.1200008392334,43494000
2013-11-04,4.973791122436523,20.219999313354492,20.280000686645508,19.950000762939453,19.989999771118164,20508100
2013-11-05,4.981170177459717,20.25,20.40999984741211,20.049999237060547,20.290000915527344,30093900
2013-11-06,5.02052640914917,20.40999984741211,20.40999984741211,20.079999923706055,20.290000915527344,21824900
2013-11-07,4.919675350189209,20.0,20.6299991607666,19.90999984741211,20.270000457763672,20998800
2013-11-08,4.831120491027832,19.639999389648438,20.06999969482422,19.600000381469727,19.950000762939453,28408100
2013-11-11,4.941812038421631,20.09000015258789,20.1200008392334,19.5,19.65999984741211,22190300
2013-11-12,4.808981895446777,19.549999237060547,20.25,19.450000762939453,20.059999465942383,24586900
2013-11-13,4.904914379119873,19.940000534057617,19.989999771118164,19.25,19.549999237060547,31361100
2013-11-14,5.030367851257324,20.450000762939453,20.5,19.959999084472656,20.0,24679800
2013-11-18,5.273890018463135,21.440000534057617,21.440000534057617,20.459999084472656,20.5,45214900
2013-11-19,5.192716121673584,21.110000610351562,21.3700008392334,20.860000610351562,21.299999237060547,42654300
2013-11-21,5.141058921813965,20.899999618530273,21.1299991607666,20.389999389648438,20.5,35845800
2013-11-22,5.084484100341797,20.670000076293945,21.200000762939453,20.639999389648438,20.75,23810600
2013-11-25,5.008228778839111,20.360000610351562,20.950000762939453,20.309999465942383,20.829999923706055,17132300
2013-11-26,4.693370819091797,19.079999923706055,20.040000915527344,19.079999923706055,19.899999618530273,38515500
2013-11-27,4.666311264038086,18.969999313354492,19.360000610351562,18.809999465942383,19.209999084472656,29298900
2013-11-28,4.590056419372559,18.65999984741211,19.219999313354492,18.549999237060547,18.950000762939453,28872500
2013-11-29,4.7032084465026855,19.1200008392334,19.389999389648438,18.770000457763672,18.889999389648438,37804300
2013-12-02,4.270277500152588,17.360000610351562,18.06999969482422,17.350000381469727,17.860000610351562,78353000
2013-12-03,4.307175636291504,17.510000228881836,17.8799991607666,17.049999237060547,17.450000762939453,45735400
2013-12-04,4.294875621795654,17.459999084472656,17.760000228881836,17.3700008392334,17.760000228881836,27512500
2013-12-05,4.3366923332214355,17.6299991607666,17.829999923706055,17.3700008392334,17.760000228881836,25337400
2013-12-06,4.238299369812012,17.229999542236328,17.780000686645508,17.18000030517578,17.729999542236328,32578300
2013-12-09,4.292415618896484,17.450000762939453,17.469999313354492,17.1200008392334,17.31999969482422,13696800
2013-12-10,4.255519390106201,17.299999237060547,17.459999084472656,17.260000228881836,17.360000610351562,14608900
2013-12-11,4.12760591506958,16.780000686645508,17.34000015258789,16.719999313354492,17.280000686645508,21615100
2013-12-12,4.147285461425781,16.860000610351562,17.020000457763672,16.690000534057617,16.850000381469727,21980300
2013-12-13,4.235840320587158,17.219999313354492,17.239999771118164,16.90999984741211,16.989999771118164,28058000
2013-12-16,4.265356540679932,17.34000015258789,17.5,17.079999923706055,17.25,32498700
2013-12-17,4.1325249671936035,16.799999237060547,17.350000381469727,16.799999237060547,17.209999084472656,29001000
2013-12-18,4.142366409301758,16.84000015258789,17.170000076293945,16.829999923706055,16.950000762939453,22817200
2013-12-19,4.243218421936035,17.25,17.290000915527344,16.8700008392334,17.1200008392334,17906300
2013-12-20,4.159584999084473,16.90999984741211,17.290000915527344,16.799999237060547,17.25,26875500
2013-12-23,4.196482181549072,17.059999465942383,17.170000076293945,16.8700008392334,17.020000457763672,11520400
2013-12-26,4.162042617797852,16.920000076293945,17.190000534057617,16.889999389648438,17.149999618530273,15294800
2013-12-27,4.164504051208496,16.93000030517578,17.020000457763672,16.81999969482422,17.0,15114200
2013-12-30,4.201401710510254,17.079999923706055,17.25,16.950000762939453,16.950000762939453,10598500
2014-01-02,4.1202263832092285,16.75,17.200000762939453,16.649999618530273,17.149999618530273,17284800
2014-01-03,4.058730602264404,16.5,16.780000686645508,16.40999984741211,16.739999771118164,17837600
2014-01-06,4.0882487297058105,16.6200008392334,16.639999389648438,16.15999984741211,16.450000762939453,20526500
2014-01-07,3.9750959873199463,16.15999984741211,16.829999923706055,16.1200008392334,16.649999618530273,19052500
2014-01-08,3.982476234436035,16.190000534057617,16.389999389648438,16.139999389648438,16.270000457763672,15874600
2014-01-09,3.8619444370269775,15.699999809265137,16.290000915527344,15.649999618530273,16.190000534057617,25871700
2014-01-10,3.928359270095825,15.970000267028809,16.299999237060547,15.65999984741211,15.760000228881836,30221300
2014-01-13,3.8791630268096924,15.770000457763672,16.110000610351562,15.640000343322754,16.010000228881836,21660900
2014-01-14,3.8619444370269775,15.699999809265137,15.869999885559082,15.619999885559082,15.710000038146973,16339200
2014-01-15,3.94557785987854,16.040000915527344,16.149999618530273,15.6899995803833,15.789999961853027,25748600
2014-01-16,3.834886312484741,15.59000015258789,16.190000534057617,15.569999694824219,16.040000915527344,32946000
2014-01-17,3.8152077198028564,15.510000228881836,15.770000457763672,15.449999809265137,15.720000267028809,22865900
2014-01-20,3.7340335845947266,15.180000305175781,15.609999656677246,15.140000343322754,15.449999809265137,17725000
2014-01-21,3.7733893394470215,15.34000015258789,15.34000015258789,15.3100004196167,15.34000015258789,19893400
2014-01-22,3.8963818550109863,15.84000015258789,15.899999618530273,15.270000457763672,15.420000076293945,44870600
2014-01-23,3.8053689002990723,15.470000267028809,15.90999984741211,15.460000038146973,15.670000076293945,24150400
2014-01-24,3.7143545150756836,15.100000381469727,15.4399995803833,14.979999542236328,15.380000114440918,27964100
2014-01-27,3.716813802719116,15.109999656677246,15.289999961853027,15.039999961853027,15.210000038146973,20818700
2014-01-28,3.702054023742676,15.050000190734863,15.4399995803833,15.020000457763672,15.359999656677246,22373700
2014-01-29,3.640559196472168,14.800000190734863,15.140000343322754,14.699999809265137,15.0600004196167,25561100
2014-01-30,3.6159603595733643,14.699999809265137,15.100000381469727,14.630000114440918,14.880000114440918,25607800
2014-01-31,3.6159603595733643,14.699999809265137,15.069999694824219,14.550000190734863,14.640000343322754,49314200
2014-02-03,3.406874418258667,13.850000381469727,14.630000114440918,13.800000190734863,14.59000015258789,51667600
2014-02-04,3.465909242630005,14.09000015258789,14.220000267028809,13.770000457763672,14.039999961853027,36400300
2014-02-05,3.4019546508789062,13.829999923706055,14.279999732971191,13.5600004196167,14.149999618530273,39232600
2014-02-06,3.4954288005828857,14.210000038146973,14.359999656677246,13.880000114440918,13.9399995803833,32126900
2014-02-07,3.5544650554656982,14.449999809265137,14.550000190734863,14.15999984741211,14.270000457763672,34263100
2014-02-10,3.593820810317993,14.609999656677246,14.699999809265137,14.329999923706055,14.359999656677246,29123100
2014-02-11,3.6799166202545166,14.960000038146973,15.069999694824219,14.640000343322754,14.710000038146973,28992000
2014-02-12,3.6799166202545166,14.960000038146973,15.100000381469727,14.779999732971191,15.079999923706055,23713700
2014-02-13,3.593820810317993,14.609999656677246,14.829999923706055,14.4399995803833,14.779999732971191,28201900
2014-02-14,3.586441993713379,14.579999923706055,14.710000038146973,14.470000267028809,14.710000038146973,27084100
2014-02-17,3.549546241760254,14.430000305175781,14.699999809265137,14.3100004196167,14.649999618530273,13181700
2014-02-18,3.4708304405212402,14.109999656677246,14.579999923706055,14.109999656677246,14.420000076293945,31555400
2014-02-19,3.4929685592651367,14.199999809265137,14.199999809265137,13.880000114440918,14.020000457763672,28362700
2014-02-20,3.483128786087036,14.15999984741211,14.34000015258789,13.979999542236328,14.0600004196167,24473700
2014-02-21,3.4806690216064453,14.149999618530273,14.319999694824219,14.069999694824219,14.199999809265137,18689200
2014-02-24,3.5667636394500732,14.5,14.569999694824219,14.010000228881836,14.109999656677246,20993900
2014-02-25,3.488049030303955,14.180000305175781,14.670000076293945,14.109999656677246,14.449999809265137,35828100
2014-02-26,3.369976043701172,13.699999809265137,14.25,13.680000305175781,14.199999809265137,45181500
2014-02-27,3.45361065864563,14.039999961853027,14.100000381469727,13.649999618530273,13.819999694824219,23575900
2014-02-28,3.342918872833252,13.59000015258789,14.149999618530273,13.579999923706055,14.100000381469727,28318200
2014-03-05,3.2691235542297363,13.289999961853027,13.729999542236328,13.279999732971191,13.699999809265137,15287200
2014-03-06,3.3035614490509033,13.430000305175781,13.720000267028809,13.3100004196167,13.420000076293945,29223600
2014-03-07,3.276502847671509,13.319999694824219,13.619999885559082,13.210000038146973,13.430000305175781,33482800
2014-03-10,3.2002482414245605,13.010000228881836,13.369999885559082,12.899999618530273,13.270000457763672,39540700
2014-03-11,3.224846839904785,13.109999656677246,13.170000076293945,12.960000038146973,13.0600004196167,37605100
2014-03-12,3.276502847671509,13.319999694824219,13.460000038146973,13.079999923706055,13.109999656677246,42963100
2014-03-13,3.205167055130005,13.029999732971191,13.479999542236328,13.029999732971191,13.390000343322754,22769800
2014-03-14,3.1436712741851807,12.779999732971191,13.119999885559082,12.770000457763672,13.079999923706055,34674800
2014-03-17,3.092015027999878,12.569999694824219,12.960000038146973,12.550000190734863,12.880000114440918,39457400
2014-03-18,3.190408229827881,12.970000267028809,13.050000190734863,12.569999694824219,12.640000343322754,45126500
2014-03-19,3.2814230918884277,13.34000015258789,13.529999732971191,12.930000305175781,12.949999809265137,51670900
2014-03-20,3.441312074661255,13.989999771118164,14.039999961853027,13.15999984741211,13.229999542236328,58253000
2014-03-21,3.4486913681030273,14.020000457763672,14.149999618530273,13.449999809265137,13.449999809265137,49269400
2014-03-24,3.5470845699310303,14.420000076293945,14.430000305175781,13.869999885559082,14.170000076293945,34293400
2014-03-25,3.56184458732605,14.479999542236328,14.600000381469727,14.130000114440918,14.260000228881836,40256700
2014-03-26,3.542165994644165,14.399999618530273,14.6899995803833,14.350000381469727,14.550000190734863,29664700
2014-03-27,3.8299663066864014,15.569999694824219,15.579999923706055,14.319999694824219,14.390000343322754,77808100
2014-03-28,3.852105140686035,15.65999984741211,15.770000457763672,15.199999809265137,15.569999694824219,42344400
2014-03-31,3.8816230297088623,15.779999732971191,15.789999961853027,15.5,15.710000038146973,28288900
2014-04-01,3.8890023231506348,15.8100004196167,15.850000381469727,15.479999542236328,15.720000267028809,36206100
2014-04-02,3.8275070190429688,15.5600004196167,16.600000381469727,15.699999809265137,15.710000038146973,66007000
2014-04-03,4.047647476196289,15.399999618530273,15.649999618530273,15.119999885559082,15.529999732971191,56189100
2014-04-04,4.058162212371826,15.4399995803833,15.710000038146973,15.350000381469727,15.619999885559082,33173500
2014-04-07,4.326252460479736,16.459999084472656,16.459999084472656,15.699999809265137,15.699999809265137,50400200
2014-04-08,4.202720642089844,15.989999771118164,17.06999969482422,15.720000267028809,16.799999237060547,69307600
2014-04-09,4.165924072265625,15.850000381469727,15.9399995803833,15.420000076293945,15.90999984741211,41775400
2014-04-10,4.121242523193359,15.680000305175781,16.049999237060547,15.550000190734863,15.65999984741211,27907900
2014-04-11,4.2552876472473145,16.190000534057617,16.200000762939453,15.40999984741211,15.529999732971191,42898300
2014-04-14,4.18695068359375,15.930000305175781,16.360000610351562,15.829999923706055,16.280000686645508,26799700
2014-04-15,4.026622295379639,15.319999694824219,16.09000015258789,15.130000114440918,15.760000228881836,35870400
2014-04-16,4.147526264190674,15.779999732971191,15.779999732971191,15.239999771118164,15.59000015258789,28674000
2014-04-17,4.305225372314453,16.3799991607666,16.600000381469727,15.539999961853027,15.899999618530273,44689200
2014-04-22,4.194835186004639,15.960000038146973,16.670000076293945,15.84000015258789,16.309999465942383,44896500
2014-04-23,4.215861797332764,16.040000915527344,16.06999969482422,15.75,15.970000267028809,22259300
2014-04-24,4.239517688751221,16.1299991607666,16.329999923706055,15.869999885559082,16.200000762939453,30473600
2014-04-25,4.2132344245910645,16.030000686645508,16.059999465942383,15.649999618530273,15.949999809265137,31426800
2014-04-28,4.352535724639893,16.559999465942383,16.56999969482422,15.770000457763672,15.949999809265137,31782200
2014-04-29,4.386704921722412,16.690000534057617,17.100000381469727,16.510000228881836,16.68000030517578,42027100
2014-04-30,4.352535724639893,16.559999465942383,16.739999771118164,16.389999389648438,16.600000381469727,27166100
2014-05-02,4.652168273925781,17.700000762939453,17.729999542236328,16.510000228881836,16.549999237060547,52627500
2014-05-05,4.617999076843262,17.56999969482422,17.770000457763672,17.309999465942383,17.649999618530273,35540000
2014-05-06,4.794095993041992,18.239999771118164,18.479999542236328,17.309999465942383,17.43000030517578,48256400
2014-05-07,4.883461952209473,18.579999923706055,18.850000381469727,18.06999969482422,18.139999389648438,44239500
2014-05-08,4.699476718902588,17.8799991607666,18.799999237060547,17.75,18.600000381469727,53471600
2014-05-09,4.644282341003418,17.670000076293945,18.239999771118164,17.600000381469727,18.049999237060547,34395600
2014-05-12,4.738903045654297,18.030000686645508,18.100000381469727,17.770000457763672,17.950000762939453,20657400
2014-05-13,4.720505237579346,17.959999084472656,18.399999618530273,17.860000610351562,18.0,27465400
2014-05-14,4.807239532470703,18.290000915527344,18.34000015258789,17.850000381469727,17.959999084472656,23462900
2014-05-15,4.738903045654297,18.030000686645508,18.229999542236328,17.93000030517578,18.170000076293945,20492100
2014-05-16,4.73364782333374,18.010000228881836,18.3700008392334,17.90999984741211,18.0,26139800
2014-05-19,4.715249061584473,17.940000534057617,18.040000915527344,17.81999969482422,17.979999542236328,25935900
2014-05-20,4.547034740447998,17.299999237060547,18.3799991607666,17.100000381469727,17.899999618530273,54506300
2014-05-21,4.589087009429932,17.459999084472656,17.81999969482422,17.100000381469727,17.459999084472656,40672100
2014-05-22,4.646910667419434,17.68000030517578,17.770000457763672,17.34000015258789,17.510000228881836,32321300
2014-05-23,4.652168273925781,17.700000762939453,17.829999923706055,17.549999237060547,17.579999923706055,18155800
2014-05-26,4.6942219734191895,17.860000610351562,17.90999984741211,17.709999084472656,17.799999237060547,7387500
2014-05-27,4.59697151184082,17.489999771118164,18.030000686645508,17.40999984741211,17.93000030517578,23285500
2014-05-28,4.652168273925781,17.700000762939453,17.790000915527344,17.260000228881836,17.549999237060547,22457200
2014-05-29,4.547034740447998,17.299999237060547,17.799999237060547,17.290000915527344,17.75,19559700
2014-05-30,4.386704921722412,16.690000534057617,17.25,16.6200008392334,17.18000030517578,25975000
2014-06-02,4.349907875061035,16.549999237060547,16.8700008392334,16.3799991607666,16.799999237060547,26475500
2014-06-03,4.441901206970215,16.899999618530273,16.959999084472656,16.469999313354492,16.530000686645508,20600300
2014-06-04,4.363049507141113,16.600000381469727,16.93000030517578,16.520000457763672,16.850000381469727,20905900
2014-06-05,4.289455890655518,16.31999969482422,16.829999923706055,16.290000915527344,16.709999084472656,23391100
2014-06-06,4.646910667419434,17.68000030517578,17.68000030517578,17.110000610351562,17.3799991607666,55365700
2014-06-09,4.749416351318359,18.06999969482422,18.239999771118164,17.3799991607666,17.56999969482422,47362400
2014-06-10,4.90711784362793,18.670000076293945,18.670000076293945,17.809999465942383,18.040000915527344,35832900
2014-06-11,4.962311744689941,18.8799991607666,18.959999084472656,18.299999237060547,18.700000762939453,48370800
2014-06-13,4.991223335266113,18.989999771118164,19.06999969482422,18.610000610351562,18.6299991607666,28004000
2014-06-16,4.925515174865723,18.739999771118164,19.1299991607666,18.639999389648438,19.0,30910300
2014-06-17,4.815124988555908,18.31999969482422,18.68000030517578,18.200000762939453,18.649999618530273,18040600
2014-06-18,4.993852615356445,19.0,19.030000686645508,18.25,18.40999984741211,43019700
2014-06-20,4.915001392364502,18.700000762939453,18.989999771118164,18.579999923706055,18.649999618530273,22486300
2014-06-23,4.809868335723877,18.299999237060547,18.75,18.299999237060547,18.75,14243200
2014-06-24,4.636397361755371,17.639999389648438,18.889999389648438,17.489999771118164,18.290000915527344,53971000
2014-06-25,4.544405937194824,17.290000915527344,17.770000457763672,17.1299991607666,17.200000762939453,48346300
2014-06-26,4.5522918701171875,17.31999969482422,17.56999969482422,17.010000228881836,17.469999313354492,23470100
2014-06-27,4.520750999450684,17.200000762939453,17.389999389648438,17.100000381469727,17.25,16716300
2014-06-30,4.544405937194824,17.290000915527344,17.549999237060547,17.040000915527344,17.360000610351562,20962900
2014-07-01,4.51812219619751,17.190000534057617,17.450000762939453,16.920000076293945,17.350000381469727,22945200
2014-07-02,4.4997239112854,17.1200008392334,17.329999923706055,16.969999313354492,17.190000534057617,28670600
2014-07-03,4.604857921600342,17.520000457763672,17.530000686645508,16.850000381469727,16.899999618530273,26634700
2014-07-04,4.599600315093994,17.5,17.549999237060547,17.350000381469727,17.43000030517578,9431900
2014-07-07,4.5522918701171875,17.31999969482422,17.440000534057617,17.139999389648438,17.40999984741211,18701200
2014-07-08,4.55491828918457,17.329999923706055,17.420000076293945,17.170000076293945,17.360000610351562,11504900
2014-07-10,4.759929656982422,18.110000610351562,18.170000076293945,17.6200008392334,17.780000686645508,35913600
2014-07-11,4.794095993041992,18.239999771118164,18.31999969482422,17.799999237060547,18.06999969482422,20928900
2014-07-14,5.020135879516602,19.100000381469727,19.18000030517578,18.420000076293945,18.479999542236328,70399100
2014-07-15,5.062189102172852,19.260000228881836,19.3700008392334,18.829999923706055,19.100000381469727,43433200
2014-07-16,5.0753302574157715,19.309999465942383,19.389999389648438,19.079999923706055,19.350000381469727,27591400
2014-07-17,5.1410393714904785,19.559999465942383,19.920000076293945,19.1200008392334,19.200000762939453,57411200
2014-07-18,5.393361568450928,20.520000457763672,20.8700008392334,20.149999618530273,20.809999465942383,90435000
2014-07-21,5.503750324249268,20.940000534057617,21.020000457763672,20.260000228881836,20.43000030517578,44723800
2014-07-22,5.532662868499756,21.049999237060547,21.229999542236328,20.559999465942383,20.899999618530273,62443400
2014-07-23,5.3223958015441895,20.25,20.739999771118164,20.170000076293945,20.559999465942383,42981200
2014-07-24,5.338165283203125,20.309999465942383,20.440000534057617,19.950000762939453,20.360000610351562,37644700
2014-07-25,5.385476112365723,20.489999771118164,20.56999969482422,20.280000686645508,20.40999984741211,25149900
2014-07-28,5.296111583709717,20.149999618530273,20.600000381469727,20.09000015258789,20.56999969482422,24552600
2014-07-29,5.156809329986572,19.6200008392334,20.1200008392334,19.559999465942383,20.100000381469727,38234000
2014-07-30,5.21726131439209,19.850000381469727,20.049999237060547,19.6299991607666,19.700000762939453,28062900
2014-07-31,5.020135879516602,19.100000381469727,19.649999618530273,19.010000228881836,19.600000381469727,36467700
2014-08-01,4.993852615356445,19.0,19.209999084472656,18.719999313354492,19.010000228881836,30658500
2014-08-04,5.138411521911621,19.549999237060547,19.559999465942383,18.8700008392334,19.149999618530273,22501200
2014-08-05,5.1778364181518555,19.700000762939453,20.09000015258789,19.299999237060547,19.459999084472656,53674100
2014-08-06,5.338165283203125,20.309999465942383,20.540000915527344,19.670000076293945,19.84000015258789,72879400
2014-08-07,5.296111583709717,20.149999618530273,20.690000534057617,19.8799991607666,20.600000381469727,54256300
2014-08-08,5.0753302574157715,19.309999465942383,19.860000610351562,19.25,19.799999237060547,41930500
2014-08-11,5.293483734130859,20.139999389648438,20.200000762939453,19.219999313354492,19.3700008392334,35596700
2014-08-12,5.169950008392334,19.670000076293945,20.290000915527344,19.56999969482422,20.09000015258789,30507300
2014-08-13,4.9123735427856445,18.690000534057617,19.93000030517578,18.5,19.75,100212700
2014-08-14,4.8887176513671875,18.600000381469727,19.049999237060547,18.329999923706055,18.68000030517578,45332400
2014-08-15,5.27245569229126,20.059999465942383,20.100000381469727,18.899999618530273,18.899999618530273,63042700
2014-08-18,5.361822128295898,20.399999618530273,20.729999542236328,19.81999969482422,20.549999237060547,66860700
2014-08-19,5.495866298675537,20.90999984741211,20.989999771118164,20.170000076293945,20.209999084472656,43132900
2014-08-20,5.614141941070557,21.360000610351562,21.489999771118164,20.709999084472656,20.799999237060547,54453400
2014-08-21,5.5983710289001465,21.299999237060547,21.670000076293945,21.06999969482422,21.25,40823700
2014-08-22,5.4984941482543945,20.920000076293945,21.31999969482422,20.729999542236328,21.139999389648438,34438300
2014-08-25,5.792870044708252,22.040000915527344,22.06999969482422,21.1200008392334,21.219999313354492,45475600
2014-08-26,5.740302562713623,21.84000015258789,22.520000457763672,21.780000686645508,22.030000686645508,52291300
2014-08-27,6.003134250640869,22.84000015258789,23.209999084472656,21.899999618530273,22.149999618530273,73536500
2014-08-28,6.003134250640869,22.84000015258789,23.329999923706055,22.549999237060547,22.690000534057617,57631800
2014-08-29,6.139810085296631,23.360000610351562,23.59000015258789,22.600000381469727,23.149999618530273,56848900
2014-09-01,6.26334285736084,23.829999923706055,24.59000015258789,23.65999984741211,23.950000762939453,40238800
2014-09-02,6.455209732055664,24.559999465942383,24.899999618530273,23.399999618530273,24.0,67713100
2014-09-03,6.294881343841553,23.950000762939453,24.8799991607666,23.600000381469727,24.84000015258789,60151400
2014-09-04,5.989994049072266,22.790000915527344,24.0,22.700000762939453,23.09000015258789,66914600
2014-09-05,5.997879505157471,22.81999969482422,23.299999237060547,22.43000030517578,22.75,54256100
2014-09-08,5.7035040855407715,21.700000762939453,23.68000030517578,21.5,23.420000076293945,79759300
2014-09-09,5.645680904388428,21.479999542236328,22.190000534057617,21.1200008392334,21.510000228881836,71764400
2014-09-10,5.506378173828125,20.950000762939453,21.479999542236328,20.600000381469727,21.15999984741211,61903500
2014-09-11,5.574716567993164,21.209999084472656,21.729999542236328,21.0,21.18000030517578,51526700
2014-09-12,5.293483734130859,20.139999389648438,21.0,19.850000381469727,20.8700008392334,82475400
2014-09-15,5.409131050109863,20.579999923706055,20.65999984741211,20.059999465942383,20.25,53328400
2014-09-16,5.664079189300537,21.549999237060547,22.3799991607666,20.700000762939453,20.760000228881836,99328900
2014-09-17,5.813894748687744,22.1200008392334,22.530000686645508,21.860000610351562,22.329999923706055,54823000
2014-09-18,5.595742225646973,21.290000915527344,22.1200008392334,21.18000030517578,21.850000381469727,57148100
2014-09-19,5.495866298675537,20.90999984741211,21.3799991607666,20.690000534057617,21.0,37077100
2014-09-22,5.411758899688721,20.59000015258789,20.600000381469727,19.68000030517578,20.450000762939453,66535200
2014-09-23,5.290853977203369,20.1299991607666,21.0,19.899999618530273,20.100000381469727,54737800
2014-09-24,5.317137718200684,20.229999542236328,20.610000610351562,19.84000015258789,19.950000762939453,38247100
2014-09-25,5.214632987976074,19.84000015258789,20.399999618530273,19.829999923706055,20.290000915527344,26626600
2014-09-26,5.503750324249268,20.940000534057617,21.239999771118164,19.799999237060547,19.899999618530273,43234500
2014-09-29,4.8887176513671875,18.600000381469727,19.25,18.540000915527344,19.020000457763672,94418600
2014-09-30,4.754672527313232,18.09000015258789,18.649999618530273,17.75,18.489999771118164,81971800
2014-10-01,4.491838455200195,17.09000015258789,17.860000610351562,17.010000228881836,17.700000762939453,79170700
2014-10-02,4.547034740447998,17.299999237060547,17.719999313354492,16.860000610351562,17.399999618530273,65399500
2014-10-03,4.823010444641113,18.350000381469727,18.520000457763672,17.239999771118164,17.600000381469727,61990800
2014-10-06,5.359192371368408,20.389999389648438,21.5,20.09000015258789,21.5,114738800
2014-10-07,5.574716567993164,21.209999084472656,21.790000915527344,20.639999389648438,20.850000381469727,87446800
2014-10-08,5.480096817016602,20.850000381469727,21.850000381469727,20.010000228881836,21.799999237060547,104638500
2014-10-09,5.572086334228516,21.200000762939453,21.899999618530273,21.139999389648438,21.290000915527344,82449700
2014-10-10,5.269827365875244,20.049999237060547,20.049999237060547,20.049999237060547,20.049999237060547,64882800
2014-10-13,5.816524028778076,22.1299991607666,22.420000076293945,21.110000610351562,21.360000610351562,85183400
2014-10-14,5.67722225189209,21.600000381469727,21.600000381469727,21.600000381469727,21.600000381469727,80844400
2014-10-15,5.296111583709717,20.149999618530273,20.8799991607666,19.6200008392334,20.600000381469727,120546300
2014-10-16,4.90186071395874,18.649999618530273,19.5,18.559999465942383,19.010000228881836,97275600
2014-10-17,5.017507553100586,19.09000015258789,19.530000686645508,18.649999618530273,19.3700008392334,69545700
2014-10-20,4.709990978240967,17.920000076293945,18.989999771118164,17.8700008392334,18.920000076293945,70794896
2014-10-21,4.441901206970215,16.899999618530273,16.899999618530273,16.899999618530273,16.899999618530273,105185600
2014-10-22,4.3656768798828125,16.610000610351562,17.25,16.3799991607666,16.809999465942383,62049400
2014-10-23,4.076560020446777,15.510000228881836,16.450000762939453,15.40999984741211,16.3700008392334,110386000
2014-10-24,4.3683061599731445,16.6200008392334,16.889999389648438,15.520000457763672,15.800000190734863,100322000
2014-10-27,3.816354513168335,14.520000457763672,14.59000015258789,13.760000228881836,14.0,215365600
2014-10-28,3.9504008293151855,15.029999732971191,15.079999923706055,14.630000114440918,14.899999618530273,95132900
2014-10-29,3.684937000274658,14.020000457763672,14.789999961853027,14.0,14.770000457763672,89851000
2014-10-30,3.763786792755127,14.319999694824219,14.6899995803833,14.010000228881836,14.600000381469727,75048900
2014-10-31,4.016107559204102,15.279999732971191,15.279999732971191,14.369999885559082,14.579999923706055,47932400
2014-11-03,3.9030895233154297,14.850000381469727,15.100000381469727,14.550000190734863,14.960000038146973,44102700
2014-11-04,3.8952059745788574,14.819999694824219,15.029999732971191,14.369999885559082,15.0,45408900
2014-11-05,3.7848150730133057,14.399999618530273,14.619999885559082,14.329999923706055,14.5,37011900
2014-11-06,3.695451021194458,14.0600004196167,14.279999732971191,13.779999732971191,14.279999732971191,55337600
2014-11-07,3.750645399093628,14.270000457763672,14.630000114440918,13.520000457763672,14.25,77503900
2014-11-10,3.6744229793548584,13.979999542236328,14.369999885559082,13.920000076293945,14.300000190734863,35611800
2014-11-11,3.679680824279785,14.0,14.079999923706055,13.670000076293945,13.8100004196167,24268300
2014-11-12,3.7085928916931152,14.109999656677246,14.489999771118164,13.829999923706055,13.970000267028809,30597500
2014-11-13,3.5745460987091064,13.600000381469727,14.369999885559082,13.59000015258789,14.319999694824219,36046700
2014-11-14,3.469412326812744,13.199999809265137,13.329999923706055,12.850000381469727,12.899999618530273,52848800
2014-11-17,3.311711549758911,12.600000381469727,13.25,12.520000457763672,13.069999694824219,47504600
2014-11-18,3.272287368774414,12.449999809265137,12.850000381469727,12.0,12.760000228881836,60893000
2014-11-19,3.3590221405029297,12.779999732971191,12.970000267028809,12.3100004196167,12.399999618530273,48829400
2014-11-21,3.7585296630859375,14.300000190734863,14.430000305175781,13.010000228881836,13.010000228881836,66584900
2014-11-24,3.7348766326904297,14.210000038146973,15.260000228881836,14.079999923706055,14.619999885559082,70349100
2014-11-25,3.7191050052642822,14.149999618530273,14.930000305175781,13.850000381469727,14.4399995803833,82863900
2014-11-26,3.7243621349334717,14.170000076293945,14.170000076293945,14.170000076293945,14.170000076293945,35604600
2014-11-27,3.5324928760528564,13.4399995803833,14.619999885559082,13.329999923706055,14.199999809265137,54672700
2014-11-28,3.37479305267334,12.84000015258789,13.5600004196167,12.800000190734863,13.449999809265137,46109000
2014-12-01,3.23811936378479,12.319999694824219,12.539999961853027,12.210000038146973,12.449999809265137,698950612
2014-12-02,3.1986935138702393,12.170000076293945,12.5600004196167,12.09000015258789,12.5,482364084
2014-12-03,3.3406243324279785,12.710000038146973,12.800000190734863,12.210000038146973,12.260000228881836,39791800
2014-12-04,3.224977731704712,12.270000457763672,12.789999961853027,12.170000076293945,12.789999961853027,36498300
2014-12-05,3.2013230323791504,12.180000305175781,12.369999885559082,12.050000190734863,12.319999694824219,60072900
2014-12-08,3.0252232551574707,11.510000228881836,12.149999618530273,11.40999984741211,12.149999618530273,44385600
2014-12-09,3.0015671253204346,11.420000076293945,11.430000305175781,10.8100004196167,11.100000381469727,69233104
2014-12-10,2.8596372604370117,10.880000114440918,11.359999656677246,10.819999694824219,11.350000381469727,51653800
2014-12-11,2.7939293384552,10.630000114440918,11.039999961853027,10.319999694824219,10.899999618530273,64604800
2014-12-12,2.6782820224761963,10.1899995803833,10.6899995803833,10.109999656677246,10.649999618530273,46321800
2014-12-15,2.3812785148620605,9.0600004196167,10.289999961853027,9.010000228881836,10.210000038146973,100442600
2014-12-16,2.4627575874328613,9.369999885559082,9.920000076293945,8.5600004196167,8.600000381469727,92073400
2014-12-17,2.4890406131744385,9.470000267028809,9.859999656677246,9.369999885559082,9.5,90951200
2014-12-18,2.515324592590332,9.569999694824219,10.350000381469727,9.380000114440918,9.890000343322754,88693200
2014-12-19,2.5836613178253174,9.829999923706055,9.979999542236328,9.569999694824219,9.949999809265137,64103300
2014-12-22,2.7255916595458984,10.369999885559082,10.369999885559082,9.710000038146973,9.899999618530273,53678500
2014-12-23,2.8675220012664795,10.90999984741211,10.989999771118164,10.1899995803833,10.369999885559082,45011000
2014-12-26,2.7124500274658203,10.319999694824219,10.880000114440918,10.210000038146973,10.869999885559082,27059500
2014-12-29,2.701936960220337,10.279999732971191,10.539999961853027,10.0600004196167,10.149999618530273,24392000
2014-12-30,2.63622784614563,10.029999732971191,10.350000381469727,10.010000228881836,10.15999984741211,27623700
2015-01-02,2.460129737854004,9.359999656677246,9.989999771118164,9.350000381469727,9.989999771118164,49559500
2015-01-05,2.2498619556427,8.5600004196167,9.1899995803833,8.529999732971191,9.140000343322754,78385100
2015-01-06,2.1762678623199463,8.279999732971191,8.829999923706055,8.039999961853027,8.710000038146973,84723300
2015-01-07,2.278773307800293,8.670000076293945,8.729999542236328,8.359999656677246,8.5600004196167,85531000
2015-01-08,2.4259607791900635,9.229999542236328,9.390000343322754,8.739999771118164,8.789999961853027,83306300
2015-01-09,2.49955415725708,9.510000228881836,9.510000228881836,8.930000305175781,9.199999809265137,50813100
2015-01-12,2.323455333709717,8.84000015258789,9.579999923706055,8.789999961853027,9.270000457763672,58728900
2015-01-13,2.3891639709472656,9.09000015258789,9.390000343322754,8.850000381469727,8.899999618530273,65834800
2015-01-14,2.341853618621826,8.90999984741211,8.960000038146973,8.640000343322754,8.880000114440918,55736500
2015-01-15,2.4469878673553467,9.3100004196167,9.390000343322754,8.869999885559082,9.0,80907800
2015-01-16,2.4811558723449707,9.4399995803833,9.630000114440918,9.239999771118164,9.460000038146973,56978300
2015-01-19,2.4101908206939697,9.170000076293945,9.539999961853027,9.149999618530273,9.350000381469727,30873100
2015-01-20,2.4469878673553467,9.3100004196167,9.850000381469727,9.149999618530273,9.600000381469727,72842900
2015-01-21,2.6020593643188477,9.899999618530273,9.920000076293945,9.319999694824219,9.449999809265137,48003500
2015-01-22,2.688795566558838,10.229999542236328,10.460000038146973,9.970000267028809,10.100000381469727,74782400
2015-01-23,2.623086929321289,9.979999542236328,10.40999984741211,9.880000114440918,10.109999656677246,43659400
2015-01-26,2.5836613178253174,9.829999923706055,9.970000267028809,9.65999984741211,9.789999961853027,33202100
2015-01-27,2.6651394367218018,10.140000343322754,10.369999885559082,9.529999732971191,9.720000267028809,58750400
2015-01-28,2.3944203853607178,9.109999656677246,9.539999961853027,8.949999809265137,9.430000305175781,106337900
2015-01-29,2.278773307800293,8.670000076293945,9.079999923706055,8.34000015258789,9.050000190734863,111506300
2015-01-30,2.1815247535705566,8.300000190734863,8.34000015258789,8.079999923706055,8.199999809265137,87497200
2015-02-02,2.310314178466797,8.789999961853027,8.789999961853027,8.130000114440918,8.460000038146973,57585100
2015-02-03,2.6204581260681152,9.970000267028809,10.0,9.010000228881836,9.010000228881836,98061700
2015-02-04,2.6335997581481934,10.020000457763672,10.779999732971191,9.5600004196167,10.300000190734863,117595000
2015-02-05,2.5836613178253174,9.829999923706055,10.289999961853027,9.699999809265137,9.859999656677246,78992700
2015-02-06,2.397047996520996,9.119999885559082,9.8100004196167,8.869999885559082,9.800000190734863,117747100
2015-02-09,2.4706428050994873,9.399999618530273,9.470000267028809,8.720000267028809,8.800000190734863,72534200
2015-02-10,2.341853618621826,8.90999984741211,9.800000190734863,8.890000343322754,9.220000267028809,75478700
2015-02-11,2.38653564453125,9.079999923706055,9.1899995803833,8.8100004196167,8.9399995803833,48681100
2015-02-12,2.4837846755981445,9.449999809265137,9.539999961853027,9.270000457763672,9.350000381469727,61706000
2015-02-13,2.63622784614563,10.029999732971191,10.100000381469727,9.65999984741211,9.680000305175781,72282500
2015-02-18,2.638856887817383,10.039999961853027,10.34000015258789,10.010000228881836,10.15999984741211,42896700
2015-02-19,2.552121162414551,9.710000038146973,9.970000267028809,9.649999618530273,9.960000038146973,38492400
2015-02-20,2.5337228775024414,9.640000343322754,9.899999618530273,9.529999732971191,9.819999694824219,35272700
2015-02-23,2.4969263076782227,9.5,9.59000015258789,9.390000343322754,9.550000190734863,41168500
2015-02-24,2.6020593643188477,9.899999618530273,9.899999618530273,9.59000015258789,9.649999618530273,48578000
2015-02-25,2.4706428050994873,9.399999618530273,9.399999618530273,9.0,9.100000381469727,96303900
2015-02-26,2.4259607791900635,9.229999542236328,9.520000457763672,9.15999984741211,9.399999618530273,44179900
2015-02-27,2.510067939758301,9.550000190734863,9.640000343322754,9.100000381469727,9.300000190734863,46969600
2015-03-02,2.4758996963500977,9.420000076293945,9.710000038146973,9.270000457763672,9.4399995803833,38009000
2015-03-03,2.515324592590332,9.569999694824219,9.800000190734863,9.520000457763672,9.6899995803833,42133600
2015-03-04,2.436474561691284,9.270000457763672,9.449999809265137,9.210000038146973,9.40999984741211,48308500
2015-03-05,2.428589344024658,9.239999771118164,9.380000114440918,9.15999984741211,9.3100004196167,52913800
2015-03-06,2.4312174320220947,9.25,9.350000381469727,9.170000076293945,9.199999809265137,27181900
2015-03-09,2.3444817066192627,8.920000076293945,9.180000305175781,8.899999618530273,9.130000114440918,37625700
2015-03-10,2.2393476963043213,8.520000457763672,8.979999542236328,8.510000228881836,8.829999923706055,72090500
2015-03-11,2.2971720695495605,8.739999771118164,8.829999923706055,8.579999923706055,8.670000076293945,44035300
2015-03-12,2.2262067794799805,8.470000267028809,9.079999923706055,8.4399995803833,8.970000267028809,63029900
2015-03-13,2.19203782081604,8.34000015258789,8.390000343322754,8.15999984741211,8.25,72933500
2015-03-16,2.2051796913146973,8.390000343322754,8.5,8.1899995803833,8.489999771118164,53380500
2015-03-17,2.328712224960327,8.859999656677246,8.930000305175781,8.319999694824219,8.350000381469727,63896300
2015-03-18,2.418076276779175,9.199999809265137,9.289999961853027,8.670000076293945,8.850000381469727,65324600
2015-03-19,2.3444817066192627,8.920000076293945,9.229999542236328,8.850000381469727,9.180000305175781,42857200
2015-03-20,2.4233322143554688,9.220000267028809,9.350000381469727,8.960000038146973,9.079999923706055,65339300
2015-03-23,2.452244758605957,9.329999923706055,9.4399995803833,9.199999809265137,9.300000190734863,34124600
2015-03-24,2.4758996963500977,9.420000076293945,9.449999809265137,9.220000267028809,9.369999885559082,36392400
2015-03-25,2.5757765769958496,9.800000190734863,9.890000343322754,9.529999732971191,9.649999618530273,84659600
2015-03-26,2.452244758605957,9.329999923706055,9.960000038146973,9.3100004196167,9.920000076293945,58862000
2015-03-27,2.460129737854004,9.359999656677246,9.609999656677246,9.170000076293945,9.300000190734863,51152500
2015-03-30,2.552121162414551,9.710000038146973,9.75,9.420000076293945,9.5,33372200
2015-03-31,2.5389795303344727,9.65999984741211,9.920000076293945,9.470000267028809,9.579999923706055,46908300
2015-04-01,2.696680784225464,10.260000228881836,10.369999885559082,9.869999885559082,9.930000305175781,59374600
2015-04-02,2.8096985816955566,10.6899995803833,10.720000267028809,10.170000076293945,10.170000076293945,69001800
2015-04-06,2.814955711364746,10.710000038146973,10.989999771118164,10.680000305175781,10.800000190734863,45227600
2015-04-07,2.8701512813568115,10.920000076293945,10.960000038146973,10.460000038146973,10.600000381469727,61721500
2015-04-08,2.7781589031219482,10.569999694824219,11.329999923706055,10.489999771118164,11.100000381469727,73904600
2015-04-09,3.0436208248138428,11.579999923706055,11.600000381469727,10.579999923706055,10.699999809265137,79280800
2015-04-10,3.104074001312256,11.8100004196167,11.930000305175781,11.270000457763672,11.520000457763672,70021600
2015-04-13,3.224977731704712,12.270000457763672,12.75,11.899999618530273,11.970000267028809,104809600
2015-04-14,3.274915933609009,12.460000038146973,12.739999771118164,11.970000267028809,12.670000076293945,87127100
2015-04-15,3.5062103271484375,13.34000015258789,13.380000114440918,12.470000267028809,12.699999809265137,103042800
2015-04-16,3.4115893840789795,12.979999542236328,13.329999923706055,12.520000457763672,13.25,109852700
2015-04-17,3.4037039279937744,12.949999809265137,13.239999771118164,12.520000457763672,12.609999656677246,71274400
2015-04-20,3.4352447986602783,13.069999694824219,13.380000114440918,13.020000457763672,13.229999542236328,52514600
2015-04-22,3.416846513748169,13.0,13.289999961853027,12.65999984741211,13.1899995803833,65914800
2015-04-23,3.3826777935028076,12.869999885559082,13.260000228881836,11.890000343322754,12.300000190734863,182613700
2015-04-24,3.4746694564819336,13.220000267028809,13.779999732971191,13.15999984741211,13.1899995803833,106143700
2015-04-27,3.2906858921051025,12.520000457763672,13.119999885559082,12.510000228881836,12.949999809265137,53111300
2015-04-28,3.356393814086914,12.770000457763672,12.869999885559082,12.25,12.760000228881836,60884300
2015-04-29,3.369536876678467,12.819999694824219,12.930000305175781,12.529999732971191,12.579999923706055,35821900
2015-04-30,3.432615280151367,13.0600004196167,13.149999618530273,12.800000190734863,12.829999923706055,48515300
2015-05-04,3.6244852542877197,13.789999961853027,13.850000381469727,13.300000190734863,13.3100004196167,55651100
2015-05-05,3.79270076751709,14.430000305175781,14.609999656677246,13.670000076293945,13.699999809265137,76329800
2015-05-06,3.6244852542877197,13.789999961853027,14.949999809265137,13.569999694824219,14.75,72197500
2015-05-07,3.5903165340423584,13.65999984741211,14.050000190734863,13.329999923706055,13.800000190734863,44978900
2015-05-08,3.5508906841278076,13.510000228881836,14.09000015258789,13.359999656677246,14.039999961853027,43687900
2015-05-11,3.6192286014556885,13.770000457763672,13.829999923706055,13.430000305175781,13.680000305175781,28040500
2015-05-12,3.6087141036987305,13.729999542236328,14.0600004196167,13.630000114440918,13.699999809265137,30765100
2015-05-13,3.6744229793548584,13.979999542236328,14.130000114440918,13.75,13.869999885559082,45346800
2015-05-14,3.653397798538208,13.899999618530273,14.229999542236328,13.760000228881836,14.100000381469727,49457700
2015-05-15,3.6901936531066895,14.039999961853027,14.119999885559082,13.609999656677246,13.920000076293945,54224100
2015-05-18,3.6008293628692627,13.699999809265137,14.649999618530273,13.520000457763672,14.640000343322754,82200400
2015-05-19,3.387934684753418,12.890000343322754,13.59000015258789,12.789999961853027,13.550000190734863,70521100
2015-05-20,3.37479305267334,12.84000015258789,13.119999885559082,12.630000114440918,12.760000228881836,43164900
2015-05-21,3.5430071353912354,13.479999542236328,13.520000457763672,12.859999656677246,12.859999656677246,53682900
2015-05-22,3.4352447986602783,13.069999694824219,13.649999618530273,12.920000076293945,13.520000457763672,53753700
2015-05-25,3.372164487838745,12.829999923706055,13.010000228881836,12.720000267028809,12.979999542236328,24377600
2015-05-26,3.256517171859741,12.390000343322754,12.859999656677246,12.359999656677246,12.800000190734863,44844200
2015-05-27,3.295943021774292,12.539999961853027,12.65999984741211,12.289999961853027,12.5,47223300
2015-05-28,3.3248543739318848,12.649999618530273,12.819999694824219,12.399999618530273,12.470000267028809,96419400
2015-05-29,3.2407474517822266,12.329999923706055,12.779999732971191,12.300000190734863,12.710000038146973,75971600
2015-06-01,3.2486324310302734,12.359999656677246,12.649999618530273,12.25,12.430000305175781,40498000
2015-06-02,3.385305404663086,12.880000114440918,12.949999809265137,12.470000267028809,12.550000190734863,47041600
2015-06-03,3.3616504669189453,12.789999961853027,13.100000381469727,12.720000267028809,12.960000038146973,90062100
2015-06-05,3.3038272857666016,12.569999694824219,12.779999732971191,12.420000076293945,12.579999923706055,36719100
2015-06-08,3.3038272857666016,12.569999694824219,12.770000457763672,12.470000267028809,12.609999656677246,23667600
2015-06-09,3.416846513748169,13.0,13.170000076293945,12.569999694824219,12.609999656677246,88228800
2015-06-10,3.4378726482391357,13.079999923706055,13.4399995803833,12.920000076293945,13.300000190734863,45583600
2015-06-11,3.443129301071167,13.100000381469727,13.140000343322754,12.850000381469727,13.130000114440918,35341600
2015-06-12,3.422102451324463,13.020000457763672,13.039999961853027,12.829999923706055,12.859999656677246,30067700
2015-06-15,3.4194748401641846,13.010000228881836,13.09000015258789,12.899999618530273,12.970000267028809,31713200
2015-06-16,3.5167229175567627,13.380000114440918,13.479999542236328,12.90999984741211,13.039999961853027,49988000
2015-06-17,3.4536428451538086,13.140000343322754,13.59000015258789,13.119999885559082,13.5,40920200
2015-06-18,3.535121440887451,13.449999809265137,13.449999809265137,13.149999618530273,13.279999732971191,26832100
2015-06-19,3.456270933151245,13.149999618530273,13.4399995803833,13.100000381469727,13.3100004196167,36247800
2015-06-22,3.4615275859832764,13.170000076293945,13.369999885559082,13.130000114440918,13.300000190734863,22567300
2015-06-23,3.4089603424072266,12.970000267028809,13.430000305175781,12.949999809265137,13.270000457763672,48007400
2015-06-24,3.4746694564819336,13.220000267028809,13.350000381469727,13.050000190734863,13.0600004196167,39613200
2015-06-25,3.311711549758911,12.600000381469727,13.239999771118164,12.520000457763672,13.229999542236328,48369000
2015-06-26,3.4720418453216553,13.210000038146973,13.210000038146973,12.640000343322754,12.65999984741211,34536800
2015-06-29,3.377420663833618,12.850000381469727,13.59000015258789,12.619999885559082,13.0,63175500
2015-06-30,3.3353679180145264,12.6899995803833,12.989999771118164,12.649999618530273,12.899999618530273,32876500
2015-07-01,3.1960651874542236,12.15999984741211,12.850000381469727,12.010000228881836,12.800000190734863,62627200
2015-07-02,3.246004343032837,12.350000381469727,12.529999732971191,12.15999984741211,12.350000381469727,37421500
2015-07-03,3.0909316539764404,11.760000228881836,12.3100004196167,11.680000305175781,12.25,31574500
2015-07-06,3.0252232551574707,11.510000228881836,11.729999542236328,11.279999732971191,11.510000228881836,51206800
2015-07-07,3.0935592651367188,11.770000457763672,11.850000381469727,10.819999694824219,11.359999656677246,72452800
2015-07-08,3.0120818614959717,11.460000038146973,11.989999771118164,11.329999923706055,11.619999885559082,44001500
2015-07-10,3.104074001312256,11.8100004196167,11.979999542236328,11.75,11.899999618530273,30885900
2015-07-13,3.0988171100616455,11.789999961853027,11.930000305175781,11.579999923706055,11.869999885559082,29585400
2015-07-14,3.1513831615448,11.989999771118164,12.079999923706055,11.579999923706055,11.6899995803833,37058500
2015-07-15,3.0961883068084717,11.779999732971191,12.0600004196167,11.720000267028809,11.960000038146973,33375100
2015-07-16,3.1513831615448,11.989999771118164,11.989999771118164,11.819999694824219,11.890000343322754,26442500
2015-07-17,2.9989397525787354,11.40999984741211,11.899999618530273,11.390000343322754,11.819999694824219,39929900
2015-07-20,2.835982084274292,10.789999961853027,11.539999961853027,10.75,11.460000038146973,48763200
2015-07-21,2.8202123641967773,10.729999542236328,11.239999771118164,10.600000381469727,10.90999984741211,40357600
2015-07-22,2.722963809967041,10.359999656677246,10.720000267028809,10.329999923706055,10.609999656677246,30155200
2015-07-23,2.6598825454711914,10.119999885559082,10.5600004196167,10.119999885559082,10.220000267028809,50696500
2015-07-24,2.63622784614563,10.029999732971191,10.229999542236328,9.760000228881836,10.170000076293945,45143700
2015-07-27,2.4969263076782227,9.5,9.989999771118164,9.5,9.960000038146973,54768800
2015-07-28,2.6335997581481934,10.020000457763672,10.220000267028809,9.609999656677246,9.6899995803833,72306100
2015-07-29,2.812326669692993,10.699999809265137,10.770000457763672,9.90999984741211,10.010000228881836,88194700
2015-07-30,2.7387335300445557,10.420000076293945,10.930000305175781,10.239999771118164,10.829999923706055,47498400
2015-07-31,2.7571325302124023,10.489999771118164,10.699999809265137,10.319999694824219,10.479999542236328,37462200
2015-08-03,2.63622784614563,10.029999732971191,10.40999984741211,9.949999809265137,10.359999656677246,41499600
2015-08-04,2.6703970432281494,10.15999984741211,10.449999809265137,10.100000381469727,10.140000343322754,30786900
2015-08-05,2.6309714317321777,10.010000228881836,10.550000190734863,10.010000228881836,10.40999984741211,43759700
2015-08-06,2.717707633972168,10.34000015258789,10.390000343322754,9.739999771118164,9.859999656677246,60293400
2015-08-07,2.5468647480010986,9.6899995803833,10.550000190734863,9.680000305175781,10.25,65832700
2015-08-10,2.625715732574463,9.989999771118164,10.029999732971191,9.569999694824219,9.8100004196167,51017800
2015-08-11,2.623086929321289,9.979999542236328,9.979999542236328,9.470000267028809,9.789999961853027,45648700
2015-08-12,2.581033229827881,9.819999694824219,10.010000228881836,9.670000076293945,9.800000190734863,40039100
2015-08-13,2.4969263076782227,9.5,9.970000267028809,9.5,9.90999984741211,31405700
2015-08-14,2.4443588256835938,9.300000190734863,9.680000305175781,9.300000190734863,9.609999656677246,28018600
2015-08-17,2.4049341678619385,9.149999618530273,9.359999656677246,9.119999885559082,9.199999809265137,33125100
2015-08-18,2.3628804683685303,8.989999771118164,9.199999809265137,8.819999694824219,9.0600004196167,38013600
2015-08-19,2.2971720695495605,8.739999771118164,9.050000190734863,8.630000114440918,8.949999809265137,37036000
2015-08-20,2.2840304374694824,8.6899995803833,8.960000038146973,8.5600004196167,8.640000343322754,38857700
2015-08-21,2.1815247535705566,8.300000190734863,8.640000343322754,8.289999961853027,8.600000381469727,39848800
2015-08-24,2.073763132095337,7.889999866485596,8.170000076293945,7.53000020980835,7.760000228881836,70881000
2015-08-25,2.0632495880126953,7.849999904632568,8.229999542236328,7.849999904632568,8.100000381469727,58283200
2015-08-26,2.136843204498291,8.130000114440918,8.130000114440918,7.849999904632568,8.069999694824219,43893300
2015-08-27,2.3444817066192627,8.920000076293945,8.930000305175781,8.229999542236328,8.25,66820200
2015-08-28,2.3707659244537354,9.020000457763672,9.390000343322754,8.609999656677246,8.670000076293945,77260900
2015-08-31,2.415447235107422,9.1899995803833,9.289999961853027,8.520000457763672,8.710000038146973,76576400
2015-09-01,2.257746696472168,8.59000015258789,9.09000015258789,8.539999961853027,8.75,52756400
2015-09-02,2.3181986808776855,8.819999694824219,8.84000015258789,8.329999923706055,8.75,56050600
2015-09-03,2.302428960800171,8.760000228881836,9.210000038146973,8.539999961853027,8.930000305175781,56645400
2015-09-04,2.236720085144043,8.510000228881836,8.760000228881836,8.510000228881836,8.600000381469727,35463400
2015-09-08,2.270887851715088,8.640000343322754,8.789999961853027,8.579999923706055,8.699999809265137,29383000
2015-09-09,2.2051796913146973,8.390000343322754,8.899999618530273,8.359999656677246,8.8100004196167,38706300
2015-09-10,2.094789981842041,7.96999979019165,8.149999618530273,7.809999942779541,7.900000095367432,62858700
2015-09-11,2.0133111476898193,7.659999847412109,7.989999771118164,7.590000152587891,7.940000057220459,53647300
2015-09-14,2.029081106185913,7.71999979019165,7.820000171661377,7.460000038146973,7.699999809265137,52851400
2015-09-15,2.0106825828552246,7.650000095367432,7.869999885559082,7.539999961853027,7.650000095367432,35102900
2015-09-16,2.1394717693328857,8.140000343322754,8.239999771118164,7.739999771118164,7.769999980926514,66613400
2015-09-17,2.0658774375915527,7.860000133514404,8.109999656677246,7.860000133514404,8.050000190734863,72887600
2015-09-18,1.9975411891937256,7.599999904632568,7.760000228881836,7.5,7.75,68097000
2015-09-21,1.91869056224823,7.300000190734863,7.679999828338623,7.300000190734863,7.659999847412109,41063600
2015-09-22,1.8319555521011353,6.96999979019165,7.239999771118164,6.809999942779541,7.239999771118164,66720700
2015-09-23,1.7925299406051636,6.820000171661377,7.159999847412109,6.699999809265137,6.960000038146973,64774800
2015-09-24,1.82932710647583,6.960000038146973,7.139999866485596,6.599999904632568,6.610000133514404,56577300
2015-09-25,1.7925299406051636,6.820000171661377,7.21999979019165,6.769999980926514,7.119999885559082,44843100
2015-09-28,1.692652702331543,6.440000057220459,6.75,6.440000057220459,6.739999771118164,37466900
2015-09-29,1.7320784330368042,6.590000152587891,6.789999961853027,6.5,6.539999961853027,52387600
2015-09-30,1.9029204845428467,7.239999771118164,7.260000228881836,6.96999979019165,7.25,107779500
2015-10-01,1.8450968265533447,7.019999980926514,7.460000038146973,6.989999771118164,7.309999942779541,69296500
2015-10-02,2.042222738265991,7.769999980926514,7.829999923706055,6.900000095367432,6.989999771118164,88891400
2015-10-05,2.0553643703460693,7.820000171661377,8.140000343322754,7.75,7.900000095367432,68350300
2015-10-06,2.1526126861572266,8.1899995803833,8.34000015258789,7.840000152587891,7.860000133514404,81259300
2015-10-07,2.2262067794799805,8.470000267028809,8.899999618530273,8.270000457763672,8.510000228881836,116610600
2015-10-08,2.299800157546997,8.75,8.84000015258789,8.279999732971191,8.460000038146973,68670000
2015-10-09,2.3129420280456543,8.800000190734863,9.069999694824219,8.579999923706055,9.020000457763672,71885200
2015-10-13,2.136843204498291,8.130000114440918,8.470000267028809,8.069999694824219,8.359999656677246,56100600
2015-10-14,2.0921614170074463,7.960000038146973,8.229999542236328,7.889999866485596,8.069999694824219,75339100
2015-10-15,2.102674722671509,8.0,8.069999694824219,7.670000076293945,8.0,61444100
2015-10-16,2.0895328521728516,7.949999809265137,8.079999923706055,7.809999942779541,7.989999771118164,42963800
2015-10-19,2.0895328521728516,7.949999809265137,7.960000038146973,7.760000228881836,7.900000095367432,40096200
2015-10-20,2.1158158779144287,8.050000190734863,8.1899995803833,7.96999979019165,8.0,47938700
2015-10-21,2.036965847015381,7.75,8.0600004196167,7.710000038146973,7.949999809265137,45394400
2015-10-22,2.107930898666382,8.020000457763672,8.109999656677246,7.809999942779541,7.820000171661377,46174500
2015-10-23,2.100046157836914,7.989999771118164,8.279999732971191,7.940000057220459,8.260000228881836,45715300
2015-10-26,2.0632495880126953,7.849999904632568,8.130000114440918,7.800000190734863,8.050000190734863,35069500
2015-10-27,1.9975411891937256,7.599999904632568,7.860000133514404,7.550000190734863,7.860000133514404,44085700
2015-10-28,2.0895328521728516,7.949999809265137,7.949999809265137,7.860000133514404,7.869999885559082,4630900
2015-10-29,2.000169277191162,7.610000133514404,7.929999828338623,7.570000171661377,7.570000171661377,41336300
2015-10-30,2.0264527797698975,7.710000038146973,7.78000020980835,7.539999961853027,7.599999904632568,36951300
2015-11-03,2.228835344314575,8.479999542236328,8.479999542236328,7.769999980926514,7.840000152587891,60306200
2015-11-04,2.1237010955810547,8.079999923706055,8.649999618530273,8.020000457763672,8.579999923706055,55661500
2015-11-05,2.1315863132476807,8.109999656677246,8.170000076293945,7.869999885559082,8.079999923706055,92690300
2015-11-06,2.0553643703460693,7.820000171661377,8.079999923706055,7.730000019073486,8.039999961853027,39680600
2015-11-09,2.07901930809021,7.909999847412109,7.929999828338623,7.590000152587891,7.829999923706055,36340400
2015-11-10,2.000169277191162,7.610000133514404,7.690000057220459,7.510000228881836,7.599999904632568,34554300
2015-11-11,2.029081106185913,7.71999979019165,7.829999923706055,7.639999866485596,7.710000038146973,44596400
2015-11-12,1.9922841787338257,7.579999923706055,7.739999771118164,7.53000020980835,7.71999979019165,41641400
2015-11-13,1.910805344581604,7.269999980926514,7.559999942779541,7.230000019073486,7.5,67000600
2015-11-16,2.0238237380981445,7.699999809265137,7.699999809265137,7.309999942779541,7.309999942779541,56587800
2015-11-17,2.0395946502685547,7.760000228881836,7.860000133514404,7.639999866485596,7.800000190734863,52072800
2015-11-18,2.0553643703460693,7.820000171661377,8.029999732971191,7.789999961853027,7.809999942779541,38137700
2015-11-19,2.0606212615966797,7.840000152587891,7.980000019073486,7.619999885559082,7.960000038146973,51878600
2015-11-23,2.1237010955810547,8.079999923706055,8.100000381469727,7.849999904632568,7.900000095367432,47415800
2015-11-24,2.2340915203094482,8.5,8.5,7.949999809265137,8.050000190734863,63001700
2015-11-25,2.0763912200927734,7.900000095367432,8.350000381469727,7.900000095367432,8.279999732971191,54732800
2015-11-26,2.0816476345062256,7.920000076293945,8.039999961853027,7.820000171661377,7.949999809265137,21697100
2015-11-27,1.9975411891937256,7.599999904632568,7.860000133514404,7.570000171661377,7.809999942779541,38334200
2015-11-30,2.0159389972686768,7.670000076293945,7.840000152587891,7.420000076293945,7.539999961853027,72764300
2015-12-01,1.968629240989685,7.489999771118164,7.760000228881836,7.449999809265137,7.670000076293945,35865600
2015-12-02,1.9765143394470215,7.519999980926514,7.590000152587891,7.349999904632568,7.539999961853027,47713500
2015-12-03,2.0974175930023193,7.980000019073486,8.170000076293945,7.789999961853027,7.989999771118164,76680900
2015-12-04,1.9765143394470215,7.519999980926514,7.96999979019165,7.420000076293945,7.96999979019165,63662600
2015-12-07,1.8897783756256104,7.190000057220459,7.610000133514404,7.150000095367432,7.599999904632568,47395000
2015-12-08,1.8740090131759644,7.130000114440918,7.199999809265137,6.949999809265137,7.199999809265137,46590500
2015-12-09,2.0106825828552246,7.650000095367432,7.820000171661377,7.269999980926514,7.340000152587891,82102800
2015-12-10,1.9581159353256226,7.449999809265137,7.570000171661377,7.309999942779541,7.510000228881836,43458400
2015-12-11,1.9055485725402832,7.25,7.53000020980835,7.210000038146973,7.260000228881836,50750600
2015-12-14,1.8950351476669312,7.210000038146973,7.230000019073486,7.070000171661377,7.150000095367432,33538000
2015-12-15,1.950230598449707,7.420000076293945,7.46999979019165,7.300000190734863,7.340000152587891,34188900
2015-12-16,1.916062355041504,7.289999961853027,7.360000133514404,7.090000152587891,7.28000020980835,39840300
2015-12-17,1.8924075365066528,7.199999809265137,7.519999980926514,7.190000057220459,7.349999904632568,43789300
2015-12-18,1.8450968265533447,7.019999980926514,7.099999904632568,6.920000076293945,7.019999980926514,60061600
2015-12-21,1.7452199459075928,6.639999866485596,7.090000152587891,6.619999885559082,7.059999942779541,54032100
2015-12-22,1.7846457958221436,6.789999961853027,6.820000171661377,6.619999885559082,6.760000228881836,40463400
2015-12-23,1.8214417695999146,6.929999828338623,7.039999961853027,6.869999885559082,6.909999847412109,38789700
2015-12-28,1.7609905004501343,6.699999809265137,6.900000095367432,6.650000095367432,6.900000095367432,28617600
2015-12-29,1.7583614587783813,6.690000057220459,6.869999885559082,6.679999828338623,6.809999942779541,22441300
2015-12-30,1.7609905004501343,6.699999809265137,6.760000228881836,6.519999980926514,6.659999847412109,30041600
2016-01-04,1.8056715726852417,6.869999885559082,7.03000020980835,6.550000190734863,6.570000171661377,45962100
2016-01-05,1.7557332515716553,6.679999828338623,7.0,6.619999885559082,6.920000076293945,29446700
2016-01-06,1.6821396350860596,6.400000095367432,6.539999961853027,6.400000095367432,6.53000020980835,67507200
2016-01-07,1.6453429460525513,6.260000228881836,6.429999828338623,6.079999923706055,6.190000057220459,57387900
2016-01-08,1.647971510887146,6.269999980926514,6.449999809265137,6.130000114440918,6.380000114440918,52100300
2016-01-11,1.6006615161895752,6.090000152587891,6.300000190734863,6.050000190734863,6.269999980926514,51334000
2016-01-12,1.453473687171936,5.53000020980835,6.119999885559082,5.510000228881836,6.119999885559082,81627800
2016-01-13,1.3851369619369507,5.269999980926514,5.739999771118164,5.25,5.699999809265137,70874300
2016-01-14,1.4955272674560547,5.690000057220459,5.690000057220459,5.130000114440918,5.309999942779541,76854200
2016-01-15,1.358853816986084,5.170000076293945,5.440000057220459,5.159999847412109,5.349999904632568,75571500
2016-01-18,1.2616047859191895,4.800000190734863,5.210000038146973,4.800000190734863,5.190000057220459,46407200
2016-01-19,1.224807858467102,4.659999847412109,5.050000190734863,4.639999866485596,5.03000020980835,66529300
2016-01-20,1.1643561124801636,4.429999828338623,4.5,4.260000228881836,4.5,92914100
2016-01-21,1.1827545166015625,4.5,4.670000076293945,4.360000133514404,4.369999885559082,87455300
2016-01-22,1.1590993404388428,4.409999847412109,4.769999980926514,4.400000095367432,4.730000019073486,100576600
2016-01-26,1.1039037704467773,4.199999809265137,4.309999942779541,4.119999885559082,4.230000019073486,71933300
2016-01-27,1.2011528015136719,4.570000171661377,4.639999866485596,4.159999847412109,4.21999979019165,79437900
2016-01-28,1.2090381383895874,4.599999904632568,5.130000114440918,4.349999904632568,4.670000076293945,131960900
2016-01-29,1.2721182107925415,4.840000152587891,4.860000133514404,4.519999980926514,4.699999809265137,93013900
2016-02-01,1.2405779361724854,4.71999979019165,4.860000133514404,4.659999847412109,4.739999771118164,51910300
2016-02-02,1.130187749862671,4.300000190734863,4.650000095367432,4.300000190734863,4.559999942779541,53610300
2016-02-03,1.1801263093948364,4.489999771118164,4.519999980926514,4.21999979019165,4.420000076293945,73786400
2016-02-04,1.243206262588501,4.730000019073486,4.940000057220459,4.360000133514404,4.559999942779541,91974200
2016-02-05,1.193267822265625,4.539999961853027,4.78000020980835,4.53000020980835,4.730000019073486,52704500
2016-02-10,1.1328158378601074,4.309999942779541,4.409999847412109,4.28000020980835,4.300000190734863,45747400
2016-02-11,1.1117889881134033,4.230000019073486,4.269999980926514,4.119999885559082,4.199999809265137,59451500
2016-02-12,1.1696126461029053,4.449999809265137,4.510000228881836,4.300000190734863,4.369999885559082,64027200
2016-02-15,1.2011528015136719,4.570000171661377,4.599999904632568,4.519999980926514,4.559999942779541,28490400
2016-02-16,1.1669843196868896,4.440000057220459,4.639999866485596,4.420000076293945,4.5,80343900
2016-02-17,1.230064868927002,4.679999828338623,4.820000171661377,4.510000228881836,4.539999961853027,84473100
2016-02-18,1.2064096927642822,4.590000152587891,4.869999885559082,4.550000190734863,4.690000057220459,65026900
2016-02-19,1.1722408533096313,4.460000038146973,4.570000171661377,4.400000095367432,4.5,56031000
2016-02-22,1.324684977531433,5.039999961853027,5.039999961853027,4.630000114440918,4.670000076293945,80150300
2016-02-23,1.2931448221206665,4.920000076293945,5.28000020980835,4.820000171661377,4.949999809265137,85037400
2016-02-24,1.2800029516220093,4.869999885559082,4.929999828338623,4.650000095367432,4.769999980926514,75039700
2016-02-25,1.2852598428726196,4.889999866485596,5.079999923706055,4.789999961853027,4.809999942779541,70393700
2016-02-26,1.2800029516220093,4.869999885559082,5.099999904632568,4.829999923706055,5.019999980926514,61396800
2016-02-29,1.3509684801101685,5.139999866485596,5.230000019073486,4.980000019073486,5.079999923706055,84165000
2016-03-01,1.3956502676010132,5.309999942779541,5.369999885559082,5.099999904632568,5.309999942779541,80939200
2016-03-02,1.485013723373413,5.650000095367432,5.650000095367432,5.150000095367432,5.210000038146973,88545800
2016-03-03,1.7268214225769043,6.570000171661377,6.570000171661377,6.570000171661377,6.570000171661377,186772500
2016-03-04,1.897663950920105,7.21999979019165,7.900000095367432,6.570000171661377,6.570000171661377,175922100
2016-03-07,1.9370886087417603,7.369999885559082,7.53000020980835,6.949999809265137,7.25,85041400
2016-03-08,1.963371753692627,7.46999979019165,7.840000152587891,7.079999923706055,7.369999885559082,137169400
2016-03-09,1.9975411891937256,7.599999904632568,7.78000020980835,7.360000133514404,7.699999809265137,84821900
2016-03-10,2.0895328521728516,7.949999809265137,7.960000038146973,7.309999942779541,7.800000190734863,117672300
2016-03-11,2.1263294219970703,8.09000015258789,8.220000267028809,7.670000076293945,7.940000057220459,92331300
2016-03-14,1.9449738264083862,7.400000095367432,8.199999809265137,7.400000095367432,8.130000114440918,86084700
2016-03-15,1.7373347282409668,6.610000133514404,6.960000038146973,6.559999942779541,6.829999923706055,104913200
2016-03-16,1.9002923965454102,7.230000019073486,7.230000019073486,6.409999847412109,6.510000228881836,85533000
2016-03-17,2.128957986831665,8.100000381469727,8.1899995803833,7.710000038146973,8.149999618530273,118294200
2016-03-18,2.134214401245117,8.119999885559082,8.170000076293945,7.71999979019165,8.09000015258789,77182400
2016-03-21,2.1184446811676025,8.0600004196167,8.270000457763672,7.929999828338623,8.079999923706055,65837300
2016-03-22,2.1315863132476807,8.109999656677246,8.180000305175781,7.730000019073486,7.849999904632568,84549700
2016-03-23,2.044851541519165,7.78000020980835,7.960000038146973,7.659999847412109,7.880000114440918,61437900
2016-03-24,2.052736282348633,7.809999942779541,8.0,7.320000171661377,7.53000020980835,52343300
2016-03-28,2.2183218002319336,8.4399995803833,8.479999542236328,7.909999847412109,8.149999618530273,69818700
2016-03-29,2.23146390914917,8.489999771118164,8.850000381469727,8.1899995803833,8.34000015258789,89050200
2016-03-30,2.2183218002319336,8.4399995803833,9.0,8.279999732971191,8.699999809265137,90059600
2016-03-31,2.1841530799865723,8.3100004196167,8.3100004196167,8.3100004196167,8.3100004196167,737700
2016-04-01,2.197294235229492,8.359999656677246,8.359999656677246,8.359999656677246,8.359999656677246,374500
2016-04-04,1.9817711114883423,7.539999961853027,7.539999961853027,7.539999961853027,7.539999961853027,865300
2016-04-05,2.050107479095459,7.800000190734863,7.800000190734863,7.800000190734863,7.800000190734863,684100
2016-04-06,1.9922841787338257,7.579999923706055,7.579999923706055,7.579999923706055,7.579999923706055,457400
2016-04-07,2.0238237380981445,7.699999809265137,7.699999809265137,7.699999809265137,7.699999809265137,324800
2016-04-08,2.1710116863250732,8.260000228881836,8.34000015258789,8.039999961853027,8.130000114440918,84448200
2016-04-11,2.2051796913146973,8.390000343322754,8.390000343322754,8.390000343322754,8.390000343322754,449600
2016-04-12,2.3760225772857666,9.039999961853027,9.039999961853027,9.039999961853027,9.039999961853027,648900
2016-04-13,2.494297504425049,9.489999771118164,9.489999771118164,9.489999771118164,9.489999771118164,782300
2016-04-14,2.407562494277954,9.15999984741211,9.770000457763672,9.119999885559082,9.729999542236328,77355500
2016-04-15,2.5468647480010986,9.6899995803833,9.829999923706055,9.069999694824219,9.25,95590000
2016-04-18,2.428589344024658,9.239999771118164,9.720000267028809,8.890000343322754,9.649999618530273,88873100
2016-04-19,2.5258376598358154,9.609999656677246,9.609999656677246,9.609999656677246,9.609999656677246,370500
2016-04-20,2.4916696548461914,9.479999542236328,9.640000343322754,9.34000015258789,9.399999618530273,53295800
2016-04-22,2.562634229660034,9.75,9.930000305175781,9.289999961853027,9.319999694824219,63322900
2016-04-25,2.452244758605957,9.329999923706055,9.899999618530273,9.329999923706055,9.710000038146973,56585400
2016-04-26,2.54160737991333,9.670000076293945,9.739999771118164,9.34000015258789,9.479999542236328,40460400
2016-04-27,2.694052219390869,10.25,10.300000190734863,9.770000457763672,9.850000381469727,86397900
2016-04-28,2.688795566558838,10.229999542236328,10.539999961853027,10.079999923706055,10.229999542236328,57741500
2016-04-29,2.688795566558838,10.229999542236328,10.539999961853027,10.010000228881836,10.229999542236328,53931300
2016-05-02,2.673025608062744,10.170000076293945,10.359999656677246,9.930000305175781,10.25,48618800
2016-05-03,2.5705196857452393,9.779999732971191,10.09000015258789,9.710000038146973,10.010000228881836,47074700
2016-05-04,2.607316493988037,9.920000076293945,10.149999618530273,9.850000381469727,9.850000381469727,43389500
2016-05-05,2.578404664993286,9.8100004196167,10.300000190734863,9.600000381469727,10.279999732971191,65074500
2016-05-06,2.649369955062866,10.079999923706055,10.130000114440918,9.579999923706055,9.630000114440918,45330900
2016-05-09,2.4916696548461914,9.479999542236328,10.050000190734863,8.84000015258789,10.010000228881836,94688100
2016-05-10,2.6835381984710693,10.210000038146973,10.210000038146973,9.720000267028809,9.819999694824219,53055800
2016-05-11,2.694052219390869,10.25,10.5,9.989999771118164,10.390000343322754,74542300
2016-05-12,2.573148250579834,9.789999961853027,10.470000267028809,9.789999961853027,10.399999618530273,67229100
2016-05-13,2.486412525177002,9.460000038146973,10.0600004196167,9.390000343322754,9.930000305175781,70472200
2016-05-16,2.562634229660034,9.75,9.850000381469727,9.520000457763672,9.550000190734863,61487700
2016-05-17,2.4969263076782227,9.5,9.880000114440918,9.460000038146973,9.829999923706055,46379500
2016-05-18,2.449615716934204,9.319999694824219,9.649999618530273,9.270000457763672,9.3100004196167,51929100
2016-05-19,2.3549954891204834,8.960000038146973,9.25,8.649999618530273,9.25,75430200
2016-05-20,2.3392252922058105,8.899999618530273,9.460000038146973,8.899999618530273,9.199999809265137,65173100
2016-05-23,2.2340915203094482,8.5,8.670000076293945,8.420000076293945,8.550000190734863,51330000
2016-05-24,2.241976737976074,8.529999732971191,8.850000381469727,8.449999809265137,8.6899995803833,44823400
2016-05-25,2.278773307800293,8.670000076293945,8.9399995803833,8.59000015258789,8.680000305175781,45512600
2016-05-27,2.163126230239868,8.229999542236328,8.569999694824219,8.229999542236328,8.5,47488600
2016-05-30,2.2025516033172607,8.380000114440918,8.619999885559082,8.0600004196167,8.180000305175781,32281900
2016-05-31,2.1131880283355713,8.039999961853027,8.569999694824219,8.039999961853027,8.359999656677246,58662600
2016-06-01,2.14998459815979,8.180000305175781,8.25,7.860000133514404,8.09000015258789,45884400
2016-06-02,2.186781167984009,8.319999694824219,8.40999984741211,8.029999732971191,8.1899995803833,52835100
2016-06-03,2.2524898052215576,8.569999694824219,8.670000076293945,8.449999809265137,8.510000228881836,45595300
2016-06-06,2.2235779762268066,8.460000038146973,8.779999732971191,8.449999809265137,8.699999809265137,37117600
2016-06-07,2.265631675720215,8.619999885559082,8.720000267028809,8.390000343322754,8.420000076293945,34401600
2016-06-08,2.4680144786834717,9.390000343322754,9.40999984741211,8.800000190734863,8.800000190734863,77194700
2016-06-09,2.4128193855285645,9.180000305175781,9.380000114440918,9.050000190734863,9.279999732971191,46539900
2016-06-10,2.307685375213623,8.779999732971191,8.989999771118164,8.779999732971191,8.970000267028809,38859900
2016-06-13,2.265631675720215,8.619999885559082,8.84000015258789,8.520000457763672,8.579999923706055,37094100
2016-06-14,2.1815247535705566,8.300000190734863,8.770000457763672,8.25,8.600000381469727,66180300
2016-06-15,2.236720085144043,8.510000228881836,8.6899995803833,8.270000457763672,8.300000190734863,84556900
2016-06-16,2.2340915203094482,8.5,8.539999961853027,8.279999732971191,8.40999984741211,46834500
2016-06-17,2.3523671627044678,8.949999809265137,8.949999809265137,8.729999542236328,8.75,63144100
2016-06-20,2.4128193855285645,9.180000305175781,9.369999885559082,9.119999885559082,9.220000267028809,63791500
2016-06-21,2.5048108100891113,9.529999732971191,9.539999961853027,8.9399995803833,9.09000015258789,53703900
2016-06-22,2.4548728466033936,9.34000015258789,9.75,9.34000015258789,9.609999656677246,61983000
2016-06-23,2.54160737991333,9.670000076293945,9.699999809265137,9.510000228881836,9.59000015258789,48031300
2016-06-24,2.4312174320220947,9.25,9.329999923706055,8.920000076293945,9.0,75974900
2016-06-27,2.307685375213623,8.779999732971191,9.34000015258789,8.779999732971191,9.220000267028809,58818400
2016-06-28,2.418076276779175,9.199999809265137,9.279999732971191,9.069999694824219,9.100000381469727,45291700
2016-06-29,2.4969263076782227,9.5,9.569999694824219,9.319999694824219,9.430000305175781,56093600
2016-06-30,2.4758996963500977,9.420000076293945,9.489999771118164,9.239999771118164,9.420000076293945,43741300
2016-07-01,2.581033229827881,9.819999694824219,9.850000381469727,9.369999885559082,9.479999542236328,49290800
2016-07-04,2.594174385070801,9.869999885559082,10.050000190734863,9.789999961853027,9.949999809265137,24505100
2016-07-05,2.4417309761047363,9.289999961853027,9.670000076293945,9.229999542236328,9.649999618530273,69691200
2016-07-06,2.4969263076782227,9.5,9.520000457763672,8.949999809265137,9.09000015258789,68781500
2016-07-07,2.5126960277557373,9.5600004196167,9.979999542236328,9.520000457763672,9.65999984741211,81610300
2016-07-08,2.586289644241333,9.84000015258789,9.9399995803833,9.670000076293945,9.850000381469727,42647600
2016-07-11,2.722963809967041,10.359999656677246,10.369999885559082,9.979999542236328,10.0,66717300
2016-07-12,2.7991855144500732,10.649999618530273,10.800000190734863,10.579999923706055,10.609999656677246,58174200
2016-07-13,2.7939293384552,10.630000114440918,10.630000114440918,10.210000038146973,10.470000267028809,64252100
2016-07-14,2.872779130935669,10.930000305175781,10.979999542236328,10.65999984741211,10.920000076293945,53059500
2016-07-15,2.896435022354126,11.020000457763672,11.0600004196167,10.819999694824219,10.90999984741211,51223500
2016-07-18,3.0357367992401123,11.550000190734863,11.739999771118164,10.869999885559082,10.970000267028809,77358900
2016-07-19,3.0961883068084717,11.779999732971191,11.970000267028809,11.5,11.510000228881836,53692000
2016-07-20,3.106701612472534,11.819999694824219,11.899999618530273,11.539999961853027,11.819999694824219,49261200
2016-07-21,3.114586353302002,11.850000381469727,11.989999771118164,11.729999542236328,11.770000457763672,37748600
2016-07-22,3.1382415294647217,11.9399995803833,11.970000267028809,11.720000267028809,11.84000015258789,33938400
2016-07-25,3.1618967056274414,12.029999732971191,12.25,11.90999984741211,11.979999542236328,47192000
2016-07-26,3.122472047805786,11.880000114440918,12.069999694824219,11.850000381469727,11.949999809265137,38304800
2016-07-27,3.0252232551574707,11.510000228881836,12.039999961853027,11.510000228881836,11.989999771118164,51952100
2016-07-28,3.0068249702453613,11.4399995803833,11.550000190734863,11.149999618530273,11.399999618530273,40663100
2016-07-29,3.119842529296875,11.869999885559082,11.979999542236328,11.609999656677246,11.760000228881836,60740000
2016-08-01,2.9568862915039062,11.25,11.970000267028809,11.220000267028809,11.930000305175781,52012300
2016-08-02,2.985797166824341,11.359999656677246,11.619999885559082,11.100000381469727,11.329999923706055,49134600
2016-08-03,3.1277294158935547,11.899999618530273,11.899999618530273,11.329999923706055,11.579999923706055,55695500
2016-08-04,3.156639575958252,12.010000228881836,12.119999885559082,11.869999885559082,11.930000305175781,63207500
2016-08-05,3.0620205402374268,11.649999618530273,12.170000076293945,11.649999618530273,12.119999885559082,54225900
2016-08-08,3.130356788635254,11.90999984741211,11.970000267028809,11.699999809265137,11.789999961853027,41552000
2016-08-09,3.122472047805786,11.880000114440918,12.069999694824219,11.75,11.920000076293945,33596200
2016-08-10,3.038364887237549,11.5600004196167,11.970000267028809,11.5600004196167,11.949999809265137,41638400
2016-08-11,3.180295705795288,12.100000381469727,12.100000381469727,11.600000381469727,11.630000114440918,55881500
2016-08-12,3.1540122032165527,12.0,12.4399995803833,11.979999542236328,12.050000190734863,71281300
2016-08-15,3.235489845275879,12.3100004196167,12.369999885559082,12.069999694824219,12.1899995803833,53568000
2016-08-16,3.2828004360198975,12.489999771118164,12.5600004196167,12.140000343322754,12.3100004196167,48218700
2016-08-17,3.3537659645080566,12.760000228881836,12.760000228881836,12.319999694824219,12.470000267028809,46809100
2016-08-18,3.385305404663086,12.880000114440918,13.029999732971191,12.779999732971191,12.800000190734863,44941100
2016-08-19,3.3616504669189453,12.789999961853027,12.920000076293945,12.699999809265137,12.819999694824219,33360000
2016-08-22,3.246004343032837,12.350000381469727,12.630000114440918,12.300000190734863,12.630000114440918,43258900
2016-08-23,3.330110788345337,12.670000076293945,12.859999656677246,12.420000076293945,12.479999542236328,61048000
2016-08-24,3.2591452598571777,12.399999618530273,12.710000038146973,12.369999885559082,12.5,44694700
2016-08-25,3.293313980102539,12.529999732971191,12.640000343322754,12.350000381469727,12.420000076293945,40290500
2016-08-26,3.2985706329345703,12.550000190734863,12.899999618530273,12.449999809265137,12.6899995803833,50650500
2016-08-29,3.3826777935028076,12.869999885559082,12.960000038146973,12.449999809265137,12.5,36990100
2016-08-30,3.4405009746551514,13.09000015258789,13.229999542236328,12.970000267028809,13.039999961853027,51893700
2016-08-31,3.377420663833618,12.850000381469727,13.220000267028809,12.710000038146973,13.130000114440918,61016100
2016-09-01,3.416846513748169,13.0,13.09000015258789,12.760000228881836,12.970000267028809,45370000
2016-09-02,3.566662549972534,13.569999694824219,13.579999923706055,13.149999618530273,13.220000267028809,57017000
2016-09-05,3.6349990367889404,13.829999923706055,13.930000305175781,13.729999542236328,13.789999961853027,26292200
2016-09-06,3.6744229793548584,13.979999542236328,13.979999542236328,13.529999732971191,13.6899995803833,42086900
2016-09-08,3.737504005432129,14.220000267028809,14.289999961853027,13.960000038146973,14.069999694824219,42797300
2016-09-09,3.5508906841278076,13.510000228881836,14.020000457763672,13.510000228881836,13.960000038146973,43155300
2016-09-12,3.666538715362549,13.949999809265137,13.949999809265137,13.270000457763672,13.319999694824219,44141000
2016-09-13,3.4194748401641846,13.010000228881836,13.850000381469727,12.9399995803833,13.699999809265137,64134000
2016-09-14,3.445758581161499,13.109999656677246,13.359999656677246,12.970000267028809,13.149999618530273,43932500
2016-09-15,3.5508906841278076,13.510000228881836,13.5600004196167,13.15999984741211,13.210000038146973,42169100
2016-09-16,3.458899736404419,13.15999984741211,13.420000076293945,13.15999984741211,13.34000015258789,44651900
2016-09-19,3.4299871921539307,13.050000190734863,13.539999961853027,13.020000457763672,13.420000076293945,51105500
2016-09-20,3.54826283454895,13.5,13.630000114440918,13.329999923706055,13.449999809265137,52063100
2016-09-21,3.5903165340423584,13.65999984741211,13.6899995803833,13.399999618530273,13.600000381469727,61094100
2016-09-22,3.679680824279785,14.0,14.09000015258789,13.84000015258789,13.890000343322754,47574500
2016-09-23,3.59820294380188,13.6899995803833,13.979999542236328,13.539999961853027,13.979999542236328,53264300
2016-09-26,3.5219810009002686,13.399999618530273,13.6899995803833,13.390000343322754,13.59000015258789,35545800
2016-09-27,3.4483861923217773,13.119999885559082,13.399999618530273,12.869999885559082,13.399999618530273,58098200
2016-09-28,3.6402549743652344,13.850000381469727,13.850000381469727,13.119999885559082,13.300000190734863,69032100
2016-09-29,3.5298655033111572,13.430000305175781,13.899999618530273,13.430000305175781,13.800000190734863,53143200
2016-09-30,3.566662549972534,13.569999694824219,13.770000457763672,13.4399995803833,13.529999732971191,39275000
2016-10-03,3.671795606613159,13.970000267028809,13.970000267028809,13.619999885559082,13.670000076293945,34444500
2016-10-04,3.684937000274658,14.020000457763672,14.119999885559082,13.829999923706055,13.979999542236328,39717400
2016-10-05,3.832124710083008,14.579999923706055,14.640000343322754,14.15999984741211,14.1899995803833,65242200
2016-10-06,3.9687986373901367,15.100000381469727,15.100000381469727,14.619999885559082,14.710000038146973,77003800
2016-10-07,4.010852336883545,15.260000228881836,15.380000114440918,14.970000267028809,15.229999542236328,71691000
2016-10-10,4.134383678436279,15.729999542236328,15.770000457763672,15.510000228881836,15.520000457763672,38724300
2016-10-11,4.045021057128906,15.390000343322754,15.65999984741211,15.289999961853027,15.609999656677246,69314500
2016-10-13,4.142268657684326,15.760000228881836,15.819999694824219,15.029999732971191,15.1899995803833,58212500
2016-10-14,4.273686408996582,16.260000228881836,16.290000915527344,15.979999542236328,16.010000228881836,66150000
2016-10-17,4.441901206970215,16.899999618530273,16.899999618530273,16.06999969482422,16.239999771118164,75002000
2016-10-18,4.578573703765869,17.420000076293945,17.639999389648438,17.18000030517578,17.209999084472656,76995000
2016-10-19,4.6311421394348145,17.6200008392334,17.790000915527344,17.34000015258789,17.719999313354492,65212400
2016-10-20,4.662680625915527,17.739999771118164,17.739999771118164,17.219999313354492,17.309999465942383,62901500
2016-10-21,4.717875957489014,17.950000762939453,18.09000015258789,17.479999542236328,17.649999618530273,47961800
2016-10-24,4.7835845947265625,18.200000762939453,18.43000030517578,18.0,18.260000228881836,51678900
2016-10-25,4.73101806640625,18.0,18.290000915527344,17.709999084472656,18.219999313354492,57674100
2016-10-26,4.75730037689209,18.100000381469727,18.25,17.610000610351562,17.700000762939453,51424400
2016-10-27,4.754672527313232,18.09000015258789,18.489999771118164,18.09000015258789,18.110000610351562,43645900
2016-10-28,4.754672527313232,18.09000015258789,18.290000915527344,17.950000762939453,17.989999771118164,37689700
2016-10-31,4.649538993835449,17.690000534057617,18.170000076293945,17.610000610351562,18.030000686645508,42059100
2016-11-01,4.431386470794678,16.860000610351562,17.8799991607666,16.559999465942383,17.8799991607666,68718800
2016-11-03,4.239517688751221,16.1299991607666,17.030000686645508,16.1299991607666,16.6299991607666,56998700
2016-11-04,4.202720642089844,15.989999771118164,16.579999923706055,15.90999984741211,16.469999313354492,61347700
2016-11-07,4.523378372192383,17.209999084472656,17.209999084472656,16.709999084472656,16.709999084472656,51625300
2016-11-08,4.478695392608643,17.040000915527344,17.479999542236328,16.729999542236328,17.100000381469727,56241000
2016-11-09,4.37619161605835,16.649999618530273,17.100000381469727,15.8100004196167,15.850000381469727,111417100
2016-11-10,4.073931694030762,15.5,17.18000030517578,15.5,17.100000381469727,94683900
2016-11-11,3.6823081970214844,14.010000228881836,15.460000038146973,13.9399995803833,15.180000305175781,129811400
2016-11-14,3.679680824279785,14.0,14.180000305175781,13.329999923706055,13.800000190734863,86623000
2016-11-16,3.8741772174835205,14.739999771118164,14.960000038146973,14.180000305175781,14.550000190734863,77406600
2016-11-17,3.7559032440185547,14.289999961853027,15.319999694824219,14.289999961853027,15.149999618530273,51535300
2016-11-18,3.816354513168335,14.520000457763672,14.6899995803833,14.210000038146973,14.369999885559082,55041300
2016-11-21,4.094958782196045,15.579999923706055,15.579999923706055,14.880000114440918,15.050000190734863,59122000
2016-11-22,4.18695068359375,15.930000305175781,16.079999923706055,15.25,15.930000305175781,58636100
2016-11-23,4.165924072265625,15.850000381469727,15.989999771118164,15.529999732971191,15.720000267028809,42490100
2016-11-24,4.094958782196045,15.579999923706055,15.899999618530273,15.579999923706055,15.899999618530273,14725000
2016-11-25,4.021365165710449,15.300000190734863,15.520000457763672,15.050000190734863,15.25,47630600
2016-11-28,4.063419342041016,15.460000038146973,15.5600004196167,15.199999809265137,15.199999809265137,38747500
2016-11-29,3.8531503677368164,14.65999984741211,15.380000114440918,14.59000015258789,15.300000190734863,54075900
2016-11-30,4.205349445343018,16.0,16.190000534057617,15.609999656677246,15.899999618530273,82547300
2016-12-01,4.058162212371826,15.4399995803833,16.350000381469727,15.329999923706055,16.0,66775400
2016-12-02,4.160667419433594,15.829999923706055,15.90999984741211,14.75,15.119999885559082,58381500
2016-12-05,4.115985870361328,15.65999984741211,16.09000015258789,15.550000190734863,16.010000228881836,47586500
2016-12-06,4.2447733879089355,16.149999618530273,16.200000762939453,15.739999771118164,16.0,63916700
2016-12-07,4.168551445007324,15.859999656677246,16.329999923706055,15.770000457763672,16.299999237060547,50247400
2016-12-08,4.126499176025391,15.699999809265137,16.0,15.520000457763672,15.970000267028809,41104800
2016-12-09,4.094958782196045,15.579999923706055,15.899999618530273,15.520000457763672,15.880000114440918,37161200
2016-12-12,4.100214958190918,15.600000381469727,15.949999809265137,15.479999542236328,15.789999961853027,35436700
2016-12-13,4.060790538787842,15.449999809265137,15.6899995803833,15.380000114440918,15.550000190734863,33455000
2016-12-14,3.8741772174835205,14.739999771118164,15.470000267028809,14.739999771118164,15.430000305175781,44215700
2016-12-15,3.9030895233154297,14.850000381469727,14.90999984741211,14.329999923706055,14.779999732971191,43338800
2016-12-16,3.879434585571289,14.760000228881836,15.140000343322754,14.760000228881836,14.899999618530273,37876200
2016-12-19,3.774301052093506,14.359999656677246,14.890000343322754,14.350000381469727,14.880000114440918,39128600
2016-12-20,3.771672487258911,14.350000381469727,14.59000015258789,14.100000381469727,14.460000038146973,31810000
2016-12-21,3.7690446376800537,14.34000015258789,14.479999542236328,14.039999961853027,14.449999809265137,32856800
2016-12-22,3.6823081970214844,14.010000228881836,14.460000038146973,14.010000228881836,14.460000038146973,42240500
2016-12-23,3.7427608966827393,14.239999771118164,14.350000381469727,14.010000228881836,14.050000190734863,21776900
2016-12-26,3.7900702953338623,14.420000076293945,14.449999809265137,14.270000457763672,14.319999694824219,5734300
2016-12-27,3.7874412536621094,14.40999984741211,14.550000190734863,14.260000228881836,14.5,14949200
2016-12-28,3.884690999984741,14.779999732971191,14.8100004196167,14.359999656677246,14.430000305175781,18979900
2016-12-29,3.90834641456604,14.869999885559082,14.880000114440918,14.520000457763672,14.850000381469727,18090600
2017-01-02,3.8531503677368164,14.65999984741211,14.699999809265137,14.600000381469727,14.640000343322754,7525700
2017-01-03,4.073931694030762,15.5,15.649999618530273,14.949999809265137,14.949999809265137,39947800
2017-01-04,4.073931694030762,15.5,15.680000305175781,15.3100004196167,15.449999809265137,37071700
2017-01-05,4.139640808105469,15.75,15.90999984741211,15.619999885559082,15.699999809265137,47586300
2017-01-06,4.115985870361328,15.65999984741211,15.920000076293945,15.5,15.779999732971191,25592000
2017-01-09,4.029249668121338,15.329999923706055,15.600000381469727,15.329999923706055,15.5,25599000
2017-01-10,4.068674564361572,15.479999542236328,15.680000305175781,15.390000343322754,15.600000381469727,26239900
2017-01-11,4.115985870361328,15.65999984741211,15.680000305175781,15.270000457763672,15.640000343322754,34399300
2017-01-12,4.179065704345703,15.899999618530273,16.25,15.899999618530273,16.149999618530273,49890300
2017-01-13,4.121242523193359,15.680000305175781,15.949999809265137,15.569999694824219,15.770000457763672,34450000
2017-01-16,4.139640808105469,15.75,15.75,15.579999923706055,15.699999809265137,20069600
2017-01-17,4.15803861618042,15.819999694824219,15.970000267028809,15.720000267028809,15.729999542236328,28663300
2017-01-18,4.150153160095215,15.789999961853027,15.930000305175781,15.710000038146973,15.800000190734863,24725200
2017-01-19,4.1448974609375,15.770000457763672,15.880000114440918,15.579999923706055,15.819999694824219,21677600
2017-01-20,4.205349445343018,16.0,16.190000534057617,15.8100004196167,15.84000015258789,34863500
2017-01-23,4.202720642089844,15.989999771118164,16.09000015258789,15.789999961853027,15.9399995803833,25139100
2017-01-24,4.215861797332764,16.040000915527344,16.43000030517578,15.970000267028809,16.1200008392334,49710600
2017-01-26,4.152782440185547,15.800000190734863,16.190000534057617,15.800000190734863,16.149999618530273,37391900
2017-01-27,4.105472564697266,15.619999885559082,15.869999885559082,15.539999961853027,15.729999542236328,23275300
2017-01-30,3.900461196899414,14.84000015258789,15.529999732971191,14.84000015258789,15.510000228881836,26779500
2017-01-31,3.9477715492248535,15.020000457763672,15.369999885559082,14.899999618530273,14.989999771118164,30807200
2017-02-01,3.9477715492248535,15.020000457763672,15.40999984741211,14.90999984741211,15.260000228881836,35977000
2017-02-02,3.913602113723755,14.890000343322754,15.279999732971191,14.859999656677246,14.989999771118164,39306700
2017-02-03,4.0318779945373535,15.34000015258789,15.34000015258789,14.770000457763672,14.920000076293945,40213400
2017-02-06,3.932001829147339,14.960000038146973,15.470000267028809,14.949999809265137,15.380000114440918,29686500
2017-02-07,3.863664388656616,14.699999809265137,15.15999984741211,14.699999809265137,15.100000381469727,29163900
2017-02-08,3.9687986373901367,15.100000381469727,15.100000381469727,14.270000457763672,14.770000457763672,58912900
2017-02-09,3.955655574798584,15.050000190734863,15.239999771118164,14.960000038146973,15.180000305175781,33910300
2017-02-10,4.094958782196045,15.579999923706055,15.630000114440918,15.140000343322754,15.199999809265137,44467000
2017-02-13,4.105472564697266,15.619999885559082,15.90999984741211,15.550000190734863,15.770000457763672,36439100
2017-02-14,4.15803861618042,15.819999694824219,15.949999809265137,15.5600004196167,15.739999771118164,34417400
2017-02-15,4.163295269012451,15.84000015258789,16.049999237060547,15.779999732971191,15.90999984741211,47953300
2017-02-16,4.168551445007324,15.859999656677246,16.06999969482422,15.75,15.84000015258789,37276900
2017-02-17,4.10284423828125,15.609999656677246,15.899999618530273,15.600000381469727,15.739999771118164,24866600
2017-02-20,4.184322834014893,15.920000076293945,15.979999542236328,15.649999618530273,15.739999771118164,33514000
2017-02-21,4.229003429412842,16.09000015258789,16.229999542236328,16.040000915527344,16.100000381469727,33685800
2017-02-22,4.126499176025391,15.699999809265137,16.020000457763672,15.569999694824219,16.0,45255400
2017-02-23,4.08970308303833,15.5600004196167,16.100000381469727,15.479999542236328,15.9399995803833,41208700
2017-02-24,3.989826202392578,15.180000305175781,15.470000267028809,15.100000381469727,15.350000381469727,30412200
2017-03-01,4.079189300537109,15.520000457763672,15.550000190734863,15.319999694824219,15.510000228881836,25661000
2017-03-02,3.9714269638061523,15.109999656677246,15.449999809265137,14.989999771118164,15.4399995803833,38490800
2017-03-03,4.026622295379639,15.319999694824219,15.34000015258789,15.039999961853027,15.220000267028809,24516800
2017-03-06,3.9687986373901367,15.100000381469727,15.470000267028809,15.039999961853027,15.109999656677246,23325000
2017-03-07,3.989826202392578,15.180000305175781,15.380000114440918,15.119999885559082,15.180000305175781,30927300
2017-03-08,3.8242390155792236,14.550000190734863,15.180000305175781,14.550000190734863,15.15999984741211,49300700
2017-03-09,3.8110971450805664,14.5,14.59000015258789,14.170000076293945,14.34000015258789,46467600
2017-03-10,3.7611589431762695,14.3100004196167,14.880000114440918,14.239999771118164,14.720000267028809,42454600
2017-03-13,3.776928663253784,14.369999885559082,14.399999618530273,14.15999984741211,14.329999923706055,28295100
2017-03-14,3.5719189643859863,13.59000015258789,14.100000381469727,13.59000015258789,14.069999694824219,67172700
2017-03-15,3.7322473526000977,14.199999809265137,14.199999809265137,13.550000190734863,13.859999656677246,55593200
2017-03-16,3.6034586429595947,13.710000038146973,14.319999694824219,13.680000305175781,14.260000228881836,35362300
2017-03-17,3.458899736404419,13.15999984741211,13.880000114440918,13.050000190734863,13.8100004196167,81797400
2017-03-20,3.5745460987091064,13.600000381469727,13.670000076293945,12.90999984741211,12.979999542236328,52351600
2017-03-21,3.416846513748169,13.0,13.630000114440918,12.819999694824219,13.609999656677246,46384300
2017-03-22,3.5903165340423584,13.65999984741211,13.720000267028809,13.029999732971191,13.199999809265137,62807700
2017-03-23,3.566662549972534,13.569999694824219,13.819999694824219,13.420000076293945,13.479999542236328,36467200
2017-03-24,3.5430071353912354,13.479999542236328,13.770000457763672,13.34000015258789,13.699999809265137,30084700
2017-03-27,3.6192286014556885,13.770000457763672,13.789999961853027,13.020000457763672,13.239999771118164,32021200
2017-03-28,3.666538715362549,13.949999809265137,14.109999656677246,13.770000457763672,13.899999618530273,44850600
2017-03-29,3.7979562282562256,14.449999809265137,14.489999771118164,13.930000305175781,14.039999961853027,43051400
2017-03-30,3.7979562282562256,14.449999809265137,14.640000343322754,14.350000381469727,14.550000190734863,32928600
2017-03-31,3.808468818664551,14.489999771118164,14.649999618530273,14.260000228881836,14.359999656677246,33553000
2017-04-03,3.8557803630828857,14.670000076293945,14.75,14.529999732971191,14.539999961853027,39427200
2017-04-04,3.9030895233154297,14.850000381469727,14.890000343322754,14.569999694824219,14.670000076293945,24132000
2017-04-05,3.829495429992676,14.569999694824219,15.15999984741211,14.5,15.050000190734863,49920900
2017-04-06,3.8189828395843506,14.529999732971191,14.869999885559082,14.420000076293945,14.619999885559082,34602700
2017-04-07,3.863664388656616,14.699999809265137,14.899999618530273,14.600000381469727,14.609999656677246,33024900
2017-04-10,3.926743507385254,14.9399995803833,14.9399995803833,14.699999809265137,14.899999618530273,37906000
2017-04-11,3.858407974243164,14.680000305175781,14.989999771118164,14.550000190734863,14.970000267028809,38593200
2017-04-12,3.850522994995117,14.649999618530273,14.829999923706055,14.579999923706055,14.600000381469727,42628900
2017-04-13,3.7007076740264893,14.079999923706055,14.6899995803833,14.079999923706055,14.649999618530273,44572600
2017-04-17,3.753274917602539,14.279999732971191,14.350000381469727,13.970000267028809,14.140000343322754,46459500
2017-04-18,3.705963611602783,14.100000381469727,14.369999885559082,13.949999809265137,14.149999618530273,45349800
2017-04-19,3.5745460987091064,13.600000381469727,14.279999732971191,13.550000190734863,14.239999771118164,41014100
2017-04-20,3.6481404304504395,13.880000114440918,13.899999618530273,13.630000114440918,13.800000190734863,28227600
2017-04-24,3.6875648498535156,14.029999732971191,14.15999984741211,13.920000076293945,14.130000114440918,27546200
2017-04-25,3.7690446376800537,14.34000015258789,14.34000015258789,13.800000190734863,13.899999618530273,32268100
2017-04-26,3.679680824279785,14.0,14.489999771118164,14.0,14.15999984741211,37045000
2017-04-27,3.6087141036987305,13.729999542236328,14.029999732971191,13.5600004196167,13.989999771118164,29078500
2017-04-28,3.671795606613159,13.970000267028809,14.100000381469727,13.6899995803833,13.850000381469727,31061200
2017-05-02,3.6770522594451904,13.989999771118164,14.34000015258789,13.850000381469727,14.0600004196167,37830100
2017-05-03,3.721733808517456,14.15999984741211,14.25,13.949999809265137,14.039999961853027,38357600
2017-05-04,3.5745460987091064,13.600000381469727,14.0,13.579999923706055,14.0,37695400
2017-05-05,3.7348766326904297,14.210000038146973,14.210000038146973,13.65999984741211,13.6899995803833,32788100
2017-05-08,3.7007076740264893,14.079999923706055,14.350000381469727,13.979999542236328,14.130000114440918,36464300
2017-05-09,3.716477155685425,14.140000343322754,14.239999771118164,14.039999961853027,14.149999618530273,28008600
2017-05-10,3.871548891067505,14.729999542236328,14.75,14.3100004196167,14.34000015258789,46271700
2017-05-11,3.8952059745788574,14.819999694824219,14.920000076293945,14.640000343322754,14.880000114440918,29318000
2017-05-12,4.060790538787842,15.449999809265137,15.579999923706055,15.350000381469727,15.5,83518200
2017-05-15,4.121242523193359,15.680000305175781,15.869999885559082,15.649999618530273,15.770000457763672,46914700
2017-05-16,4.126499176025391,15.699999809265137,15.779999732971191,15.520000457763672,15.770000457763672,34469300
2017-05-17,4.10284423828125,15.609999656677246,15.720000267028809,15.510000228881836,15.5600004196167,30023400
2017-05-18,3.456270933151245,13.149999618530273,14.0,12.449999809265137,12.449999809265137,142924900
2017-05-19,3.5798027515411377,13.619999885559082,13.899999618530273,13.460000038146973,13.75,70983900
2017-05-22,3.5219810009002686,13.399999618530273,13.510000228881836,13.0,13.350000381469727,55014900
2017-05-23,3.545635223388672,13.489999771118164,13.600000381469727,13.380000114440918,13.449999809265137,48520100
2017-05-24,3.6928226947784424,14.050000190734863,14.09000015258789,13.6899995803833,13.75,54065800
2017-05-25,3.6113431453704834,13.739999771118164,14.1899995803833,13.630000114440918,13.970000267028809,45030800
2017-05-26,3.5955724716186523,13.680000305175781,13.789999961853027,13.399999618530273,13.470000267028809,63326900
2017-05-29,3.5955724716186523,13.680000305175781,13.680000305175781,13.680000305175781,13.680000305175781,0
2017-05-30,3.5114665031433105,13.359999656677246,13.640000343322754,13.359999656677246,13.550000190734863,34663800
2017-05-31,3.406332492828369,12.960000038146973,13.3100004196167,12.949999809265137,13.210000038146973,45628800
2017-06-01,3.369536876678467,12.819999694824219,13.289999961853027,12.819999694824219,13.15999984741211,42873400
2017-06-02,3.4299871921539307,13.050000190734863,13.050000190734863,12.680000305175781,12.789999961853027,43192600
2017-06-05,3.4641568660736084,13.180000305175781,13.239999771118164,12.920000076293945,12.960000038146973,31419400
2017-06-06,3.4641568660736084,13.180000305175781,13.329999923706055,13.029999732971191,13.229999542236328,35558700
2017-06-07,3.3826777935028076,12.869999885559082,13.34000015258789,12.8100004196167,13.279999732971191,44355600
2017-06-08,3.37479305267334,12.84000015258789,12.960000038146973,12.710000038146973,12.779999732971191,27749200
2017-06-09,3.377420663833618,12.850000381469727,13.100000381469727,12.829999923706055,12.960000038146973,30382100
2017-06-12,3.3905625343322754,12.899999618530273,13.029999732971191,12.770000457763672,12.970000267028809,30680700
2017-06-13,3.401076555252075,12.9399995803833,13.020000457763672,12.770000457763672,12.949999809265137,22891000
2017-06-14,3.316969394683838,12.619999885559082,13.039999961853027,12.609999656677246,12.9399995803833,67382800
2017-06-15,3.316969394683838,12.619999885559082,12.619999885559082,12.619999885559082,12.619999885559082,0
2017-06-16,3.227604866027832,12.279999732971191,12.59000015258789,12.210000038146973,12.579999923706055,73551400
2017-06-19,3.230233669281006,12.289999961853027,12.470000267028809,12.220000267028809,12.3100004196167,45926200
2017-06-20,3.1172144412994385,11.859999656677246,12.130000114440918,11.760000228881836,12.119999885559082,54014700
2017-06-21,3.059392213821411,11.640000343322754,12.119999885559082,11.59000015258789,11.949999809265137,58778300
2017-06-22,3.164525032043457,12.039999961853027,12.039999961853027,11.720000267028809,11.760000228881836,42284600
2017-06-23,3.1356136798858643,11.930000305175781,12.149999618530273,11.869999885559082,12.109999656677246,33601000
2017-06-26,3.224977731704712,12.270000457763672,12.300000190734863,12.039999961853027,12.100000381469727,42731300
2017-06-27,3.209207057952881,12.210000038146973,12.479999542236328,12.130000114440918,12.34000015258789,45097600
2017-06-28,3.175039291381836,12.079999923706055,12.319999694824219,12.010000228881836,12.270000457763672,32077400
2017-06-29,3.2013230323791504,12.180000305175781,12.300000190734863,12.09000015258789,12.260000228881836,24380300
2017-06-30,3.25126051902771,12.369999885559082,12.479999542236328,12.1899995803833,12.25,29687600
2017-07-03,3.2486324310302734,12.359999656677246,12.40999984741211,12.220000267028809,12.279999732971191,31542500
2017-07-04,3.267030954360962,12.430000305175781,12.430000305175781,12.319999694824219,12.34000015258789,12523500
2017-07-05,3.209207057952881,12.210000038146973,12.520000457763672,12.119999885559082,12.380000114440918,41958400
2017-07-06,3.1986935138702393,12.170000076293945,12.359999656677246,12.079999923706055,12.279999732971191,51976900
2017-07-07,3.1356136798858643,11.930000305175781,12.170000076293945,11.850000381469727,12.130000114440918,42677000
2017-07-10,3.1487557888031006,11.979999542236328,12.010000228881836,11.739999771118164,11.829999923706055,21748800
2017-07-11,3.2407474517822266,12.329999923706055,12.449999809265137,11.899999618530273,11.949999809265137,45500900
2017-07-12,3.401076555252075,12.9399995803833,12.989999771118164,12.510000228881836,12.640000343322754,66332200
2017-07-13,3.3826777935028076,12.869999885559082,13.039999961853027,12.800000190734863,12.960000038146973,32983300
2017-07-14,3.4299871921539307,13.050000190734863,13.0600004196167,12.90999984741211,12.960000038146973,35977500
2017-07-17,3.387934684753418,12.890000343322754,13.050000190734863,12.869999885559082,13.029999732971191,28118700
2017-07-18,3.401076555252075,12.9399995803833,13.020000457763672,12.829999923706055,13.0,19300700
2017-07-19,3.47729754447937,13.229999542236328,13.270000457763672,12.970000267028809,13.0,36513700
2017-07-20,3.443129301071167,13.100000381469727,13.350000381469727,13.029999732971191,13.289999961853027,30114300
2017-07-21,3.3353679180145264,12.6899995803833,13.039999961853027,12.670000076293945,13.0,38738300
2017-07-24,3.385305404663086,12.880000114440918,12.920000076293945,12.770000457763672,12.829999923706055,16250400
2017-07-25,3.4746694564819336,13.220000267028809,13.25,13.010000228881836,13.010000228881836,29930100
2017-07-26,3.432615280151367,13.0600004196167,13.34000015258789,12.979999542236328,13.300000190734863,29333000
2017-07-27,3.416846513748169,13.0,13.170000076293945,13.0,13.050000190734863,21825900
2017-07-28,3.451014280319214,13.130000114440918,13.130000114440918,12.90999984741211,12.979999542236328,20980200
2017-07-31,3.493068218231201,13.289999961853027,13.3100004196167,13.069999694824219,13.220000267028809,31397700
2017-08-01,3.4483861923217773,13.119999885559082,13.319999694824219,13.079999923706055,13.300000190734863,22999400
2017-08-02,3.5508906841278076,13.510000228881836,13.609999656677246,13.079999923706055,13.130000114440918,46342000
2017-08-03,3.498324394226074,13.3100004196167,13.65999984741211,13.3100004196167,13.569999694824219,31300700
2017-08-04,3.5219810009002686,13.399999618530273,13.479999542236328,13.260000228881836,13.40999984741211,21560500
2017-08-07,3.5614044666290283,13.550000190734863,13.619999885559082,13.329999923706055,13.350000381469727,29832200
2017-08-08,3.545635223388672,13.489999771118164,13.6899995803833,13.460000038146973,13.5,28907900
2017-08-09,3.553520441055298,13.520000457763672,13.609999656677246,13.4399995803833,13.510000228881836,26980300
2017-08-10,3.466784954071045,13.1899995803833,13.65999984741211,13.149999618530273,13.600000381469727,56194400
2017-08-11,3.4037039279937744,12.949999809265137,13.199999809265137,12.9399995803833,13.140000343322754,43025100
2017-08-14,3.4378726482391357,13.079999923706055,13.220000267028809,12.90999984741211,12.979999542236328,31607400
2017-08-15,3.456270933151245,13.149999618530273,13.239999771118164,13.050000190734863,13.079999923706055,24737300
2017-08-16,3.451014280319214,13.130000114440918,13.380000114440918,13.100000381469727,13.300000190734863,44946600
2017-08-17,3.4299871921539307,13.050000190734863,13.260000228881836,13.020000457763672,13.119999885559082,23503300
2017-08-18,3.5745460987091064,13.600000381469727,13.600000381469727,13.15999984741211,13.15999984741211,66263500
2017-08-21,3.5062103271484375,13.34000015258789,13.65999984741211,13.279999732971191,13.640000343322754,40485900
2017-08-22,3.6244852542877197,13.789999961853027,13.869999885559082,13.640000343322754,13.699999809265137,55240700
2017-08-23,3.616600513458252,13.760000228881836,13.930000305175781,13.649999618530273,13.779999732971191,47679700
2017-08-24,3.6271133422851562,13.800000190734863,13.890000343322754,13.680000305175781,13.779999732971191,32300600
2017-08-25,3.6481404304504395,13.880000114440918,13.9399995803833,13.8100004196167,13.869999885559082,24185600
2017-08-28,3.645512819290161,13.869999885559082,14.029999732971191,13.760000228881836,13.930000305175781,27208100
2017-08-29,3.6402549743652344,13.850000381469727,13.850000381469727,13.680000305175781,13.760000228881836,27306400
2017-08-30,3.535121440887451,13.449999809265137,13.899999618530273,13.4399995803833,13.789999961853027,58871700
2017-08-31,3.5876882076263428,13.649999618530273,13.770000457763672,13.470000267028809,13.529999732971191,82909400
2017-09-01,3.684937000274658,14.020000457763672,14.1899995803833,13.819999694824219,13.850000381469727,60260300
2017-09-04,3.7243621349334717,14.170000076293945,14.180000305175781,13.9399995803833,13.960000038146973,18139300
2017-09-05,3.7874412536621094,14.40999984741211,14.649999618530273,14.229999542236328,14.569999694824219,56476800
2017-09-06,3.9477715492248535,15.020000457763672,15.020000457763672,14.510000228881836,14.649999618530273,68418200
2017-09-07,3.9477715492248535,15.020000457763672,15.020000457763672,15.020000457763672,15.020000457763672,0
2017-09-08,3.86629319190979,14.710000038146973,15.149999618530273,14.6899995803833,15.100000381469727,36337400
2017-09-11,3.939887523651123,14.989999771118164,15.050000190734863,14.8100004196167,14.880000114440918,34915900
2017-09-12,3.90834641456604,14.869999885559082,15.15999984741211,14.859999656677246,14.979999542236328,49702800
2017-09-13,3.9504008293151855,15.029999732971191,15.100000381469727,14.8100004196167,14.9399995803833,37010200
2017-09-14,3.953028678894043,15.039999961853027,15.260000228881836,15.020000457763672,15.029999732971191,34413800
2017-09-15,3.953028678894043,15.039999961853027,15.170000076293945,14.989999771118164,15.069999694824219,47784700
2017-09-18,3.953028678894043,15.039999961853027,15.1899995803833,14.979999542236328,15.020000457763672,47601200
2017-09-19,3.979311466217041,15.140000343322754,15.170000076293945,14.920000076293945,15.100000381469727,35822100
2017-09-20,4.171180248260498,15.869999885559082,15.880000114440918,15.069999694824219,15.25,80267000
2017-09-21,4.118614196777344,15.670000076293945,15.960000038146973,15.579999923706055,15.850000381469727,46258800
2017-09-22,4.1238694190979,15.6899995803833,15.800000190734863,15.430000305175781,15.600000381469727,40928300
2017-09-25,4.163295269012451,15.84000015258789,15.960000038146973,15.699999809265137,15.789999961853027,36733200
2017-09-26,4.08970308303833,15.5600004196167,15.899999618530273,15.5600004196167,15.859999656677246,37874200
2017-09-27,4.023994445800781,15.3100004196167,15.720000267028809,15.109999656677246,15.699999809265137,41819300
2017-09-28,4.0318779945373535,15.34000015258789,15.5,15.220000267028809,15.369999885559082,33829000
2017-09-29,4.021365165710449,15.300000190734863,15.520000457763672,15.300000190734863,15.5,28638300
2017-10-02,4.047647476196289,15.399999618530273,15.399999618530273,15.0600004196167,15.1899995803833,29826200
2017-10-03,4.200092315673828,15.979999542236328,15.979999542236328,15.520000457763672,15.600000381469727,50636700
2017-10-04,4.115985870361328,15.65999984741211,15.9399995803833,15.649999618530273,15.899999618530273,47798600
2017-10-05,4.179065704345703,15.899999618530273,16.110000610351562,15.850000381469727,15.880000114440918,55361300
2017-10-06,4.1238694190979,15.6899995803833,15.770000457763672,15.539999961853027,15.65999984741211,41741300
2017-10-09,4.1764373779296875,15.890000343322754,15.890000343322754,15.59000015258789,15.609999656677246,27904700
2017-10-10,4.2552876472473145,16.190000534057617,16.190000534057617,16.010000228881836,16.1299991607666,47066600
2017-10-11,4.226376056671143,16.079999923706055,16.25,16.010000228881836,16.170000076293945,40422100
2017-10-12,4.226376056671143,16.079999923706055,16.079999923706055,16.079999923706055,16.079999923706055,0
2017-10-13,4.226376056671143,16.079999923706055,16.290000915527344,16.059999465942383,16.229999542236328,24210000
2017-10-16,4.236889362335205,16.1200008392334,16.260000228881836,16.0,16.15999984741211,44699700
2017-10-17,4.239517688751221,16.1299991607666,16.219999313354492,16.06999969482422,16.139999389648438,25524800
2017-10-18,4.247402191162109,16.15999984741211,16.280000686645508,16.1299991607666,16.219999313354492,25706200
2017-10-19,4.2447733879089355,16.149999618530273,16.15999984741211,15.899999618530273,16.0,24672800
2017-10-20,4.263172626495361,16.219999313354492,16.389999389648438,16.170000076293945,16.190000534057617,32417500
2017-10-23,4.25791597366333,16.200000762939453,16.290000915527344,16.1200008392334,16.290000915527344,29389900
2017-10-24,4.3393940925598145,16.510000228881836,16.510000228881836,16.1200008392334,16.290000915527344,46249500
2017-10-25,4.394588470458984,16.719999313354492,16.729999542236328,16.450000762939453,16.530000686645508,37608200
2017-10-26,4.397217750549316,16.729999542236328,16.889999389648438,16.65999984741211,16.780000686645508,37848300
2017-10-27,4.476068019866943,17.030000686645508,17.09000015258789,16.649999618530273,16.770000457763672,45640100
2017-10-30,4.4103593826293945,16.780000686645508,17.170000076293945,16.739999771118164,16.969999313354492,55355600
2017-10-31,4.407731533050537,16.770000457763672,16.950000762939453,16.719999313354492,16.899999618530273,32249000
2017-11-01,4.441901206970215,16.899999618530273,17.100000381469727,16.8799991607666,16.989999771118164,38876600
2017-11-02,4.441901206970215,16.899999618530273,16.899999618530273,16.899999618530273,16.899999618530273,0
2017-11-03,4.452413558959961,16.940000534057617,17.010000228881836,16.68000030517578,16.959999084472656,32605400
2017-11-06,4.581201076507568,17.43000030517578,17.440000534057617,16.979999542236328,17.049999237060547,46056100
2017-11-07,4.336765766143799,16.5,17.350000381469727,16.5,17.309999465942383,61098400
2017-11-08,4.455042362213135,16.950000762939453,16.950000762939453,16.510000228881836,16.690000534057617,41179600
2017-11-09,4.394588470458984,16.719999313354492,16.940000534057617,16.719999313354492,16.889999389648438,29399400
2017-11-10,4.394588470458984,16.719999313354492,16.809999465942383,16.510000228881836,16.709999084472656,35959400
2017-11-13,4.373562335968018,16.639999389648438,16.770000457763672,16.389999389648438,16.690000534057617,28697700
2017-11-14,4.0345072746276855,15.350000381469727,16.639999389648438,15.279999732971191,16.639999389648438,88765600
2017-11-15,4.0345072746276855,15.350000381469727,15.350000381469727,15.350000381469727,15.350000381469727,0
2017-11-16,4.155410289764404,15.8100004196167,16.040000915527344,15.479999542236328,15.619999885559082,42703800
2017-11-17,4.210606098175049,16.020000457763672,16.1200008392334,15.8100004196167,15.920000076293945,38376900
2017-11-20,4.210606098175049,16.020000457763672,16.020000457763672,16.020000457763672,16.020000457763672,0
2017-11-21,4.179065704345703,15.899999618530273,16.309999465942383,15.850000381469727,16.149999618530273,45817800
2017-11-22,4.234260082244873,16.110000610351562,16.239999771118164,15.930000305175781,16.09000015258789,37444900
2017-11-23,4.2552876472473145,16.190000534057617,16.260000228881836,15.9399995803833,15.979999542236328,15403600
2017-11-24,4.231631755828857,16.100000381469727,16.3700008392334,16.040000915527344,16.25,18790700
2017-11-27,4.171180248260498,15.869999885559082,16.020000457763672,15.779999732971191,16.010000228881836,28445800
2017-11-28,4.163295269012451,15.84000015258789,16.040000915527344,15.8100004196167,15.930000305175781,30429600
2017-11-29,4.029249668121338,15.329999923706055,15.920000076293945,15.319999694824219,15.869999885559082,45973000
2017-11-30,4.042392253875732,15.380000114440918,15.470000267028809,14.989999771118164,15.300000190734863,52811400
2017-12-01,4.10284423828125,15.609999656677246,15.770000457763672,15.260000228881836,15.34000015258789,42703800
2017-12-04,4.068674564361572,15.479999542236328,15.800000190734863,15.460000038146973,15.649999618530273,43821500
2017-12-05,4.023994445800781,15.3100004196167,15.829999923706055,15.210000038146973,15.5,30228000
2017-12-06,4.079189300537109,15.520000457763672,15.699999809265137,15.140000343322754,15.220000267028809,39238500
2017-12-07,4.010852336883545,15.260000228881836,15.489999771118164,15.069999694824219,15.300000190734863,37281400
2017-12-08,4.0345072746276855,15.350000381469727,15.680000305175781,15.350000381469727,15.510000228881836,39584500
2017-12-11,4.042392253875732,15.380000114440918,15.569999694824219,15.369999885559082,15.479999542236328,21281600
2017-12-12,4.071303844451904,15.489999771118164,15.489999771118164,15.180000305175781,15.359999656677246,36201200
2017-12-13,3.989826202392578,15.180000305175781,15.680000305175781,15.109999656677246,15.649999618530273,46828900
2017-12-14,3.9451427459716797,15.010000228881836,15.3100004196167,15.0,15.100000381469727,37177300
2017-12-15,3.9293718338012695,14.949999809265137,15.239999771118164,14.949999809265137,15.050000190734863,55668300
2017-12-18,4.000338554382324,15.220000267028809,15.329999923706055,15.130000114440918,15.15999984741211,42760400
2017-12-19,3.979311466217041,15.140000343322754,15.25,15.0600004196167,15.180000305175781,22639700
2017-12-20,4.0055952072143555,15.239999771118164,15.300000190734863,15.170000076293945,15.210000038146973,20149700
2017-12-21,4.168551445007324,15.859999656677246,15.869999885559082,15.300000190734863,15.3100004196167,47219400
2017-12-22,4.139640808105469,15.75,15.890000343322754,15.6899995803833,15.75,18708500
2017-12-25,4.139640808105469,15.75,15.75,15.75,15.75,0
2017-12-26,4.197463512420654,15.970000267028809,15.989999771118164,15.6899995803833,15.75,22173100
2017-12-27,4.218489646911621,16.049999237060547,16.139999389648438,15.979999542236328,15.989999771118164,23552200
2017-12-28,4.231631755828857,16.100000381469727,16.1299991607666,16.0,16.100000381469727,19011500
2017-12-29,4.231631755828857,16.100000381469727,16.100000381469727,16.100000381469727,16.100000381469727,0
2018-01-02,4.349907875061035,16.549999237060547,16.549999237060547,16.190000534057617,16.190000534057617,33461800
2018-01-03,4.389333724975586,16.700000762939453,16.719999313354492,16.3700008392334,16.489999771118164,55940900
2018-01-04,4.397217750549316,16.729999542236328,16.959999084472656,16.6200008392334,16.780000686645508,37064900
2018-01-05,4.423501968383789,16.829999923706055,16.860000610351562,16.56999969482422,16.700000762939453,26958200
2018-01-08,4.476068019866943,17.030000686645508,17.030000686645508,16.709999084472656,16.739999771118164,28400000
2018-01-09,4.476068019866943,17.030000686645508,17.15999984741211,16.959999084472656,17.030000686645508,35070900
2018-01-10,4.415615081787109,16.799999237060547,17.049999237060547,16.770000457763672,16.920000076293945,28547700
2018-01-11,4.533891677856445,17.25,17.299999237060547,16.84000015258789,16.8799991607666,37921500
2018-01-12,4.547034740447998,17.299999237060547,17.40999984741211,17.020000457763672,17.040000915527344,45912100
2018-01-15,4.560176372528076,17.350000381469727,17.440000534057617,17.149999618530273,17.31999969482422,28945400
2018-01-16,4.639026641845703,17.649999618530273,17.84000015258789,17.299999237060547,17.350000381469727,58618300
2018-01-17,4.825638771057129,18.360000610351562,18.360000610351562,17.809999465942383,17.920000076293945,58488900
2018-01-18,4.7888407707214355,18.219999313354492,18.530000686645508,17.93000030517578,18.350000381469727,48575800
2018-01-19,4.799354553222656,18.260000228881836,18.420000076293945,18.030000686645508,18.309999465942383,33470200
2018-01-22,4.854549884796143,18.469999313354492,18.469999313354492,18.09000015258789,18.260000228881836,33920000
2018-01-23,4.794095993041992,18.239999771118164,18.459999084472656,18.0,18.399999618530273,35567700
2018-01-24,5.08321475982666,19.34000015258789,19.6299991607666,18.420000076293945,18.420000076293945,89768200
2018-01-25,5.08321475982666,19.34000015258789,19.34000015258789,19.34000015258789,19.34000015258789,0
2018-01-26,5.238287448883057,19.93000030517578,19.979999542236328,19.100000381469727,19.6200008392334,81989500
2018-01-29,5.21726131439209,19.850000381469727,20.049999237060547,19.56999969482422,19.670000076293945,55726200
2018-01-30,5.122640132904053,19.489999771118164,19.770000457763672,19.360000610351562,19.770000457763672,46203000
2018-01-31,5.1778364181518555,19.700000762939453,19.93000030517578,19.68000030517578,19.739999771118164,41576600
2018-02-01,5.393361568450928,20.520000457763672,20.6200008392334,19.760000228881836,19.760000228881836,51950200
2018-02-02,5.248800754547119,19.969999313354492,20.420000076293945,19.850000381469727,20.299999237060547,50657800
2018-02-05,5.004366397857666,19.040000915527344,19.969999313354492,19.040000915527344,19.649999618530273,62268600
2018-02-06,5.254058837890625,19.989999771118164,19.989999771118164,18.6200008392334,18.65999984741211,74146500
2018-02-07,5.109500408172607,19.440000534057617,20.219999313354492,19.360000610351562,19.969999313354492,61910300
2018-02-08,5.006994247436523,19.049999237060547,19.739999771118164,18.799999237060547,19.549999237060547,51115100
2018-02-09,4.933399677276611,18.770000457763672,19.389999389648438,18.510000228881836,19.030000686645508,68727600
2018-02-14,5.059561252593994,19.25,19.360000610351562,18.959999084472656,19.010000228881836,43402800
2018-02-15,5.09898567199707,19.399999618530273,19.540000915527344,19.170000076293945,19.5,31978000
2018-02-16,5.104242324829102,19.420000076293945,19.579999923706055,19.309999465942383,19.459999084472656,34736300
2018-02-19,5.269827365875244,20.049999237060547,20.100000381469727,19.549999237060547,19.549999237060547,40925500
2018-02-20,5.372332572937012,20.440000534057617,20.81999969482422,19.81999969482422,19.8799991607666,67418700
2018-02-21,5.3223958015441895,20.25,20.8799991607666,20.25,20.59000015258789,55678400
2018-02-22,5.451183319091797,20.739999771118164,20.81999969482422,20.540000915527344,20.59000015258789,38170900
2018-02-23,5.551060676574707,21.1200008392334,21.139999389648438,20.6200008392334,20.950000762939453,55755600
2018-02-26,5.656192779541016,21.520000457763672,21.690000534057617,21.3799991607666,21.399999618530273,48160500
2018-02-27,5.650938987731934,21.5,21.850000381469727,21.34000015258789,21.469999313354492,42912500
2018-02-28,5.640424728393555,21.459999084472656,21.770000457763672,21.18000030517578,21.6299991607666,66229400
2018-03-01,5.527406692504883,21.030000686645508,21.459999084472656,20.760000228881836,21.399999618530273,66380900
2018-03-02,5.653566360473633,21.510000228881836,21.510000228881836,20.510000228881836,20.700000762939453,52682900
2018-03-05,5.813894748687744,22.1200008392334,22.170000076293945,21.360000610351562,21.489999771118164,54242600
2018-03-06,5.756071090698242,21.899999618530273,22.6299991607666,21.860000610351562,22.5,57240800
2018-03-07,5.695619106292725,21.670000076293945,21.969999313354492,21.3700008392334,21.690000534057617,50956600
2018-03-08,5.7035040855407715,21.700000762939453,21.8799991607666,21.31999969482422,21.850000381469727,36156800
2018-03-09,5.884860992431641,22.389999389648438,22.389999389648438,21.59000015258789,21.780000686645508,45560000
2018-03-12,5.8690900802612305,22.329999923706055,22.59000015258789,22.229999542236328,22.540000915527344,32363900
2018-03-13,5.811267375946045,22.110000610351562,22.540000915527344,22.059999465942383,22.450000762939453,34732800
2018-03-14,5.88223123550415,22.3799991607666,22.440000534057617,22.09000015258789,22.299999237060547,31947600
2018-03-15,5.600998878479004,21.309999465942383,22.18000030517578,21.309999465942383,22.049999237060547,81097800
2018-03-16,5.632540225982666,21.43000030517578,21.739999771118164,21.229999542236328,21.469999313354492,57891900
2018-03-19,5.501121520996094,20.93000030517578,21.360000610351562,20.860000610351562,21.270000457763672,42218400
2018-03-20,5.561574935913086,21.15999984741211,21.40999984741211,21.110000610351562,21.18000030517578,30106800
2018-03-21,5.795495986938477,22.049999237060547,22.09000015258789,21.200000762939453,21.25,53106300
2018-03-22,5.708760738372803,21.719999313354492,22.040000915527344,21.579999923706055,21.860000610351562,50033300
2018-03-23,5.716647148132324,21.75,22.110000610351562,21.530000686645508,21.610000610351562,52815800
2018-03-26,5.790239334106445,22.030000686645508,22.200000762939453,21.84000015258789,22.06999969482422,30174900
2018-03-27,5.635167598724365,21.440000534057617,22.18000030517578,21.3700008392334,22.139999389648438,43568100
2018-03-28,5.572086334228516,21.200000762939453,21.40999984741211,20.989999771118164,21.260000228881836,38539300
2018-03-29,5.62728214263916,21.40999984741211,21.559999465942383,21.229999542236328,21.260000228881836,34318800
2018-04-02,5.493237018585205,20.899999618530273,21.459999084472656,20.770000457763672,21.360000610351562,37275000
2018-04-03,5.44329833984375,20.709999084472656,21.190000534057617,20.65999984741211,21.110000610351562,39245800
2018-04-04,5.356564044952393,20.3799991607666,20.600000381469727,20.110000610351562,20.309999465942383,58475700
2018-04-05,5.558946132659912,21.149999618530273,21.329999923706055,21.030000686645508,21.149999618530273,88599000
2018-04-06,5.593112468719482,21.280000686645508,21.280000686645508,20.829999923706055,20.979999542236328,47908900
2018-04-09,5.395988941192627,20.530000686645508,21.440000534057617,20.530000686645508,21.43000030517578,44248900
2018-04-10,5.624653339385986,21.399999618530273,21.510000228881836,20.760000228881836,20.90999984741211,58545100
2018-04-11,5.729790210723877,21.799999237060547,21.899999618530273,21.329999923706055,21.350000381469727,62378300
2018-04-12,5.698247909545898,21.68000030517578,21.940000534057617,21.68000030517578,21.790000915527344,36238700
2018-04-13,5.572086334228516,21.200000762939453,21.739999771118164,21.059999465942383,21.639999389648438,43347800
2018-04-16,5.419643878936768,20.6200008392334,21.239999771118164,20.600000381469727,21.049999237060547,48474200
2018-04-17,5.527406692504883,21.030000686645508,21.079999923706055,20.6200008392334,20.700000762939453,36570400
2018-04-18,5.729790210723877,21.799999237060547,21.8700008392334,21.309999465942383,21.350000381469727,65237400
2018-04-19,5.834921360015869,22.200000762939453,22.399999618530273,21.93000030517578,22.06999969482422,62475200
2018-04-20,5.876973628997803,22.360000610351562,22.459999084472656,21.899999618530273,22.059999465942383,61494800
2018-04-23,5.908514499664307,22.479999542236328,22.479999542236328,21.940000534057617,22.09000015258789,37023300
2018-04-24,5.887488842010498,22.399999618530273,22.770000457763672,22.229999542236328,22.600000381469727,46710300
2018-04-25,5.711390018463135,21.729999542236328,22.1299991607666,21.670000076293945,22.010000228881836,68160600
2018-04-26,5.947940826416016,22.6299991607666,22.6299991607666,21.969999313354492,22.0,56674700
2018-04-27,5.968967437744141,22.709999084472656,22.93000030517578,22.65999984741211,22.84000015258789,37858300
2018-04-30,6.037304401397705,22.969999313354492,23.020000457763672,22.6299991607666,22.729999542236328,23681500
2018-05-02,5.940054893493652,22.600000381469727,22.93000030517578,22.510000228881836,22.670000076293945,31778100
2018-05-03,5.900629997253418,22.450000762939453,22.639999389648438,21.969999313354492,22.540000915527344,48855700
2018-05-04,5.85331916809082,22.270000457763672,22.639999389648438,22.270000457763672,22.450000762939453,33599400
2018-05-07,5.953197956085205,22.649999618530273,23.170000076293945,22.489999771118164,22.56999969482422,47815100
2018-05-08,6.021533966064453,22.90999984741211,23.149999618530273,22.520000457763672,23.059999465942383,81198700
2018-05-09,6.513034343719482,24.780000686645508,24.799999237060547,23.219999313354492,23.299999237060547,118032300
2018-05-10,6.767983913421631,25.75,26.489999771118164,24.920000076293945,25.139999389648438,126907200
2018-05-11,6.6865057945251465,25.440000534057617,26.309999465942383,25.420000076293945,25.829999923706055,72996400
2018-05-14,6.896772384643555,26.239999771118164,26.479999542236328,25.809999465942383,25.850000381469727,66938700
2018-05-15,7.041332244873047,26.790000915527344,26.899999618530273,25.889999389648438,26.350000381469727,75230200
2018-05-16,7.199032783508301,27.389999389648438,27.530000686645508,26.84000015258789,26.8700008392334,64486500
2018-05-17,6.820549964904785,25.950000762939453,27.600000381469727,25.469999313354492,27.350000381469727,112487000
2018-05-18,6.741701126098633,25.649999618530273,26.170000076293945,24.959999084472656,25.010000228881836,83206900
2018-05-21,6.584000110626221,25.049999237060547,26.290000915527344,24.940000534057617,26.100000381469727,75971900
2018-05-22,6.507627010345459,24.709999084472656,25.290000915527344,24.149999618530273,24.809999465942383,88109900
2018-05-23,6.128386497497559,23.270000457763672,24.479999542236328,23.270000457763672,24.229999542236328,74622500
2018-05-24,5.28826904296875,20.079999923706055,20.75,19.649999618530273,20.049999237060547,240343800
2018-05-25,5.214527130126953,19.799999237060547,21.270000457763672,19.65999984741211,20.649999618530273,131188100
2018-05-28,4.45341682434082,16.90999984741211,19.200000762939453,16.90999984741211,19.200000762939453,134504900
2018-05-29,5.082848072052002,19.299999237060547,19.440000534057617,17.600000381469727,18.0,181509800
2018-05-30,4.998573303222656,18.979999542236328,19.969999313354492,18.1299991607666,18.389999389648438,125430000
2018-06-01,4.255898475646973,16.15999984741211,19.75,14.899999618530273,19.559999465942383,216954700
2018-06-04,4.616701602935791,17.530000686645508,17.639999389648438,17.049999237060547,17.290000915527344,93547600
2018-06-05,4.369142055511475,16.59000015258789,17.799999237060547,16.59000015258789,17.360000610351562,67006400
2018-06-06,4.3006672859191895,16.329999923706055,16.68000030517578,15.869999885559082,16.469999313354492,69496800
2018-06-07,4.150553226470947,15.760000228881836,16.15999984741211,14.930000305175781,16.0,118752700
2018-06-08,4.016240119934082,15.25,16.190000534057617,15.0600004196167,15.8100004196167,91461500
2018-06-11,4.058376312255859,15.40999984741211,15.800000190734863,15.130000114440918,15.5,44872500
2018-06-12,4.071545124053955,15.460000038146973,15.680000305175781,15.239999771118164,15.479999542236328,69592600
2018-06-13,3.9951703548431396,15.170000076293945,15.5,14.739999771118164,15.420000076293945,72301200
2018-06-14,3.9767367839813232,15.100000381469727,15.550000190734863,15.050000190734863,15.329999923706055,57324600
2018-06-15,3.9424993991851807,14.970000267028809,15.069999694824219,14.470000267028809,15.029999732971191,75239300
2018-06-18,3.8187198638916016,14.5,14.890000343322754,14.5,14.770000457763672,47363800
2018-06-19,4.061010360717773,15.420000076293945,15.720000267028809,14.170000076293945,14.260000228881836,97301500
2018-06-20,4.2690653800964355,16.209999084472656,16.479999542236328,15.800000190734863,15.84000015258789,88397300
2018-06-21,3.9767367839813232,15.100000381469727,16.31999969482422,15.100000381469727,16.09000015258789,67884300
2018-06-22,3.9793701171875,15.109999656677246,15.680000305175781,15.010000228881836,15.40999984741211,52184500
2018-06-25,4.134750843048096,15.699999809265137,15.789999961853027,15.0600004196167,15.199999809265137,60347200
2018-06-26,4.224294185638428,16.040000915527344,16.1200008392334,15.529999732971191,15.899999618530273,59595900
2018-06-27,4.358608245849609,16.549999237060547,16.979999542236328,16.059999465942383,16.100000381469727,78095000
2018-06-28,4.3717756271362305,16.600000381469727,17.06999969482422,16.329999923706055,16.719999313354492,94960700
2018-06-29,4.527158260345459,17.190000534057617,17.190000534057617,16.729999542236328,16.850000381469727,75735100
2018-07-02,4.600898265838623,17.469999313354492,17.479999542236328,16.899999618530273,16.989999771118164,54545600
2018-07-03,4.608799457550049,17.5,17.889999389648438,17.459999084472656,17.739999771118164,57456700
2018-07-04,4.6377692222595215,17.610000610351562,18.450000762939453,17.239999771118164,17.3799991607666,54211000
2018-07-05,4.703609466552734,17.860000610351562,18.799999237060547,17.649999618530273,18.600000381469727,76084700
2018-07-06,4.724678039550781,17.940000534057617,18.09000015258789,17.649999618530273,17.969999313354492,33878700
2018-07-10,4.674639701843262,17.75,18.350000381469727,17.549999237060547,18.34000015258789,70886200
2018-07-11,4.5850982666015625,17.40999984741211,18.079999923706055,17.299999237060547,17.489999771118164,85806300
2018-07-12,4.727312088012695,17.950000762939453,18.020000457763672,17.520000457763672,17.6200008392334,49397900
2018-07-13,4.7694501876831055,18.110000610351562,18.18000030517578,17.780000686645508,17.989999771118164,44951900
2018-07-16,4.7088751792907715,17.8799991607666,17.979999542236328,17.600000381469727,17.950000762939453,62798900
2018-07-17,4.816854000091553,18.290000915527344,18.399999618530273,17.709999084472656,17.790000915527344,40884300
2018-07-18,4.753648281097412,18.049999237060547,18.399999618530273,17.940000534057617,18.25,40643800
2018-07-19,4.845822811126709,18.399999618530273,18.399999618530273,17.739999771118164,17.84000015258789,60404900
2018-07-20,5.080214500427246,19.290000915527344,19.479999542236328,18.93000030517578,19.170000076293945,98035200
2018-07-23,5.072314262390137,19.260000228881836,19.469999313354492,19.209999084472656,19.299999237060547,35231500
2018-07-24,5.177656173706055,19.65999984741211,19.8700008392334,19.530000686645508,19.56999969482422,39934600
2018-07-25,5.256666660308838,19.959999084472656,20.0,19.610000610351562,19.799999237060547,48759900
2018-07-26,5.111816883087158,19.40999984741211,19.950000762939453,19.3700008392334,19.950000762939453,48144300
2018-07-27,5.206626892089844,19.770000457763672,19.809999465942383,19.549999237060547,19.600000381469727,36509400
2018-07-30,5.238229274749756,19.889999389648438,20.100000381469727,19.700000762939453,19.950000762939453,37053900
2018-07-31,5.193459510803223,19.719999313354492,19.790000915527344,19.469999313354492,19.6200008392334,38641200
2018-08-01,5.269832611083984,20.010000228881836,20.010000228881836,19.540000915527344,19.59000015258789,39141700
2018-08-02,5.375178337097168,20.40999984741211,20.780000686645508,19.950000762939453,19.989999771118164,69008900
2018-08-03,5.5595293045043945,21.110000610351562,21.549999237060547,21.09000015258789,21.399999618530273,86908000
2018-08-06,5.541092395782471,21.040000915527344,21.469999313354492,20.979999542236328,21.149999618530273,44528300
2018-08-07,5.454184532165527,20.709999084472656,21.459999084472656,20.56999969482422,21.329999923706055,69136700
2018-08-08,5.3040690422058105,20.139999389648438,21.06999969482422,20.1200008392334,20.809999465942383,58211500
2018-08-09,5.3567423820495605,20.34000015258789,20.350000381469727,19.799999237060547,20.260000228881836,51253100
2018-08-10,5.15922212600708,19.59000015258789,20.149999618530273,19.360000610351562,20.100000381469727,61789800
2018-08-13,5.277733325958252,20.040000915527344,20.040000915527344,19.270000457763672,19.5,58306700
2018-08-14,5.275094509124756,19.979999542236328,20.309999465942383,19.729999542236328,20.280000686645508,55180600
2018-08-15,5.029554843902588,19.049999237060547,19.670000076293945,19.049999237060547,19.639999389648438,65651700
2018-08-16,5.00315523147583,18.950000762939453,19.350000381469727,18.770000457763672,19.31999969482422,51201600
2018-08-17,4.873785972595215,18.459999084472656,18.860000610351562,18.399999618530273,18.75,68328400
2018-08-20,4.84738302230835,18.360000610351562,18.510000228881836,18.09000015258789,18.3700008392334,56315600
2018-08-21,4.678411960601807,17.719999313354492,18.530000686645508,17.649999618530273,18.270000457763672,68735300
2018-08-22,4.844742298126221,18.350000381469727,18.3799991607666,17.649999618530273,17.700000762939453,56623700
2018-08-23,4.739135265350342,17.950000762939453,18.520000457763672,17.8799991607666,18.350000381469727,56284100
2018-08-24,4.831542491912842,18.299999237060547,18.440000534057617,18.049999237060547,18.350000381469727,37893000
2018-08-27,4.93979024887085,18.709999084472656,18.760000228881836,18.299999237060547,18.40999984741211,35428000
2018-08-28,4.844742298126221,18.350000381469727,18.850000381469727,18.34000015258789,18.760000228881836,38079200
2018-08-29,5.095561981201172,19.299999237060547,19.309999465942383,18.450000762939453,18.5,71434300
2018-08-30,4.9635515213012695,18.799999237060547,19.540000915527344,18.68000030517578,19.149999618530273,63981900
2018-08-31,5.085001468658447,19.260000228881836,19.43000030517578,18.90999984741211,18.950000762939453,75767400
2018-09-03,5.016355991363525,19.0,19.1299991607666,18.760000228881836,18.989999771118164,25401600
2018-09-04,4.923949718475342,18.649999618530273,19.190000534057617,18.6200008392334,19.1299991607666,39759800
2018-09-05,4.950350761413574,18.75,18.799999237060547,18.229999542236328,18.559999465942383,53967300
2018-09-06,5.013714790344238,18.989999771118164,19.020000457763672,18.479999542236328,18.989999771118164,54304300
2018-09-10,5.085001468658447,19.260000228881836,19.600000381469727,19.049999237060547,19.360000610351562,58578100
2018-09-11,4.884346008300781,18.5,18.889999389648438,18.43000030517578,18.8700008392334,56495200
2018-09-12,5.00315523147583,18.950000762939453,19.219999313354492,18.639999389648438,18.809999465942383,59695700
2018-09-13,4.93979024887085,18.709999084472656,19.1299991607666,18.6200008392334,19.030000686645508,36808700
2018-09-14,4.960911750793457,18.790000915527344,18.959999084472656,18.479999542236328,18.799999237060547,55756300
2018-09-17,5.1219635009765625,19.399999618530273,19.489999771118164,18.6299991607666,18.6299991607666,71289500
2018-09-18,5.346378326416016,20.25,20.25,19.469999313354492,19.5,72959100
2018-09-19,5.275094509124756,19.979999542236328,20.459999084472656,19.829999923706055,19.93000030517578,60563700
2018-09-20,5.246049880981445,19.8700008392334,20.350000381469727,19.75,20.260000228881836,56206900
2018-09-21,5.317336559295654,20.139999389648438,20.299999237060547,19.950000762939453,20.149999618530273,58517300
2018-09-24,5.280375003814697,20.0,20.40999984741211,19.920000076293945,20.200000762939453,54332900
2018-09-25,5.301496505737305,20.079999923706055,20.149999618530273,19.530000686645508,19.700000762939453,54462300
2018-09-26,5.330538272857666,20.190000534057617,20.299999237060547,19.969999313354492,20.239999771118164,60060800
2018-09-27,5.6658406257629395,21.459999084472656,21.459999084472656,20.469999313354492,20.5,104177300
2018-09-28,5.568154811859131,21.09000015258789,21.940000534057617,21.020000457763672,21.1299991607666,91254600
2018-10-01,5.5443925857543945,21.0,21.360000610351562,20.799999237060547,21.25,56540400
2018-10-02,6.024905681610107,22.81999969482422,22.81999969482422,21.899999618530273,22.0,127231800
2018-10-03,6.281004905700684,23.790000915527344,25.420000076293945,23.459999084472656,25.25,152189200
2018-10-04,6.341728210449219,24.020000457763672,24.520000457763672,23.209999084472656,23.450000762939453,99743300
2018-10-05,6.325888633728027,23.959999084472656,24.59000015258789,23.65999984741211,24.489999771118164,104693400
2018-10-08,7.022899150848389,26.600000381469727,26.969999313354492,25.75,26.940000534057617,188109000
2018-10-09,7.080982208251953,26.81999969482422,27.0,26.280000686645508,26.479999542236328,90128800
2018-10-10,6.877686977386475,26.049999237060547,26.389999389648438,25.649999618530273,26.309999465942383,82688000
2018-10-11,6.677033424377441,25.290000915527344,26.75,25.059999465942383,26.549999237060547,119307500
2018-10-15,6.803763389587402,25.770000457763672,26.1200008392334,25.549999237060547,25.899999618530273,92331900
2018-10-16,7.057220458984375,26.729999542236328,26.729999542236328,26.09000015258789,26.200000762939453,74144800
2018-10-17,6.983294486999512,26.450000762939453,26.6299991607666,26.260000228881836,26.440000534057617,80990300
2018-10-18,6.785279750823975,25.700000762939453,26.34000015258789,25.700000762939453,26.290000915527344,56268900
2018-10-19,6.843364715576172,25.920000076293945,26.34000015258789,25.700000762939453,26.290000915527344,61858300
2018-10-22,7.004415988922119,26.530000686645508,26.600000381469727,26.270000457763672,26.270000457763672,63678000
2018-10-23,6.917290210723877,26.200000762939453,26.479999542236328,25.809999465942383,26.149999618530273,77457300
2018-10-24,6.779998779296875,25.68000030517578,26.989999771118164,25.68000030517578,26.40999984741211,93377100
2018-10-25,6.948972225189209,26.31999969482422,26.639999389648438,25.690000534057617,26.18000030517578,79732200
2018-10-26,7.2869157791137695,27.600000381469727,27.600000381469727,26.1200008392334,26.649999618530273,110184900
2018-10-29,6.975373268127441,26.420000076293945,27.270000457763672,25.969999313354492,26.75,160890100
2018-10-30,7.392523288726807,28.0,28.0,26.420000076293945,26.700000762939453,107525500
2018-10-31,7.2921977043151855,27.6200008392334,28.329999923706055,27.299999237060547,28.260000228881836,84131500
2018-11-01,7.2129902839660645,27.31999969482422,28.020000457763672,27.110000610351562,27.760000228881836,98037100
2018-11-05,7.434767723083496,28.15999984741211,28.15999984741211,27.40999984741211,27.5,60389900
2018-11-06,7.1786675453186035,27.190000534057617,28.299999237060547,26.989999771118164,27.299999237060547,95344400
2018-11-07,6.943692207336426,26.299999237060547,27.649999618530273,26.260000228881836,27.610000610351562,95817100
2018-11-08,6.692874908447266,25.350000381469727,27.030000686645508,25.350000381469727,26.799999237060547,119096300
2018-11-09,6.721915245056152,25.459999084472656,25.719999313354492,24.68000030517578,25.200000762939453,94206400
2018-11-12,6.687594890594482,25.329999923706055,25.920000076293945,25.290000915527344,25.540000915527344,63162600
2018-11-13,6.399813652038574,24.239999771118164,25.31999969482422,23.950000762939453,25.31999969482422,112776300
2018-11-14,6.626870155334473,25.100000381469727,25.190000534057617,23.90999984741211,24.239999771118164,104423900
2018-11-16,6.81168270111084,25.799999237060547,26.040000915527344,25.170000076293945,25.389999389648438,100628900
2018-11-19,6.864488124847412,26.0,26.290000915527344,25.43000030517578,25.559999465942383,79946400
2018-11-21,6.645350456237793,25.170000076293945,25.479999542236328,25.010000228881836,25.100000381469727,77228100
2018-11-22,6.666557788848877,25.149999618530273,25.360000610351562,25.06999969482422,25.280000686645508,31253600
2018-11-23,6.459801197052002,24.3700008392334,24.799999237060547,24.010000228881836,24.649999618530273,77961200
2018-11-26,6.427992343902588,24.25,24.989999771118164,24.049999237060547,24.799999237060547,62111600
2018-11-27,6.7672834396362305,25.530000686645508,25.700000762939453,24.270000457763672,24.3700008392334,90759000
2018-11-28,6.727522373199463,25.3799991607666,25.8700008392334,25.049999237060547,25.5,92811300
2018-11-29,6.671858310699463,25.170000076293945,25.5,24.8799991607666,24.959999084472656,65584300
2018-11-30,6.748729705810547,25.459999084472656,25.559999465942383,25.06999969482422,25.110000610351562,90874500
2018-12-03,6.875964641571045,25.940000534057617,26.530000686645508,25.799999237060547,26.299999237060547,90530000
2018-12-04,6.716919898986816,25.34000015258789,26.329999923706055,25.34000015258789,26.25,66867500
2018-12-05,6.775235652923584,25.559999465942383,25.719999313354492,24.950000762939453,25.469999313354492,54183300
2018-12-06,6.518115997314453,24.59000015258789,25.1200008392334,24.309999465942383,24.989999771118164,99037200
2018-12-07,6.565828800201416,24.770000457763672,25.469999313354492,24.450000762939453,24.520000457763672,87994700
2018-12-10,6.213283538818359,23.440000534057617,24.899999618530273,23.440000534057617,24.770000457763672,73871100
2018-12-11,6.173524856567383,23.290000915527344,24.06999969482422,23.06999969482422,23.920000076293945,64017600
2018-12-12,6.176174163818359,23.299999237060547,23.899999618530273,23.200000762939453,23.739999771118164,63296400
2018-12-13,6.192077159881592,23.360000610351562,23.450000762939453,22.959999084472656,23.290000915527344,61946100
2018-12-14,6.10990571975708,23.049999237060547,23.329999923706055,22.959999084472656,23.079999923706055,45231700
2018-12-17,6.062193393707275,22.8700008392334,23.270000457763672,22.799999237060547,23.219999313354492,53832000
2018-12-18,5.831582069396973,22.0,22.799999237060547,22.0,22.780000686645508,74740000
2018-12-19,5.897847652435303,22.25,23.049999237060547,22.059999465942383,22.5,171157500
2018-12-20,5.696394443511963,21.489999771118164,22.31999969482422,21.350000381469727,22.309999465942383,141767000
2018-12-21,5.712299346923828,21.549999237060547,21.979999542236328,21.25,21.399999618530273,90384300
2018-12-26,5.944415092468262,21.68000030517578,21.68000030517578,20.420000076293945,20.59000015258789,77104200
2018-12-27,5.94167423248291,21.670000076293945,21.979999542236328,21.280000686645508,21.520000457763672,74083700
2018-12-28,6.2186055183410645,22.68000030517578,22.829999923706055,22.079999923706055,22.110000610351562,61634700
2019-01-02,6.596985340118408,24.059999465942383,24.200000762939453,22.280000686645508,22.549999237060547,104534800
2019-01-03,6.758756160736084,24.649999618530273,24.81999969482422,23.799999237060547,23.959999084472656,95206400
2019-01-04,6.777950763702393,24.719999313354492,24.940000534057617,24.469999313354492,24.850000381469727,72119800
2019-01-07,6.884883403778076,25.110000610351562,25.920000076293945,24.700000762939453,24.850000381469727,121711900
2019-01-08,6.843755722045898,24.959999084472656,25.420000076293945,24.770000457763672,25.399999618530273,68761800
2019-01-09,6.986335754394531,25.479999542236328,25.5,25.149999618530273,25.299999237060547,70177600
2019-01-10,6.926011562347412,25.260000228881836,25.40999984741211,25.06999969482422,25.260000228881836,54763700
2019-01-11,6.851983070373535,24.989999771118164,25.190000534057617,24.84000015258789,25.149999618530273,53980700
2019-01-14,6.813595294952393,24.850000381469727,25.09000015258789,24.65999984741211,24.81999969482422,46577300
2019-01-15,6.808111667633057,24.829999923706055,25.1200008392334,24.700000762939453,24.829999923706055,53731500
2019-01-16,6.805368900299072,24.81999969482422,24.899999618530273,24.65999984741211,24.799999237060547,40425000
2019-01-17,6.898594379425049,25.15999984741211,25.299999237060547,24.68000030517578,24.75,50359400
2019-01-18,6.964399814605713,25.399999618530273,25.559999465942383,25.280000686645508,25.440000534057617,67021300
2019-01-21,7.000043869018555,25.530000686645508,25.530000686645508,25.100000381469727,25.309999465942383,45336500
2019-01-22,6.890368461608887,25.1299991607666,25.5,25.020000457763672,25.260000228881836,61307000
2019-01-23,6.972622871398926,25.43000030517578,25.540000915527344,25.15999984741211,25.329999923706055,52931600
2019-01-24,7.0027852058410645,25.540000915527344,25.540000915527344,25.31999969482422,25.399999618530273,40109000
2019-01-28,6.791660308837891,24.770000457763672,25.530000686645508,24.739999771118164,25.290000915527344,65079900
2019-01-29,6.956172466278076,25.3700008392334,25.559999465942383,25.110000610351562,25.25,59419200
2019-01-30,7.024721622467041,25.6200008392334,25.93000030517578,25.469999313354492,25.809999465942383,62607500
2019-01-31,7.0137529373168945,25.579999923706055,25.959999084472656,25.559999465942383,25.8700008392334,63253600
2019-02-01,7.074074745178223,25.799999237060547,25.850000381469727,25.3700008392334,25.5,47957400
2019-02-04,7.1371378898620605,26.030000686645508,26.1200008392334,25.600000381469727,25.84000015258789,53874900
2019-02-05,7.150847434997559,26.079999923706055,26.100000381469727,25.809999465942383,25.90999984741211,40989100
2019-02-06,6.989077091217041,25.489999771118164,25.84000015258789,25.31999969482422,25.799999237060547,64527000
2019-02-07,6.879400253295898,25.09000015258789,25.850000381469727,24.65999984741211,25.600000381469727,55614100
2019-02-08,6.890368461608887,25.1299991607666,25.280000686645508,24.729999542236328,24.799999237060547,40153900
2019-02-11,6.810852527618408,24.84000015258789,25.170000076293945,24.540000915527344,25.170000076293945,39617300
2019-02-12,7.0521392822265625,25.719999313354492,25.850000381469727,25.229999542236328,25.31999969482422,72467200
2019-02-13,7.142623424530029,26.049999237060547,26.209999084472656,25.850000381469727,26.020000457763672,69042200
2019-02-14,7.3893914222717285,26.950000762939453,26.950000762939453,26.0,26.170000076293945,81125500
2019-02-15,7.359230995178223,26.84000015258789,27.020000457763672,26.709999084472656,26.860000610351562,63841800
2019-02-18,7.337296485900879,26.760000228881836,26.790000915527344,26.40999984741211,26.59000015258789,43379000
2019-02-19,7.507293224334717,27.3799991607666,27.399999618530273,26.84000015258789,26.860000610351562,58041900
2019-02-20,7.414068222045898,27.040000915527344,27.65999984741211,26.8700008392334,27.5,55114500
2019-02-21,7.512778282165527,27.399999618530273,27.489999771118164,26.81999969482422,27.18000030517578,46559400
2019-02-22,7.438746929168701,27.1299991607666,27.700000762939453,27.1299991607666,27.549999237060547,36602000
2019-02-25,7.3208441734313965,26.700000762939453,27.030000686645508,26.6299991607666,27.0,54190800
2019-02-26,7.287940979003906,26.579999923706055,27.139999389648438,26.56999969482422,26.760000228881836,46504200
2019-02-27,7.42503547668457,27.079999923706055,27.25,26.6299991607666,26.84000015258789,49131400
2019-02-28,7.419552326202393,27.059999465942383,27.75,26.600000381469727,27.719999313354492,93065100
2019-03-01,7.3208441734313965,26.700000762939453,27.25,26.6299991607666,27.139999389648438,41978700
2019-03-06,7.337296485900879,26.760000228881836,26.760000228881836,26.469999313354492,26.549999237060547,18423400
2019-03-07,7.3400373458862305,26.770000457763672,26.90999984741211,26.489999771118164,26.799999237060547,32835300
2019-03-08,7.312617778778076,26.670000076293945,26.75,26.219999313354492,26.489999771118164,49564400
2019-03-11,7.608743190765381,27.75,27.780000686645508,27.010000228881836,27.020000457763672,66742800
2019-03-12,7.540196895599365,27.5,27.959999084472656,27.25,27.790000915527344,64287300
2019-03-13,7.704709053039551,28.100000381469727,28.1299991607666,27.520000457763672,27.59000015258789,61057200
2019-03-14,7.729386806488037,28.190000534057617,28.200000762939453,27.90999984741211,28.149999618530273,42777800
2019-03-15,7.745835781097412,28.25,28.389999389648438,28.110000610351562,28.15999984741211,61041100
2019-03-18,7.880191802978516,28.739999771118164,28.790000915527344,28.260000228881836,28.350000381469727,91920600
2019-03-19,8.006318092346191,29.200000762939453,29.5,28.600000381469727,28.850000381469727,69423600
2019-03-20,7.94325590133667,28.969999313354492,29.600000381469727,28.899999618530273,29.200000762939453,68878000
2019-03-21,7.83083438873291,28.559999465942383,28.969999313354492,27.920000076293945,28.84000015258789,80121300
2019-03-22,7.403100967407227,27.0,28.139999389648438,27.0,27.940000534057617,104731100
2019-03-25,7.496327877044678,27.34000015258789,27.59000015258789,26.81999969482422,26.829999923706055,104772900
2019-03-26,7.850028991699219,28.6299991607666,28.68000030517578,27.719999313354492,27.739999771118164,91549100
2019-03-27,7.496327877044678,27.34000015258789,28.209999084472656,27.34000015258789,28.209999084472656,66415400
2019-03-28,7.6937408447265625,28.059999465942383,28.059999465942383,26.950000762939453,27.25,69412700
2019-03-29,7.6937408447265625,28.059999465942383,28.530000686645508,27.739999771118164,28.450000762939453,51587400
2019-04-01,7.677291393280029,28.0,28.420000076293945,27.8700008392334,28.399999618530273,42289800
2019-04-02,7.756804943084717,28.290000915527344,28.299999237060547,27.860000610351562,28.139999389648438,38460600
2019-04-03,7.5511627197265625,27.540000915527344,28.559999465942383,27.540000915527344,28.530000686645508,55120900
2019-04-04,7.806159019470215,28.469999313354492,28.469999313354492,27.3700008392334,27.770000457763672,52248100
2019-04-05,7.891160011291504,28.780000686645508,28.889999389648438,28.209999084472656,28.540000915527344,54708900
2019-04-08,8.020028114318848,29.25,29.389999389648438,28.979999542236328,29.059999465942383,55270000
2019-04-09,7.995349884033203,29.15999984741211,29.239999771118164,28.670000076293945,29.030000686645508,43863700
2019-04-10,7.891160011291504,28.780000686645508,29.56999969482422,28.780000686645508,29.549999237060547,62005200
2019-04-11,7.677291393280029,28.0,28.700000762939453,27.8700008392334,28.700000762939453,56126400
2019-04-12,7.082301616668701,25.829999923706055,26.969999313354492,25.56999969482422,26.469999313354492,227307600
2019-04-15,7.10971736907959,25.93000030517578,26.579999923706055,25.549999237060547,26.350000381469727,117567200
2019-04-16,7.326330184936523,26.719999313354492,27.059999465942383,25.6299991607666,25.950000762939453,95149300
2019-04-17,7.3345537185668945,26.75,27.34000015258789,26.219999313354492,27.1200008392334,103988400
2019-04-18,7.567613124847412,27.600000381469727,27.889999389648438,27.25,27.360000610351562,100942100
2019-04-22,7.523745536804199,27.440000534057617,27.889999389648438,27.31999969482422,27.690000534057617,45321900
2019-04-23,7.589550971984863,27.68000030517578,28.0,27.68000030517578,27.719999313354492,52199500
2019-04-24,7.567613124847412,27.600000381469727,27.889999389648438,27.209999084472656,27.719999313354492,57704700
2019-04-25,7.622453212738037,27.799999237060547,28.06999969482422,27.43000030517578,27.450000762939453,55201700
2019-04-26,7.476893424987793,27.25,27.770000457763672,27.059999465942383,27.68000030517578,52616600
2019-04-29,7.509818077087402,27.3700008392334,27.6200008392334,27.34000015258789,27.549999237060547,27689800
2019-04-30,7.438479423522949,27.110000610351562,27.65999984741211,26.979999542236328,27.520000457763672,39570700
2019-05-02,7.334213733673096,26.729999542236328,26.81999969482422,26.520000457763672,26.799999237060547,37820300
2019-05-03,7.3671393394470215,26.850000381469727,27.06999969482422,26.850000381469727,26.899999618530273,33334800
2019-05-06,7.345188140869141,26.770000457763672,26.770000457763672,26.360000610351562,26.389999389648438,31715900
2019-05-07,7.229948997497559,26.350000381469727,26.65999984741211,26.1200008392334,26.649999618530273,52454400
2019-05-08,7.509818077087402,27.3700008392334,27.469999313354492,26.290000915527344,26.309999465942383,71780300
2019-05-09,7.3616509437561035,26.829999923706055,27.1200008392334,26.639999389648438,27.100000381469727,46663300
2019-05-10,7.320494651794434,26.68000030517578,26.920000076293945,26.420000076293945,26.8700008392334,33336000
2019-05-13,7.106475353240967,25.899999618530273,26.469999313354492,25.81999969482422,26.209999084472656,43146100
2019-05-14,7.133915424346924,26.0,26.229999542236328,25.850000381469727,26.170000076293945,34968600
2019-05-15,7.100989818572998,25.8799991607666,25.889999389648438,25.65999984741211,25.739999771118164,37053900
2019-05-16,6.93361759185791,25.270000457763672,26.040000915527344,25.239999771118164,25.770000457763672,46502200
2019-05-17,6.771730899810791,24.68000030517578,25.420000076293945,24.469999313354492,25.049999237060547,67291200
2019-05-20,7.002211093902588,25.520000457763672,25.520000457763672,24.639999389648438,24.68000030517578,54472000
2019-05-21,7.2683610916137695,26.489999771118164,26.489999771118164,25.420000076293945,25.700000762939453,57846700
2019-05-22,7.240819931030273,26.290000915527344,26.469999313354492,25.959999084472656,26.34000015258789,48439300
2019-05-23,7.116880893707275,25.84000015258789,25.920000076293945,25.520000457763672,25.899999618530273,49527400
2019-05-24,7.185736179351807,26.09000015258789,26.360000610351562,25.93000030517578,26.149999618530273,35915100
2019-05-27,7.227049350738525,26.239999771118164,26.540000915527344,26.170000076293945,26.299999237060547,33892000
2019-05-28,7.381285190582275,26.799999237060547,26.799999237060547,26.1299991607666,26.1299991607666,60774600
2019-05-29,7.29865837097168,26.5,26.709999084472656,26.260000228881836,26.489999771118164,43124400
2019-05-30,7.202261447906494,26.149999618530273,26.860000610351562,25.989999771118164,26.510000228881836,71847200
2019-05-31,7.037008285522461,25.549999237060547,26.270000457763672,25.420000076293945,25.790000915527344,63137200
2019-06-03,7.1581926345825195,25.989999771118164,26.31999969482422,25.850000381469727,25.8799991607666,53470600
2019-06-04,7.216032028198242,26.200000762939453,26.3700008392334,26.030000686645508,26.290000915527344,37331100
2019-06-05,7.122389793395996,25.860000610351562,26.290000915527344,25.559999465942383,26.18000030517578,65282100
2019-06-06,7.238065242767334,26.280000686645508,26.6299991607666,25.719999313354492,26.170000076293945,87836900
2019-06-07,7.370269775390625,26.760000228881836,26.829999923706055,26.3700008392334,26.690000534057617,52235500
2019-06-10,7.339970111846924,26.649999618530273,26.889999389648438,26.520000457763672,26.600000381469727,39666800
2019-06-11,7.4804368019104,27.15999984741211,27.290000915527344,26.709999084472656,26.889999389648438,52437000
2019-06-12,7.39505672454834,26.850000381469727,27.1200008392334,26.639999389648438,27.020000457763672,43392200
2019-06-13,7.485945701599121,27.18000030517578,27.389999389648438,27.079999923706055,27.149999618530273,48981600
2019-06-14,7.452892780303955,27.059999465942383,27.25,26.899999618530273,27.200000762939453,42802400
2019-06-17,7.466665267944336,27.110000610351562,27.43000030517578,26.959999084472656,27.079999923706055,49290000
2019-06-18,7.56030797958374,27.450000762939453,27.520000457763672,27.25,27.299999237060547,31332800
2019-06-19,7.579587459564209,27.520000457763672,27.59000015258789,27.219999313354492,27.350000381469727,33286300
2019-06-21,7.788907527923584,28.280000686645508,28.389999389648438,27.950000762939453,27.950000762939453,58424700
2019-06-24,7.780643939971924,28.25,28.3799991607666,28.1200008392334,28.31999969482422,27365000
2019-06-25,7.576833248138428,27.510000228881836,28.15999984741211,27.3799991607666,28.139999389648438,56472100
2019-06-26,7.620902061462402,27.670000076293945,27.93000030517578,27.520000457763672,27.549999237060547,48901500
2019-06-27,7.499716281890869,27.229999542236328,27.549999237060547,27.010000228881836,27.440000534057617,55219200
2019-06-28,7.549292087554932,27.40999984741211,27.610000610351562,27.110000610351562,27.450000762939453,40262000
2019-07-01,7.507979393005371,27.260000228881836,28.030000686645508,27.209999084472656,27.84000015258789,46759100
2019-07-02,7.3867926597595215,26.81999969482422,27.260000228881836,26.649999618530273,27.260000228881836,57954200
2019-07-03,7.485945701599121,27.18000030517578,27.200000762939453,26.889999389648438,27.040000915527344,29291800
2019-07-04,7.543783187866211,27.389999389648438,27.579999923706055,27.31999969482422,27.3799991607666,28577400
2019-07-05,7.54653787612915,27.399999618530273,27.59000015258789,27.1299991607666,27.270000457763672,27414700
2019-07-08,7.615392208099365,27.649999618530273,27.719999313354492,27.440000534057617,27.5,25318200
2019-07-10,7.731066703796387,28.06999969482422,28.270000457763672,27.969999313354492,28.0,50715800
2019-07-11,7.821958065032959,28.399999618530273,28.510000228881836,28.15999984741211,28.200000762939453,48206900
2019-07-12,7.857762813568115,28.530000686645508,28.739999771118164,28.40999984741211,28.540000915527344,40908900
2019-07-15,7.76136589050293,28.18000030517578,28.649999618530273,28.18000030517578,28.59000015258789,36592400
2019-07-16,7.664968490600586,27.829999923706055,28.329999923706055,27.600000381469727,28.280000686645508,54789300
2019-07-17,7.623656272888184,27.68000030517578,28.0,27.639999389648438,27.989999771118164,28923500
2019-07-18,7.576833248138428,27.510000228881836,27.809999465942383,27.43000030517578,27.760000228881836,35830700
2019-07-19,7.557555198669434,27.440000534057617,27.600000381469727,27.3700008392334,27.5,28418900
2019-07-22,7.571325778961182,27.489999771118164,27.75,27.360000610351562,27.6200008392334,22304400
2019-07-23,7.579587459564209,27.520000457763672,27.6299991607666,27.399999618530273,27.510000228881836,21124400
2019-07-24,7.532766342163086,27.350000381469727,27.639999389648438,27.299999237060547,27.59000015258789,27939600
2019-07-25,7.406072616577148,26.889999389648438,27.5,26.809999465942383,27.469999313354492,26892300
2019-07-26,7.199506759643555,26.139999389648438,26.799999237060547,26.100000381469727,26.799999237060547,75644000
2019-07-29,7.2656073570251465,26.3799991607666,26.440000534057617,25.959999084472656,26.219999313354492,26493300
2019-07-30,7.227049350738525,26.239999771118164,26.489999771118164,26.18000030517578,26.350000381469727,38201600
2019-07-31,7.182981014251709,26.079999923706055,26.5,26.020000457763672,26.389999389648438,39890200
2019-08-01,7.229803085327148,26.25,26.559999465942383,25.15999984741211,26.299999237060547,91345800
2019-08-02,7.304166793823242,26.520000457763672,26.889999389648438,26.280000686645508,26.3700008392334,64112900
2019-08-05,7.037008285522461,25.549999237060547,26.1299991607666,25.520000457763672,25.799999237060547,48277000
2019-08-06,7.127896785736084,25.8799991607666,26.219999313354492,25.68000030517578,25.899999618530273,44208100
2019-08-07,7.050778865814209,25.600000381469727,25.729999542236328,25.0,25.440000534057617,67698500
2019-08-08,7.257345199584961,26.350000381469727,26.350000381469727,25.860000610351562,26.100000381469727,50256700
2019-08-09,7.238065242767334,26.280000686645508,26.690000534057617,26.100000381469727,26.299999237060547,36641500
2019-08-12,7.06455135345459,25.649999618530273,25.920000076293945,25.540000915527344,25.920000076293945,36122000
2019-08-13,7.158929824829102,25.790000915527344,26.1299991607666,25.229999542236328,25.360000610351562,45330500
2019-08-14,6.917428970336914,24.920000076293945,25.3799991607666,24.780000686645508,25.260000228881836,54401100
2019-08-15,6.72589635848999,24.229999542236328,25.0,24.139999389648438,24.989999771118164,53894500
2019-08-16,6.637069225311279,23.90999984741211,24.770000457763672,23.889999389648438,24.719999313354492,56782000
2019-08-19,6.6703782081604,24.030000686645508,24.5,23.850000381469727,24.299999237060547,50699300
2019-08-20,6.667603015899658,24.020000457763672,24.190000534057617,23.68000030517578,23.90999984741211,37141700
2019-08-21,7.06455135345459,25.450000762939453,25.989999771118164,24.18000030517578,24.350000381469727,87840800
2019-08-22,7.000706195831299,25.219999313354492,25.719999313354492,25.15999984741211,25.5,40808800
2019-08-23,6.739776134490967,24.280000686645508,25.3700008392334,24.229999542236328,24.780000686645508,58032300
2019-08-26,6.650947570800781,23.959999084472656,24.68000030517578,23.770000457763672,24.579999923706055,39688800
2019-08-27,6.756429672241211,24.34000015258789,24.81999969482422,23.809999465942383,24.170000076293945,70475200
2019-08-28,6.825827121734619,24.59000015258789,24.700000762939453,24.1200008392334,24.200000762939453,41981500
2019-08-29,7.078428268432617,25.5,25.5,24.68000030517578,24.899999618530273,61008800
2019-08-30,7.078428268432617,25.5,25.690000534057617,25.170000076293945,25.530000686645508,54958200
2019-09-02,7.022913932800293,25.299999237060547,25.579999923706055,25.25,25.389999389648438,19049900
2019-09-03,7.1061882972717285,25.600000381469727,25.65999984741211,25.030000686645508,25.110000610351562,47829600
2019-09-04,7.289395332336426,26.260000228881836,26.3700008392334,26.0,26.15999984741211,56179000
2019-09-05,7.325479984283447,26.389999389648438,26.790000915527344,26.34000015258789,26.600000381469727,48586800
2019-09-06,7.361567974090576,26.520000457763672,26.860000610351562,26.200000762939453,26.399999618530273,48502200
2019-09-09,7.475377559661865,26.93000030517578,27.020000457763672,26.700000762939453,26.75,37303000
2019-09-10,7.5225653648376465,27.100000381469727,27.350000381469727,26.780000686645508,27.049999237060547,44109400
2019-09-11,7.458719253540039,26.8700008392334,27.350000381469727,26.829999923706055,27.350000381469727,51540400
2019-09-12,7.511463642120361,27.059999465942383,27.139999389648438,26.639999389648438,26.860000610351562,41028300
2019-09-13,7.461497783660889,26.8799991607666,27.200000762939453,26.81999969482422,27.1200008392334,24709400
2019-09-16,7.789047718048096,28.059999465942383,28.239999771118164,27.690000534057617,28.1200008392334,167634600
2019-09-17,7.686342716217041,27.690000534057617,27.75,27.15999984741211,27.65999984741211,67414800
2019-09-18,7.555873394012451,27.219999313354492,27.489999771118164,27.219999313354492,27.3700008392334,40567100
2019-09-19,7.575307846069336,27.290000915527344,27.850000381469727,27.219999313354492,27.829999923706055,42155100
2019-09-20,7.494808197021484,27.0,27.43000030517578,27.0,27.350000381469727,51946900
2019-09-23,7.628047943115234,27.479999542236328,27.489999771118164,26.920000076293945,27.0,32643100
2019-09-24,7.569756507873535,27.270000457763672,27.540000915527344,27.149999618530273,27.420000076293945,36643400
2019-09-25,7.58918571472168,27.34000015258789,27.350000381469727,26.780000686645508,27.030000686645508,29038400
2019-09-26,7.6891188621521,27.700000762939453,27.700000762939453,27.229999542236328,27.399999618530273,33705900
2019-09-27,7.678014755249023,27.65999984741211,27.950000762939453,27.520000457763672,27.549999237060547,31886800
2019-09-30,7.647478103637695,27.549999237060547,27.639999389648438,27.399999618530273,27.559999465942383,23143400
2019-10-01,7.636377334594727,27.510000228881836,27.729999542236328,27.360000610351562,27.600000381469727,32423200
2019-10-02,7.417084693908691,26.719999313354492,27.260000228881836,26.610000610351562,27.219999313354492,51261200
2019-10-03,7.422637462615967,26.739999771118164,26.809999465942383,26.280000686645508,26.75,46076300
2019-10-04,7.358790874481201,26.510000228881836,26.920000076293945,26.270000457763672,26.850000381469727,47951600
2019-10-07,7.2644124031066895,26.170000076293945,26.600000381469727,26.100000381469727,26.3700008392334,26252500
2019-10-08,7.22277307510376,26.020000457763672,26.440000534057617,25.950000762939453,26.170000076293945,30418900
2019-10-09,7.361567974090576,26.520000457763672,26.709999084472656,26.149999618530273,26.350000381469727,35141400
2019-10-10,7.422637462615967,26.739999771118164,26.8799991607666,26.540000915527344,26.59000015258789,31056500
2019-10-11,7.56697940826416,27.260000228881836,27.360000610351562,26.93000030517578,26.93000030517578,37055300
2019-10-14,7.580859184265137,27.309999465942383,27.329999923706055,26.940000534057617,27.040000915527344,20809900
2019-10-15,7.6613569259643555,27.600000381469727,27.8799991607666,27.309999465942383,27.309999465942383,30455300
2019-10-16,7.752961158752441,27.93000030517578,27.969999313354492,27.360000610351562,27.549999237060547,31381300
2019-10-17,7.678014755249023,27.65999984741211,28.0,27.59000015258789,27.93000030517578,31405400
2019-10-18,7.6613569259643555,27.600000381469727,27.989999771118164,27.600000381469727,27.889999389648438,36070900
2019-10-21,7.7085490226745605,27.770000457763672,27.809999465942383,27.600000381469727,27.75,43337700
2019-10-22,7.93061637878418,28.56999969482422,28.68000030517578,27.770000457763672,27.799999237060547,64228700
2019-10-23,8.03609848022461,28.950000762939453,29.079999923706055,28.450000762939453,28.530000686645508,45930600
2019-10-24,7.861218452453613,28.31999969482422,29.25,28.229999542236328,29.149999618530273,60529900
2019-10-25,8.119376182556152,29.25,29.549999237060547,29.010000228881836,29.200000762939453,74476900
2019-10-28,8.216530799865723,29.600000381469727,29.65999984741211,29.1200008392334,29.219999313354492,37461800
2019-10-29,8.27759838104248,29.81999969482422,29.940000534057617,29.260000228881836,29.399999618530273,49994200
2019-10-30,8.349770545959473,30.079999923706055,30.09000015258789,29.469999313354492,29.770000457763672,63001200
2019-10-31,8.435820579528809,30.389999389648438,30.459999084472656,29.639999389648438,29.860000610351562,67070400
2019-11-01,8.446925163269043,30.43000030517578,31.229999542236328,29.84000015258789,30.59000015258789,101210200
2019-11-04,8.427495956420898,30.360000610351562,31.219999313354492,29.959999084472656,30.889999389648438,81023400
2019-11-05,8.230409622192383,29.649999618530273,30.600000381469727,29.579999923706055,30.40999984741211,92980900
2019-11-06,8.247064590454102,29.709999084472656,30.700000762939453,28.100000381469727,30.049999237060547,154003100
2019-11-07,8.577391624450684,30.899999618530273,31.06999969482422,29.540000915527344,30.0,96329000
2019-11-08,8.333115577697754,30.020000457763672,30.790000915527344,29.93000030517578,30.450000762939453,61567700
2019-11-11,8.452478408813477,30.450000762939453,30.450000762939453,29.790000915527344,29.850000381469727,30570500
2019-11-12,8.388467788696289,30.020000457763672,30.610000610351562,30.010000228881836,30.040000915527344,41655600
2019-11-13,8.354935646057129,29.899999618530273,30.1299991607666,29.610000610351562,29.950000762939453,41827700
2019-11-14,8.187276840209961,29.299999237060547,30.100000381469727,29.270000457763672,29.8799991607666,44595200
2019-11-18,8.125802993774414,29.079999923706055,29.850000381469727,29.06999969482422,29.700000762939453,54468100
2019-11-19,8.041974067687988,28.780000686645508,29.489999771118164,28.729999542236328,29.25,33740200
2019-11-21,8.340964317321777,29.850000381469727,29.850000381469727,28.8799991607666,28.93000030517578,53033100
2019-11-22,8.377289772033691,29.979999542236328,30.34000015258789,29.559999465942383,29.760000228881836,34786000
2019-11-25,8.307432174682617,29.729999542236328,30.100000381469727,29.6299991607666,29.920000076293945,29868400
2019-11-26,8.156539916992188,29.190000534057617,29.729999542236328,29.100000381469727,29.6200008392334,54147800
2019-11-27,8.195659637451172,29.329999923706055,29.649999618530273,29.139999389648438,29.350000381469727,33072500
2019-11-28,8.251545906066895,29.530000686645508,29.540000915527344,28.809999465942383,29.31999969482422,46602800
2019-11-29,8.145363807678223,29.149999618530273,29.559999465942383,29.010000228881836,29.489999771118164,37699000
2019-12-02,8.12300968170166,29.06999969482422,29.5,29.06999969482422,29.399999618530273,31353600
2019-12-03,8.097860336303711,28.979999542236328,29.190000534057617,28.729999542236328,29.170000076293945,29194000
2019-12-04,8.287870407104492,29.65999984741211,29.65999984741211,29.110000610351562,29.260000228881836,44960000
2019-12-05,8.396849632263184,30.049999237060547,30.389999389648438,29.520000457763672,29.639999389648438,50447000
2019-12-06,8.480679512023926,30.350000381469727,30.59000015258789,30.1299991607666,30.149999618530273,44348600
2019-12-09,8.441560745239258,30.209999084472656,30.479999542236328,30.1200008392334,30.299999237060547,34694100
2019-12-10,8.505826950073242,30.440000534057617,30.440000534057617,29.899999618530273,30.100000381469727,27532700
2019-12-11,8.494649887084961,30.399999618530273,30.709999084472656,30.260000228881836,30.510000228881836,38458300
2019-12-12,8.653923988342285,30.969999313354492,31.049999237060547,30.479999542236328,30.639999389648438,47797800
2019-12-13,8.377289772033691,29.979999542236328,30.969999313354492,29.8700008392334,30.889999389648438,105004400
2019-12-16,8.218015670776367,29.40999984741211,30.170000076293945,29.40999984741211,30.049999237060547,68871000
2019-12-17,8.340964317321777,29.850000381469727,29.899999618530273,29.43000030517578,29.639999389648438,40679900
2019-12-18,8.533770561218262,30.540000915527344,30.56999969482422,29.700000762939453,29.75,64201600
2019-12-19,8.553329467773438,30.610000610351562,30.75,30.420000076293945,30.450000762939453,39696000
2019-12-20,8.455530166625977,30.260000228881836,30.600000381469727,30.020000457763672,30.600000381469727,93064900
2019-12-23,8.52259635925293,30.5,30.5,30.030000686645508,30.190000534057617,21970200
2019-12-26,8.637161254882812,30.90999984741211,30.93000030517578,30.5,30.59000015258789,24810500
2019-12-27,8.646208763122559,30.520000457763672,30.920000076293945,30.290000915527344,30.690000534057617,24995100
2019-12-30,8.549887657165527,30.18000030517578,30.709999084472656,30.149999618530273,30.549999237060547,22111600
2020-01-02,8.6972017288208,30.700000762939453,30.700000762939453,30.309999465942383,30.510000228881836,37774500
2020-01-03,8.626379013061523,30.450000762939453,31.239999771118164,30.450000762939453,30.8799991607666,71595600
2020-01-06,8.728364944458008,30.809999465942383,30.940000534057617,29.950000762939453,30.43000030517578,81844000
2020-01-07,8.694369316101074,30.690000534057617,30.8799991607666,30.469999313354492,30.81999969482422,32822000
2020-01-08,8.640543937683105,30.5,30.770000457763672,30.239999771118164,30.690000534057617,48215600
2020-01-09,8.612211227416992,30.399999618530273,30.6200008392334,30.25,30.469999313354492,36102700
2020-01-10,8.575382232666016,30.270000457763672,30.440000534057617,30.1299991607666,30.389999389648438,25397500
2020-01-13,8.592384338378906,30.329999923706055,30.43000030517578,30.209999084472656,30.350000381469727,30676800
2020-01-14,8.498894691467285,30.0,30.270000457763672,29.770000457763672,30.229999542236328,39796500
2020-01-15,8.37141227722168,29.549999237060547,29.93000030517578,29.540000915527344,29.899999618530273,34405700
2020-01-16,8.362911224365234,29.520000457763672,29.700000762939453,29.329999923706055,29.600000381469727,28997400
2020-01-17,8.456398963928223,29.850000381469727,29.850000381469727,29.540000915527344,29.719999313354492,34908000
2020-01-20,8.498894691467285,30.0,30.100000381469727,29.649999618530273,29.700000762939453,31241400
2020-01-21,8.391242980957031,29.6200008392334,29.940000534057617,29.549999237060547,29.799999237060547,28577400
2020-01-22,8.297752380371094,29.290000915527344,29.809999465942383,29.270000457763672,29.729999542236328,32491500
2020-01-23,8.399741172790527,29.649999618530273,29.760000228881836,28.81999969482422,29.09000015258789,53752100
2020-01-24,8.300585746765137,29.299999237060547,29.780000686645508,29.139999389648438,29.559999465942383,36898700
2020-01-27,7.940800189971924,28.030000686645508,28.639999389648438,27.670000076293945,28.6299991607666,66105300
2020-01-28,8.158937454223633,28.799999237060547,29.139999389648438,28.420000076293945,28.43000030517578,47259100
2020-01-29,8.173103332519531,28.850000381469727,29.079999923706055,28.670000076293945,29.0,42297500
2020-01-30,8.198599815368652,28.940000534057617,29.040000915527344,28.18000030517578,28.280000686645508,44266800
2020-01-31,8.059783935546875,28.450000762939453,28.84000015258789,28.309999465942383,28.6299991607666,55446700
2020-02-03,7.983293533325195,28.18000030517578,28.729999542236328,28.15999984741211,28.520000457763672,39452800
2020-02-04,8.110777854919434,28.6299991607666,29.040000915527344,28.559999465942383,28.649999618530273,57658400
2020-02-05,8.04278564453125,28.389999389648438,29.219999313354492,28.389999389648438,29.049999237060547,67994500
2020-02-06,8.266590118408203,29.18000030517578,29.510000228881836,28.1200008392334,28.700000762939453,126114000
2020-02-07,8.19576644897461,28.93000030517578,29.350000381469727,28.729999542236328,29.0,54514600
2020-02-10,8.252426147460938,29.1299991607666,29.1299991607666,28.639999389648438,28.889999389648438,45328100
2020-02-11,8.351579666137695,29.479999542236328,29.6299991607666,29.260000228881836,29.399999618530273,37518200
2020-02-12,8.535723686218262,30.1299991607666,30.280000686645508,29.6299991607666,29.639999389648438,64851000
2020-02-13,8.419570922851562,29.719999313354492,30.209999084472656,29.639999389648438,29.770000457763672,55277100
2020-02-14,8.334579467773438,29.420000076293945,29.959999084472656,29.34000015258789,29.860000610351562,30399900
2020-02-17,8.317585945129395,29.360000610351562,29.770000457763672,29.309999465942383,29.6299991607666,38684900
2020-02-18,8.428071022033691,29.75,29.770000457763672,28.950000762939453,29.059999465942383,33890900
2020-02-19,8.654706001281738,30.549999237060547,30.549999237060547,29.760000228881836,29.8700008392334,44181800
2020-02-20,8.47623062133789,29.920000076293945,30.889999389648438,29.75,30.799999237060547,73522900
2020-02-21,8.25525951385498,29.139999389648438,29.68000030517578,29.030000686645508,29.510000228881836,47805100
2020-02-26,7.425200462341309,26.209999084472656,27.389999389648438,26.030000686645508,27.040000915527344,89207100
2020-02-27,7.167399883270264,25.299999237060547,26.530000686645508,24.889999389648438,25.719999313354492,100112100
2020-02-28,7.1787333488464355,25.34000015258789,25.559999465942383,24.6200008392334,25.15999984741211,89095300
2020-03-02,7.5158562660217285,26.530000686645508,26.75,25.479999542236328,25.5,71596400
2020-03-03,7.379871845245361,26.049999237060547,27.479999542236328,25.760000228881836,26.56999969482422,86855700
2020-03-04,7.617843151092529,26.889999389648438,26.940000534057617,26.239999771118164,26.90999984741211,42320500
2020-03-05,7.1645684242248535,25.290000915527344,26.670000076293945,24.709999084472656,26.329999923706055,69722300
2020-03-06,6.467657566070557,22.829999923706055,24.1299991607666,22.549999237060547,24.100000381469727,138597600
2020-03-09,4.546907424926758,16.049999237060547,18.229999542236328,15.40999984741211,17.809999465942383,254813800
2020-03-10,4.974686145782471,17.559999465942383,18.649999618530273,16.3700008392334,18.649999618530273,170478000
2020-03-11,4.490248680114746,15.850000381469727,17.1299991607666,15.0,16.700000762939453,132482400
2020-03-12,3.569535255432129,12.600000381469727,13.859999656677246,11.079999923706055,13.65999984741211,151535900
2020-03-13,4.362765312194824,15.399999618530273,15.399999618530273,12.699999809265137,15.100000381469727,174972600
2020-03-16,3.7083513736724854,13.09000015258789,14.100000381469727,12.550000190734863,12.90999984741211,126432800
2020-03-17,3.6828548908233643,13.0,13.84000015258789,13.0,13.600000381469727,149228500
2020-03-18,3.1984176635742188,11.289999961853027,12.270000457763672,10.869999885559082,11.789999961853027,162515200
2020-03-19,3.459049701690674,12.210000038146973,13.069999694824219,10.850000381469727,11.069999694824219,157065200
2020-03-20,3.39955735206604,12.0,13.5,11.829999923706055,13.109999656677246,149029900
2020-03-23,3.2579097747802734,11.5,12.180000305175781,11.279999732971191,12.109999656677246,107092400
2020-03-24,3.753678560256958,13.25,13.539999961853027,12.279999732971191,12.569999694824219,114259200
2020-03-25,4.056805610656738,14.319999694824219,14.789999961853027,12.829999923706055,13.239999771118164,158286200
2020-03-26,4.076636791229248,14.390000343322754,15.1899995803833,13.8100004196167,14.399999618530273,130618400
2020-03-27,3.767843723297119,13.300000190734863,13.6899995803833,13.25,13.300000190734863,101405900
2020-03-30,3.790506601333618,13.380000114440918,13.739999771118164,12.829999923706055,13.149999618530273,110947200
2020-03-31,3.9633171558380127,13.989999771118164,14.539999961853027,13.600000381469727,13.600000381469727,156116500
2020-04-01,4.051139831542969,14.300000190734863,14.550000190734863,13.319999694824219,13.449999809265137,114455000
2020-04-02,4.393928050994873,15.510000228881836,16.549999237060547,15.010000228881836,15.399999618530273,234951200
2020-04-03,4.345767974853516,15.34000015258789,16.360000610351562,14.930000305175781,16.299999237060547,142898700
2020-04-06,4.46758508682251,15.770000457763672,16.100000381469727,15.180000305175781,16.049999237060547,123934200
2020-04-07,4.646061420440674,16.399999618530273,17.06999969482422,16.34000015258789,16.610000610351562,140498900
2020-04-08,4.906694412231445,17.31999969482422,17.530000686645508,16.399999618530273,16.5,116151600
2020-04-09,4.7650465965271,16.81999969482422,18.690000534057617,16.5,17.940000534057617,185771300
2020-04-13,4.796209335327148,16.93000030517578,17.09000015258789,16.329999923706055,16.81999969482422,93724000
2020-04-14,4.739550590515137,16.729999542236328,17.299999237060547,16.610000610351562,17.020000457763672,91017200
2020-04-15,4.640396595001221,16.3799991607666,16.469999313354492,15.859999656677246,16.040000915527344,86749600
2020-04-16,4.453421115875244,15.720000267028809,16.760000228881836,15.529999732971191,16.670000076293945,115633300
2020-04-17,4.5695719718933105,16.1299991607666,16.1299991607666,15.5600004196167,15.75,116733000
2020-04-20,4.51857852935791,15.949999809265137,16.329999923706055,15.34000015258789,15.479999542236328,133739400
2020-04-22,4.74521541595459,16.75,16.75,15.779999732971191,15.850000381469727,114967100
2020-04-23,4.801876544952393,16.950000762939453,17.43000030517578,16.6200008392334,17.200000762939453,94759000
2020-04-24,4.51857852935791,15.949999809265137,16.790000915527344,15.279999732971191,16.690000534057617,161188800
2020-04-27,4.660226821899414,16.450000762939453,16.530000686645508,15.779999732971191,16.139999389648438,85944900
2020-04-28,4.88686466217041,17.25,17.25,16.6299991607666,17.040000915527344,91613600
2020-04-29,5.155995845794678,18.200000762939453,18.479999542236328,17.530000686645508,17.799999237060547,94528400
2020-04-30,5.113500595092773,18.049999237060547,18.420000076293945,17.700000762939453,17.979999542236328,80263900
2020-05-04,4.92369270324707,17.3799991607666,17.6200008392334,17.18000030517578,17.43000030517578,60268400
2020-05-05,5.082339286804199,17.940000534057617,18.479999542236328,17.8700008392334,17.899999618530273,75043400
2020-05-06,4.895362854003906,17.280000686645508,18.059999465942383,17.280000686645508,17.8700008392334,67937500
2020-05-07,4.940690994262695,17.440000534057617,17.8700008392334,17.350000381469727,17.75,81265100
2020-05-08,5.235317707061768,18.479999542236328,18.579999923706055,17.709999084472656,17.739999771118164,83232700
2020-05-11,5.1418304443359375,18.149999618530273,18.93000030517578,18.110000610351562,18.299999237060547,65061500
2020-05-12,5.1389970779418945,18.139999389648438,18.829999923706055,18.1299991607666,18.530000686645508,71837200
2020-05-13,4.983184814453125,17.59000015258789,18.350000381469727,17.520000457763672,18.260000228881836,87222300
2020-05-14,4.929358005523682,17.399999618530273,17.469999313354492,16.719999313354492,17.399999618530273,119653200
2020-05-15,4.858534812927246,17.149999618530273,18.190000534057617,17.149999618530273,17.989999771118164,133733100
2020-05-18,5.252317428588867,18.540000915527344,18.540000915527344,17.920000076293945,18.100000381469727,116999500
2020-05-19,5.291977882385254,18.68000030517578,18.93000030517578,18.40999984741211,18.510000228881836,80131600
2020-05-20,5.467621326446533,19.299999237060547,19.440000534057617,19.059999465942383,19.09000015258789,74595100
2020-05-21,5.436458587646484,19.190000534057617,19.770000457763672,19.06999969482422,19.5,81327000
2020-05-22,5.289145469665527,18.670000076293945,18.899999618530273,18.350000381469727,18.799999237060547,71259400
2020-05-25,5.51861572265625,19.479999542236328,19.559999465942383,19.260000228881836,19.479999542236328,38033000
2020-05-26,5.572443008422852,19.670000076293945,20.09000015258789,19.329999923706055,19.979999542236328,68716900
2020-05-27,5.646098613739014,19.93000030517578,19.93000030517578,19.149999618530273,19.799999237060547,74790800
2020-05-28,5.600770473480225,19.770000457763672,20.079999923706055,19.450000762939453,19.690000534057617,65023000
2020-05-29,5.76224946975708,20.34000015258789,20.34000015258789,19.299999237060547,19.549999237060547,128832600
2020-06-01,5.75941801071167,20.329999923706055,20.559999465942383,20.0,20.149999618530273,86579500
2020-06-02,6.0625457763671875,21.399999618530273,21.399999618530273,20.600000381469727,20.75,77235100
2020-06-03,6.082374572753906,21.469999313354492,21.90999984741211,21.40999984741211,21.860000610351562,86219700
2020-06-04,6.071043491363525,21.43000030517578,21.780000686645508,21.040000915527344,21.389999389648438,107401400
2020-06-05,6.260851860046387,22.100000381469727,23.030000686645508,22.059999465942383,22.290000915527344,114137700
2020-06-08,6.3826680183410645,22.530000686645508,22.59000015258789,22.010000228881836,22.549999237060547,82444400
2020-06-09,6.153200149536133,21.719999313354492,22.040000915527344,21.639999389648438,22.030000686645508,96488300
2020-06-10,6.0625457763671875,21.399999618530273,21.899999618530273,21.0,21.889999389648438,102551100
2020-06-12,5.835907459259033,20.600000381469727,21.170000076293945,20.100000381469727,20.6200008392334,116746700
2020-06-15,5.864236831665039,20.700000762939453,21.09000015258789,19.540000915527344,19.809999465942383,99931000
2020-06-16,6.054046630859375,21.3700008392334,21.90999984741211,21.170000076293945,21.559999465942383,94510600
2020-06-17,6.073875904083252,21.440000534057617,21.850000381469727,21.149999618530273,21.479999542236328,63268700
2020-06-18,6.119205474853516,21.600000381469727,21.770000457763672,21.079999923706055,21.18000030517578,56893300
2020-06-19,6.082374572753906,21.469999313354492,22.219999313354492,21.219999313354492,22.0,91139800
2020-06-22,5.935061454772949,20.950000762939453,21.600000381469727,20.899999618530273,21.600000381469727,45419000
2020-06-23,6.133368968963623,21.649999618530273,22.06999969482422,21.139999389648438,21.219999313354492,78950900
2020-06-24,5.9492268562316895,21.0,21.559999465942383,20.709999084472656,21.489999771118164,65162400
2020-06-25,6.082374572753906,21.469999313354492,21.469999313354492,20.729999542236328,20.90999984741211,47263500
2020-06-26,5.903897285461426,20.84000015258789,21.469999313354492,20.780000686645508,21.209999084472656,55499300
2020-06-29,6.136200428009033,21.65999984741211,21.65999984741211,20.93000030517578,21.100000381469727,59809600
2020-06-30,6.105038166046143,21.549999237060547,21.799999237060547,21.09000015258789,21.34000015258789,65010600
2020-07-01,6.150366306304932,21.709999084472656,22.25,21.520000457763672,21.75,78983900
2020-07-02,6.249520301818848,22.059999465942383,22.209999084472656,21.860000610351562,22.100000381469727,56345900
2020-07-03,6.226855754852295,21.979999542236328,22.18000030517578,21.799999237060547,21.950000762939453,24060000
2020-07-06,6.3770036697387695,22.510000228881836,22.860000610351562,22.309999465942383,22.389999389648438,58070900
2020-07-07,6.297680377960205,22.229999542236328,22.469999313354492,22.139999389648438,22.34000015258789,46591300
2020-07-08,6.416665554046631,22.649999618530273,22.760000228881836,22.399999618530273,22.450000762939453,49136300
2020-07-09,6.272181987762451,22.139999389648438,22.809999465942383,22.059999465942383,22.780000686645508,57151500
2020-07-10,6.3770036697387695,22.510000228881836,22.649999618530273,22.059999465942383,22.190000534057617,57428300
2020-07-13,6.2778496742248535,22.15999984741211,22.649999618530273,22.15999984741211,22.610000610351562,55425500
2020-07-14,6.487488269805908,22.899999618530273,22.959999084472656,21.860000610351562,22.1299991607666,89380500
2020-07-15,6.61214017868042,23.34000015258789,23.43000030517578,22.850000381469727,23.200000762939453,58390600
2020-07-16,6.436496257781982,22.719999313354492,23.280000686645508,22.520000457763672,23.15999984741211,69698700
2020-07-17,6.4421610832214355,22.739999771118164,23.030000686645508,22.579999923706055,22.829999923706055,49927600
2020-07-20,6.4421610832214355,22.739999771118164,22.90999984741211,22.520000457763672,22.700000762939453,48679800
2020-07-21,6.620637893676758,23.3700008392334,23.600000381469727,23.139999389648438,23.149999618530273,101769600
2020-07-22,6.529983043670654,23.049999237060547,23.40999984741211,23.010000228881836,23.299999237060547,43085500
2020-07-23,6.394129276275635,22.56999969482422,23.229999542236328,22.540000915527344,23.15999984741211,64072100
2020-07-24,6.43945837020874,22.729999542236328,23.059999465942383,22.420000076293945,22.540000915527344,43380300
2020-07-27,6.572610378265381,23.200000762939453,23.25,22.450000762939453,22.8700008392334,56539600
2020-07-28,6.459287643432617,22.799999237060547,23.31999969482422,22.799999237060547,23.040000915527344,48353000
2020-07-29,6.564111709594727,23.170000076293945,23.25,22.920000076293945,23.030000686645508,44011500
2020-07-30,6.464953422546387,22.81999969482422,22.920000076293945,22.5,22.920000076293945,57859000
2020-07-31,6.289307594299316,22.200000762939453,23.139999389648438,22.15999984741211,22.920000076293945,75397300
2020-08-03,6.175985336303711,21.799999237060547,22.549999237060547,21.719999313354492,22.540000915527344,63598500
2020-08-04,6.170320987701416,21.780000686645508,22.049999237060547,21.25,21.459999084472656,63011900
2020-08-05,6.5669450759887695,23.18000030517578,23.280000686645508,22.229999542236328,22.229999542236328,137214700
2020-08-06,6.578274726867676,23.219999313354492,23.530000686645508,23.010000228881836,23.280000686645508,56375100
2020-08-07,6.456456184387207,22.790000915527344,22.90999984741211,22.549999237060547,22.860000610351562,56040200
2020-08-10,6.643435478210449,23.450000762939453,23.450000762939453,22.639999389648438,22.899999618530273,52390100
2020-08-11,6.538613319396973,23.079999923706055,23.8799991607666,23.059999465942383,23.709999084472656,66342300
2020-08-12,6.65193510055542,23.479999542236328,23.68000030517578,23.079999923706055,23.360000610351562,67008500
2020-08-13,6.470621109008789,22.84000015258789,23.579999923706055,22.709999084472656,23.450000762939453,44588200
2020-08-14,6.422459602355957,22.670000076293945,22.979999542236328,22.530000686645508,22.770000457763672,38422000
2020-08-17,6.402627468109131,22.600000381469727,22.84000015258789,22.149999618530273,22.68000030517578,52064300
2020-08-18,6.521616458892822,23.020000457763672,23.239999771118164,22.770000457763672,22.93000030517578,49361300
2020-08-19,6.484785556793213,22.889999389648438,23.31999969482422,22.75,22.950000762939453,51982100
2020-08-20,6.43945837020874,22.729999542236328,22.8700008392334,22.350000381469727,22.520000457763672,55251700
2020-08-21,6.39129638671875,22.559999465942383,22.6299991607666,22.350000381469727,22.540000915527344,38668300
2020-08-24,6.507450580596924,22.969999313354492,23.1299991607666,22.799999237060547,22.860000610351562,51841900
2020-08-25,6.479119300842285,22.8700008392334,23.149999618530273,22.690000534057617,23.09000015258789,37981400
2020-08-26,6.294973373413086,22.219999313354492,22.899999618530273,22.040000915527344,22.780000686645508,69925300
2020-08-27,6.275141716003418,22.149999618530273,22.469999313354492,22.040000915527344,22.31999969482422,35489800
2020-08-28,6.3856306076049805,22.540000915527344,22.540000915527344,22.059999465942383,22.25,31071000
2020-08-31,6.201483726501465,21.889999389648438,22.43000030517578,21.889999389648438,22.31999969482422,48539700
2020-09-01,6.479119300842285,22.8700008392334,22.889999389648438,22.1200008392334,22.200000762939453,66299700
2020-09-02,6.459287643432617,22.799999237060547,23.100000381469727,22.520000457763672,22.93000030517578,53618000
2020-09-03,6.481952667236328,22.8799991607666,23.1200008392334,22.56999969482422,22.610000610351562,87642400
2020-09-04,6.493285655975342,22.920000076293945,23.030000686645508,22.579999923706055,23.0,52351100
2020-09-08,6.306305408477783,22.260000228881836,22.5,21.90999984741211,22.5,74490200
2020-09-09,6.43945837020874,22.729999542236328,22.770000457763672,22.489999771118164,22.489999771118164,42143500
2020-09-10,6.266643047332764,22.1200008392334,22.579999923706055,22.110000610351562,22.579999923706055,58350000
2020-09-11,6.198650360107422,21.8799991607666,22.260000228881836,21.75,22.1200008392334,71013700
2020-09-14,6.141991138458252,21.68000030517578,21.979999542236328,21.43000030517578,21.940000534057617,46453300
2020-09-15,6.139158248901367,21.670000076293945,22.079999923706055,21.549999237060547,21.979999542236328,58546700
2020-09-16,6.156156063079834,21.729999542236328,21.989999771118164,21.600000381469727,21.850000381469727,50379500
2020-09-17,6.275141716003418,22.149999618530273,22.170000076293945,21.459999084472656,21.510000228881836,60432200
2020-09-18,6.133491039276123,21.649999618530273,22.149999618530273,21.549999237060547,21.989999771118164,64243500
2020-09-21,5.921014785766602,20.899999618530273,21.459999084472656,20.809999465942383,21.290000915527344,73300000
2020-09-22,5.892684459686279,20.799999237060547,21.350000381469727,20.75,20.959999084472656,47207700
2020-09-23,5.731201171875,20.229999542236328,20.959999084472656,20.200000762939453,20.799999237060547,57106300
2020-09-24,5.779364109039307,20.399999618530273,20.709999084472656,20.059999465942383,20.239999771118164,76310000
2020-09-25,5.702871322631836,20.1299991607666,20.260000228881836,19.8700008392334,20.149999618530273,40150400
2020-09-28,5.561221122741699,19.6299991607666,20.559999465942383,19.6299991607666,20.329999923706055,48797400
2020-09-29,5.470565319061279,19.309999465942383,19.860000610351562,19.25,19.6299991607666,52878100
2020-09-30,5.55555534362793,19.610000610351562,20.040000915527344,19.43000030517578,19.5,69505000
2020-10-01,5.623547554016113,19.850000381469727,20.059999465942383,19.1299991607666,19.639999389648438,77537300
2020-10-02,5.3884077072143555,19.020000457763672,19.739999771118164,19.020000457763672,19.729999542236328,85306000
2020-10-05,5.67454195022583,20.030000686645508,20.15999984741211,19.239999771118164,19.360000610351562,73288500
2020-10-06,5.64621114730835,19.93000030517578,20.700000762939453,19.93000030517578,20.469999313354492,77064600
2020-10-07,5.606550216674805,19.790000915527344,20.049999237060547,19.559999465942383,20.0,53521000
2020-10-08,5.7906951904296875,20.440000534057617,20.59000015258789,19.860000610351562,20.040000915527344,78070400
2020-10-09,5.609382152557373,19.799999237060547,20.389999389648438,19.799999237060547,20.34000015258789,67962300
2020-10-13,5.702871322631836,20.1299991607666,20.1299991607666,19.729999542236328,19.90999984741211,55330600
2020-10-14,5.6575446128845215,19.969999313354492,20.3700008392334,19.969999313354492,20.09000015258789,44584300
2020-10-15,5.595215797424316,19.75,19.770000457763672,19.440000534057617,19.6200008392334,56952100
2020-10-16,5.476229667663574,19.329999923706055,19.709999084472656,19.31999969482422,19.670000076293945,49929000
2020-10-19,5.53005838394165,19.520000457763672,19.940000534057617,19.25,19.40999984741211,107419300
2020-10-20,5.717038154602051,20.18000030517578,20.270000457763672,19.59000015258789,19.670000076293945,68407700
2020-10-21,5.711370468139648,20.15999984741211,20.329999923706055,19.829999923706055,20.15999984741211,60594900
2020-10-22,5.90401554107666,20.84000015258789,20.84000015258789,20.049999237060547,20.100000381469727,98926900
2020-10-23,5.827525615692139,20.56999969482422,21.139999389648438,20.540000915527344,20.940000534057617,61711200
2020-10-26,5.736868858337402,20.25,20.530000686645508,20.030000686645508,20.329999923706055,58229100
2020-10-27,5.632046699523926,19.8799991607666,20.3700008392334,19.809999465942383,20.260000228881836,48978400
2020-10-28,5.289251327514648,18.670000076293945,19.440000534057617,18.670000076293945,19.350000381469727,79247400
2020-10-29,5.464898586273193,19.290000915527344,19.3700008392334,17.739999771118164,18.43000030517578,86794800
2020-10-30,5.365742206573486,18.940000534057617,19.540000915527344,18.8700008392334,19.139999389648438,64185100
2020-11-03,5.566887378692627,19.649999618530273,19.899999618530273,19.329999923706055,19.510000228881836,66292400
2020-11-04,5.586718559265137,19.719999313354492,20.06999969482422,19.270000457763672,20.010000228881836,65777600
2020-11-05,5.634880065917969,19.889999389648438,19.989999771118164,19.719999313354492,19.950000762939453,40874800
2020-11-06,5.595215797424316,19.75,19.950000762939453,19.540000915527344,19.549999237060547,37273300
2020-11-09,6.122159004211426,21.610000610351562,22.690000534057617,21.040000915527344,21.110000610351562,164904100
2020-11-10,6.538613319396973,23.079999923706055,23.149999618530273,21.809999465942383,21.889999389648438,163732600
2020-11-11,6.481952667236328,22.8799991607666,23.360000610351562,22.399999618530273,23.350000381469727,93072900
2020-11-12,6.207150459289551,21.90999984741211,22.81999969482422,21.770000457763672,22.739999771118164,77275000
2020-11-13,6.411127090454102,22.6299991607666,22.799999237060547,21.889999389648438,22.020000457763672,66065200
2020-11-16,6.598108291625977,23.290000915527344,23.6299991607666,23.1299991607666,23.200000762939453,101583300
2020-11-17,6.711427688598633,23.690000534057617,24.139999389648438,22.979999542236328,23.049999237060547,94082100
2020-11-18,6.67176628112793,23.549999237060547,24.1299991607666,23.549999237060547,23.989999771118164,68540400
2020-11-19,6.748256206512451,23.81999969482422,23.940000534057617,23.3700008392334,23.549999237060547,65382100
2020-11-23,7.110884189605713,25.100000381469727,25.100000381469727,24.040000915527344,24.049999237060547,125649000
2020-11-24,7.428182601928711,26.219999313354492,26.670000076293945,25.639999389648438,25.639999389648438,153293500
2020-11-25,7.43668270111084,26.25,26.5,25.670000076293945,26.200000762939453,73971200
2020-11-26,7.3148603439331055,25.81999969482422,25.950000762939453,25.559999465942383,25.940000534057617,41935900
2020-11-27,7.224204063415527,25.5,26.059999465942383,25.450000762939453,25.920000076293945,49863500
2020-11-30,7.054224491119385,24.899999618530273,25.8799991607666,24.84000015258789,25.260000228881836,90207700
2020-12-01,7.252535343170166,25.600000381469727,25.770000457763672,25.290000915527344,25.399999618530273,58866000
2020-12-02,7.340359687805176,25.90999984741211,26.5,25.329999923706055,25.600000381469727,88093300
2020-12-03,7.547169208526611,26.639999389648438,26.889999389648438,26.049999237060547,26.149999618530273,62424500
2020-12-04,7.799308776855469,27.530000686645508,27.56999969482422,27.059999465942383,27.190000534057617,61652400
2020-12-07,7.649158000946045,27.0,27.790000915527344,26.670000076293945,27.270000457763672,72664200
2020-12-08,7.5528364181518555,26.65999984741211,27.139999389648438,26.459999084472656,26.809999465942383,46276700
2020-12-09,7.632161617279053,26.940000534057617,26.969999313354492,26.399999618530273,26.6299991607666,52448300
2020-12-10,7.881465435028076,27.81999969482422,28.200000762939453,27.1299991607666,27.190000534057617,97537100
2020-12-11,7.81063985824585,27.56999969482422,27.84000015258789,27.280000686645508,27.489999771118164,48334300
2020-12-14,7.824806213378906,27.6200008392334,28.270000457763672,27.6200008392334,28.030000686645508,53159500
2020-12-15,7.8899664878845215,27.850000381469727,27.989999771118164,27.6200008392334,27.6200008392334,47208200
2020-12-16,7.986286163330078,28.190000534057617,28.239999771118164,27.469999313354492,27.850000381469727,59399200
2020-12-17,8.000452041625977,28.239999771118164,28.389999389648438,28.06999969482422,28.299999237060547,39297700
2020-12-18,7.960788249969482,28.100000381469727,28.31999969482422,28.020000457763672,28.100000381469727,44707900
2020-12-21,7.654824256896973,27.020000457763672,27.489999771118164,26.520000457763672,27.190000534057617,99988800
2020-12-22,7.728483200073242,27.280000686645508,27.469999313354492,27.049999237060547,27.200000762939453,46513200
2020-12-23,7.9182963371276855,27.950000762939453,28.25,27.350000381469727,27.43000030517578,49038900
2020-12-28,7.983455181121826,28.18000030517578,28.520000457763672,28.18000030517578,28.360000610351562,36313300
2020-12-29,8.008953094482422,28.270000457763672,28.43000030517578,27.989999771118164,28.3799991607666,29891100
2020-12-30,8.028783798217773,28.34000015258789,28.489999771118164,28.200000762939453,28.350000381469727,36968200
2021-01-04,8.190264701843262,28.90999984741211,29.18000030517578,28.530000686645508,28.649999618530273,74719700
2021-01-05,8.510396957397461,30.040000915527344,30.18000030517578,28.239999771118164,28.899999618530273,95181100
2021-01-06,8.527395248413086,30.100000381469727,30.899999618530273,30.049999237060547,30.15999984741211,96562500
2021-01-07,8.782365798950195,31.0,31.149999618530273,30.34000015258789,30.34000015258789,56171300
2021-01-08,8.816363334655762,31.1200008392334,31.760000228881836,30.350000381469727,31.459999084472656,67136300
2021-01-11,8.74270248413086,30.860000610351562,31.059999465942383,30.399999618530273,30.610000610351562,48744700
2021-01-12,8.677544593811035,30.6299991607666,31.559999465942383,30.6299991607666,31.1200008392334,65691900
2021-01-13,8.258257865905762,29.149999618530273,30.860000610351562,29.0,30.68000030517578,93826600
2021-01-14,8.343249320983887,29.450000762939453,29.670000076293945,28.719999313354492,29.170000076293945,50745400
2021-01-15,7.966456890106201,28.1200008392334,29.079999923706055,28.030000686645508,29.049999237060547,80673300
2021-01-18,7.952292442321777,28.06999969482422,28.850000381469727,28.010000228881836,28.309999465942383,68855700
2021-01-19,8.127937316894531,28.690000534057617,28.860000610351562,27.639999389648438,28.479999542236328,61656000
2021-01-20,7.991952419281006,28.209999084472656,29.1200008392334,28.110000610351562,28.950000762939453,60306200
2021-01-21,7.804973602294922,27.549999237060547,28.399999618530273,27.510000228881836,28.020000457763672,41284900
2021-01-22,7.674654960632324,27.09000015258789,27.239999771118164,26.559999465942383,26.93000030517578,51181900
2021-01-26,7.649158000946045,27.0,27.969999313354492,26.81999969482422,27.25,64514600
2021-01-27,7.762478828430176,27.399999618530273,28.170000076293945,26.530000686645508,26.809999465942383,68337800
2021-01-28,7.864466667175293,27.760000228881836,28.450000762939453,27.309999465942383,27.31999969482422,67827000
2021-01-29,7.56133508682251,26.690000534057617,27.68000030517578,26.690000534057617,27.520000457763672,67555300
2021-02-01,7.799308776855469,27.530000686645508,27.68000030517578,26.829999923706055,27.260000228881836,44449500
2021-02-02,8.119438171386719,28.65999984741211,29.139999389648438,28.200000762939453,28.399999618530273,91663000
2021-02-03,8.19876480102539,28.940000534057617,29.139999389648438,28.65999984741211,28.979999542236328,47486800
2021-02-04,8.16476821899414,28.81999969482422,28.989999771118164,28.209999084472656,28.829999923706055,41444100
2021-02-05,8.170432090759277,28.84000015258789,30.09000015258789,28.31999969482422,28.979999542236328,121098700
2021-02-08,7.963623046875,28.110000610351562,29.299999237060547,27.799999237060547,28.510000228881836,98821700
2021-02-09,7.802142143249512,27.540000915527344,28.3700008392334,27.3799991607666,28.049999237060547,63662200
2021-02-10,7.875799179077148,27.799999237060547,28.040000915527344,27.1200008392334,27.739999771118164,52949900
2021-02-11,7.955124378204346,28.079999923706055,28.5,27.8700008392334,28.139999389648438,61158600
2021-02-12,8.057113647460938,28.440000534057617,28.489999771118164,27.610000610351562,27.809999465942383,47801100
2021-02-17,8.38291072845459,29.59000015258789,29.600000381469727,28.1299991607666,28.520000457763672,54973400
2021-02-18,8.292253494262695,29.270000457763672,30.920000076293945,29.040000915527344,30.3799991607666,105539200
2021-02-19,7.742647171020508,27.329999923706055,28.489999771118164,27.170000076293945,28.030000686645508,215834800
2021-02-22,6.139158248901367,21.670000076293945,23.200000762939453,21.399999618530273,22.799999237060547,490230400
2021-02-23,6.816249847412109,24.059999465942383,24.260000228881836,22.709999084472656,23.049999237060547,293503100
2021-02-24,6.912571907043457,24.399999618530273,25.0,24.010000228881836,24.549999237060547,155246400
2021-02-25,6.56977653503418,23.190000534057617,25.25,23.100000381469727,25.0,170233000
2021-02-26,6.300638675689697,22.239999771118164,23.420000076293945,21.969999313354492,23.200000762939453,159881000
2021-03-01,6.232646942138672,22.0,23.040000915527344,21.920000076293945,22.799999237060547,90330100
2021-03-02,6.229815483093262,21.989999771118164,22.329999923706055,20.670000076293945,21.84000015258789,147772300
2021-03-03,6.003172397613525,21.190000534057617,21.889999389648438,20.479999542236328,21.799999237060547,185688500
2021-03-04,6.294973373413086,22.219999313354492,22.399999618530273,21.1200008392334,21.299999237060547,127843200
2021-03-05,6.34313440322876,22.389999389648438,23.219999313354492,22.290000915527344,22.440000534057617,126306300
2021-03-08,5.9776763916015625,21.100000381469727,22.280000686645508,20.959999084472656,21.940000534057617,141142800
2021-03-09,6.116492748260498,21.59000015258789,21.950000762939453,20.860000610351562,21.360000610351562,122648000
2021-03-10,6.328970909118652,22.34000015258789,22.34000015258789,21.579999923706055,21.940000534057617,111744100
2021-03-11,6.598108291625977,23.290000915527344,23.489999771118164,22.610000610351562,22.6200008392334,130577500
2021-03-12,6.564111709594727,23.170000076293945,23.3799991607666,22.860000610351562,23.149999618530273,68123200
2021-03-15,6.700094699859619,23.649999618530273,23.670000076293945,23.100000381469727,23.110000610351562,68295000
2021-03-16,6.595274925231934,23.280000686645508,23.68000030517578,23.229999542236328,23.6299991607666,43407900
2021-03-17,6.8219146728515625,24.079999923706055,24.1299991607666,23.110000610351562,23.139999389648438,77966400
2021-03-18,6.583941459655762,23.239999771118164,23.899999618530273,23.06999969482422,23.8799991607666,77198900
2021-03-19,6.799250602722168,24.0,24.040000915527344,23.18000030517578,23.270000457763672,90244500
2021-03-22,6.663266181945801,23.520000457763672,23.780000686645508,23.229999542236328,23.690000534057617,44129300
2021-03-23,6.459287643432617,22.799999237060547,23.6299991607666,22.799999237060547,23.170000076293945,57124700
2021-03-24,6.464953422546387,22.81999969482422,23.540000915527344,22.81999969482422,23.190000534057617,63338300
2021-03-25,6.572610378265381,23.200000762939453,23.299999237060547,22.15999984741211,22.700000762939453,79214500
2021-03-26,6.646267890930176,23.459999084472656,23.8799991607666,23.110000610351562,23.479999542236328,60918600
2021-03-29,6.751091003417969,23.829999923706055,23.829999923706055,23.280000686645508,23.34000015258789,50099700
2021-03-30,6.751091003417969,23.829999923706055,23.989999771118164,23.56999969482422,23.639999389648438,41959100
2021-03-31,6.82758092880249,24.100000381469727,24.229999542236328,23.780000686645508,23.799999237060547,68609400
2021-04-01,6.768087387084961,23.889999389648438,24.389999389648438,23.780000686645508,24.290000915527344,47232900
2021-04-05,6.81058406829834,24.040000915527344,24.200000762939453,23.68000030517578,24.1299991607666,40454400
2021-04-06,6.804917812347412,24.020000457763672,24.3700008392334,23.90999984741211,24.18000030517578,45934300
2021-04-07,6.799250602722168,24.0,24.34000015258789,23.93000030517578,23.940000534057617,55892200
2021-04-08,6.714261531829834,23.700000762939453,24.040000915527344,23.3700008392334,23.979999542236328,63231300
2021-04-09,6.700094699859619,23.649999618530273,23.780000686645508,23.3700008392334,23.5,47494400
2021-04-12,6.768087387084961,23.889999389648438,24.3700008392334,23.780000686645508,23.959999084472656,50592900
2021-04-13,6.790754795074463,23.969999313354492,24.110000610351562,23.690000534057617,23.979999542236328,53612300
2021-04-14,6.898407459259033,24.350000381469727,24.579999923706055,23.979999542236328,24.200000762939453,90836500
2021-04-15,6.761603832244873,23.09000015258789,23.829999923706055,23.020000457763672,23.700000762939453,64193600
2021-04-16,6.720609664916992,22.950000762939453,23.239999771118164,22.809999465942383,23.1299991607666,59567300
2021-04-19,7.110080718994141,24.280000686645508,24.889999389648438,22.770000457763672,22.950000762939453,196519100
2021-04-20,6.9753737449646,23.81999969482422,24.59000015258789,23.760000228881836,24.329999923706055,94965400
2021-04-22,6.943163871765137,23.709999084472656,24.190000534057617,23.649999618530273,24.139999389648438,46600100
2021-04-23,6.937305927276611,23.690000534057617,23.940000534057617,23.510000228881836,23.8799991607666,60341000
2021-04-26,6.963660717010498,23.780000686645508,24.049999237060547,23.610000610351562,23.850000381469727,33281000
2021-04-27,6.764532566070557,23.100000381469727,24.170000076293945,23.100000381469727,23.81999969482422,76684900
2021-04-28,7.010515213012695,23.940000534057617,24.09000015258789,23.360000610351562,23.399999618530273,66374200
2021-04-29,6.916808605194092,23.6200008392334,24.290000915527344,23.420000076293945,24.1200008392334,49775900
2021-04-30,6.916808605194092,23.6200008392334,23.93000030517578,23.280000686645508,23.399999618530273,61039200
2021-05-03,6.8611674308776855,23.43000030517578,23.809999465942383,23.299999237060547,23.799999237060547,49039900
2021-05-04,6.703035831451416,22.889999389648438,23.639999389648438,22.8799991607666,23.540000915527344,44765000
2021-05-05,6.978303909301758,23.829999923706055,23.950000762939453,23.1200008392334,23.170000076293945,75611900
2021-05-06,6.88166618347168,23.5,23.850000381469727,23.399999618530273,23.709999084472656,54091600
2021-05-07,7.139362812042236,24.3799991607666,24.450000762939453,23.459999084472656,23.639999389648438,74118200
2021-05-10,7.233073711395264,24.700000762939453,24.979999542236328,24.579999923706055,24.799999237060547,73804500
2021-05-11,7.364847660064697,25.149999618530273,25.170000076293945,24.31999969482422,24.440000534057617,73729900
2021-05-12,7.256498336791992,24.780000686645508,25.530000686645508,24.690000534057617,24.950000762939453,89980700
2021-05-13,7.317995548248291,24.989999771118164,25.100000381469727,24.43000030517578,24.760000228881836,77282100
2021-05-14,7.701611042022705,26.299999237060547,26.3799991607666,25.549999237060547,25.799999237060547,196135500
2021-05-17,7.80703067779541,26.65999984741211,26.65999984741211,26.200000762939453,26.299999237060547,83512600
2021-05-18,7.716251850128174,26.350000381469727,26.799999237060547,26.270000457763672,26.700000762939453,63510600
2021-05-19,7.657684326171875,26.149999618530273,26.350000381469727,25.799999237060547,25.850000381469727,84700500
2021-05-20,7.593260288238525,25.93000030517578,26.280000686645508,25.719999313354492,26.149999618530273,71371100
2021-05-21,7.599116802215576,25.950000762939453,26.309999465942383,25.940000534057617,26.079999923706055,82884500
2021-05-24,7.727965354919434,26.389999389648438,26.520000457763672,25.989999771118164,26.280000686645508,63029600
2021-05-25,7.566905975341797,25.84000015258789,26.6200008392334,25.780000686645508,26.479999542236328,63672000
2021-05-26,7.6401143074035645,26.09000015258789,26.18000030517578,25.649999618530273,25.90999984741211,46646900
2021-05-27,7.587406635284424,25.90999984741211,26.25,25.770000457763672,26.079999923706055,48877800
2021-05-28,7.903666973114014,26.989999771118164,27.020000457763672,26.149999618530273,26.200000762939453,129526400
2021-05-31,7.868527412414551,26.8700008392334,27.200000762939453,26.780000686645508,26.959999084472656,46298900
2021-06-01,7.991518497467041,27.290000915527344,27.700000762939453,27.010000228881836,27.399999618530273,90744900
2021-06-02,8.161365509033203,27.8700008392334,28.06999969482422,27.260000228881836,27.350000381469727,103985100
2021-06-04,8.34585189819336,28.5,28.6200008392334,27.920000076293945,28.059999465942383,102757300
2021-06-07,8.284356117248535,28.290000915527344,28.549999237060547,28.010000228881836,28.5,74548900
2021-06-08,8.392704963684082,28.65999984741211,28.799999237060547,27.959999084472656,28.170000076293945,88398600
2021-06-09,8.392704963684082,28.65999984741211,29.079999923706055,28.520000457763672,28.719999313354492,60724200
2021-06-10,8.39856243133545,28.68000030517578,29.030000686645508,28.56999969482422,28.829999923706055,35871000
2021-06-11,8.366350173950195,28.56999969482422,28.850000381469727,28.260000228881836,28.799999237060547,54894400
2021-06-14,8.419059753417969,28.75,29.350000381469727,28.610000610351562,28.899999618530273,64286600
2021-06-15,8.501054763793945,29.030000686645508,29.059999465942383,28.6299991607666,28.959999084472656,42597100
2021-06-16,8.5332670211792,29.139999389648438,29.290000915527344,28.770000457763672,29.079999923706055,77432900
2021-06-17,8.237502098083496,28.1299991607666,29.200000762939453,27.90999984741211,29.010000228881836,95264600
2021-06-18,8.29313850402832,28.31999969482422,28.420000076293945,27.639999389648438,28.0,115250700
2021-06-21,8.47762680053711,28.950000762939453,29.0,28.399999618530273,28.399999618530273,50709600
2021-06-22,8.521554946899414,29.100000381469727,29.270000457763672,28.670000076293945,29.0,41602700
2021-06-23,8.580120086669922,29.299999237060547,29.520000457763672,29.0,29.25,57278500
2021-06-24,8.682613372802734,29.649999618530273,29.649999618530273,29.219999313354492,29.489999771118164,51447000
2021-06-25,8.521554946899414,29.100000381469727,29.790000915527344,28.950000762939453,29.690000534057617,84950900
2021-06-28,8.506911277770996,29.049999237060547,29.270000457763672,28.670000076293945,29.18000030517578,40341200
2021-06-29,8.544983863830566,29.18000030517578,29.18000030517578,28.739999771118164,29.09000015258789,43215200
2021-06-30,8.61819076538086,29.43000030517578,29.56999969482422,28.920000076293945,29.030000686645508,71367600
2021-07-01,8.50984001159668,29.059999465942383,29.8799991607666,28.920000076293945,29.739999771118164,65084000
2021-07-02,8.544983863830566,29.18000030517578,29.3799991607666,28.729999542236328,29.299999237060547,37336700
2021-07-05,8.448345184326172,28.850000381469727,29.15999984741211,28.3700008392334,29.010000228881836,56028600
2021-07-06,8.10279655456543,27.670000076293945,28.799999237060547,27.670000076293945,28.700000762939453,97839700
2021-07-07,8.21407413482666,28.049999237060547,28.149999618530273,27.40999984741211,28.149999618530273,73793500
2021-07-08,8.05008602142334,27.489999771118164,27.68000030517578,27.270000457763672,27.399999618530273,80574200
2021-07-12,8.120366096496582,27.729999542236328,27.780000686645508,27.280000686645508,27.579999923706055,53001200
2021-07-13,8.170147895812988,27.899999618530273,27.969999313354492,27.3799991607666,27.559999465942383,41594300
2021-07-14,8.10279655456543,27.670000076293945,28.200000762939453,27.540000915527344,28.100000381469727,51654600
2021-07-15,7.930021286010742,27.079999923706055,27.6299991607666,26.920000076293945,27.489999771118164,67982600
2021-07-16,7.8128886222839355,26.68000030517578,27.3799991607666,26.579999923706055,27.229999542236328,69024100
2021-07-19,7.68403959274292,26.239999771118164,26.450000762939453,25.860000610351562,25.969999313354492,80087700
2021-07-20,7.786533355712891,26.59000015258789,26.940000534057617,25.90999984741211,26.190000534057617,63408800
2021-07-21,7.89488410949707,26.959999084472656,27.239999771118164,26.59000015258789,26.790000915527344,51116600
2021-07-22,7.877313613891602,26.899999618530273,27.219999313354492,26.709999084472656,27.0,37736500
2021-07-23,7.830460071563721,26.739999771118164,27.170000076293945,26.68000030517578,27.100000381469727,34025500
2021-07-26,8.044228553771973,27.469999313354492,27.469999313354492,26.719999313354492,26.739999771118164,46802600
2021-07-27,7.950521945953369,27.149999618530273,27.399999618530273,26.899999618530273,27.350000381469727,51901800
2021-07-28,8.114510536193848,27.709999084472656,27.899999618530273,27.200000762939453,27.43000030517578,46727100
2021-07-29,8.143795013427734,27.809999465942383,27.920000076293945,27.5,27.799999237060547,43916600
2021-07-30,7.8802409172058105,26.90999984741211,27.829999923706055,26.829999923706055,27.600000381469727,74150400
2021-08-02,7.733822345733643,26.40999984741211,27.40999984741211,26.3700008392334,27.200000762939453,70528800
2021-08-03,7.8626708984375,26.850000381469727,26.8700008392334,25.790000915527344,26.360000610351562,71850400
2021-08-04,7.69575309753418,26.280000686645508,26.770000457763672,25.950000762939453,26.549999237060547,87970600
2021-08-05,8.301925659179688,28.350000381469727,28.979999542236328,28.059999465942383,28.75,223915900
2021-08-06,8.313640594482422,28.389999389648438,28.540000915527344,28.020000457763672,28.5,51106100
2021-08-09,8.255071640014648,28.190000534057617,28.209999084472656,27.670000076293945,27.950000762939453,75381900
2021-08-10,8.281427383422852,28.280000686645508,28.780000686645508,28.239999771118164,28.299999237060547,84380900
2021-08-11,8.39563274383545,28.670000076293945,28.989999771118164,27.969999313354492,28.15999984741211,97863500
2021-08-12,8.521554946899414,29.100000381469727,29.190000534057617,28.5,28.65999984741211,95319300
2021-08-13,8.594761848449707,29.350000381469727,29.610000610351562,29.020000457763672,29.059999465942383,85201800
2021-08-16,8.386847496032715,28.639999389648438,29.239999771118164,28.239999771118164,29.200000762939453,101262100
2021-08-17,8.386821746826172,27.030000686645508,27.6299991607666,26.450000762939453,26.84000015258789,93623700
2021-08-18,8.312353134155273,26.790000915527344,27.309999465942383,26.649999618530273,27.030000686645508,86103100
2021-08-19,8.265812873840332,26.639999389648438,26.8700008392334,26.1299991607666,26.260000228881836,80808200
2021-08-20,8.253402709960938,26.600000381469727,26.6299991607666,26.170000076293945,26.399999618530273,88445600
2021-08-23,8.38371753692627,27.020000457763672,27.309999465942383,26.770000457763672,26.940000534057617,70161500
2021-08-24,8.557473182678223,27.579999923706055,27.6299991607666,27.239999771118164,27.290000915527344,49831400
2021-08-25,8.604015350341797,27.729999542236328,27.829999923706055,27.3799991607666,27.6299991607666,46031200
2021-08-26,8.529546737670898,27.489999771118164,27.8799991607666,27.469999313354492,27.579999923706055,41061300
2021-08-27,8.839826583862305,28.489999771118164,28.489999771118164,27.670000076293945,27.700000762939453,76465300
2021-08-30,8.780874252319336,28.299999237060547,28.709999084472656,28.260000228881836,28.399999618530273,61054000
2021-08-31,8.436466217041016,27.190000534057617,28.229999542236328,26.989999771118164,28.200000762939453,110574300
2021-09-01,8.389924049377441,27.040000915527344,27.34000015258789,26.329999923706055,27.31999969482422,69430400
2021-09-02,8.253402709960938,26.600000381469727,27.350000381469727,26.459999084472656,27.0,56052000
2021-09-03,8.169628143310547,26.329999923706055,26.780000686645508,26.100000381469727,26.649999618530273,58182700
2021-09-06,8.2099609375,26.459999084472656,26.709999084472656,26.149999618530273,26.209999084472656,26770700
2021-09-08,7.747647285461426,24.969999313354492,26.350000381469727,24.790000915527344,26.290000915527344,80378400
2021-09-09,7.912095546722412,25.5,25.8799991607666,24.139999389648438,25.079999923706055,156617100
2021-09-10,7.862449645996094,25.34000015258789,26.139999389648438,25.329999923706055,26.020000457763672,78379900
2021-09-13,8.138598442077637,26.229999542236328,26.389999389648438,25.639999389648438,25.799999237060547,63317900
2021-09-14,8.030000686645508,25.8799991607666,26.25,25.719999313354492,25.950000762939453,65497300
2021-09-15,8.169628143310547,26.329999923706055,26.459999084472656,25.8700008392334,26.0,67274100
2021-09-16,8.098261833190918,26.100000381469727,26.239999771118164,25.510000228881836,26.079999923706055,65567700
2021-09-17,7.735235691070557,24.93000030517578,26.020000457763672,24.770000457763672,25.969999313354492,131694100
2021-09-20,7.648360252380371,24.649999618530273,24.649999618530273,23.790000915527344,24.079999923706055,80260600
2021-09-21,7.822113513946533,25.209999084472656,25.290000915527344,24.530000686645508,25.079999923706055,64570200
2021-09-22,8.02069091796875,25.850000381469727,26.219999313354492,25.520000457763672,25.530000686645508,70231800
2021-09-23,8.327869415283203,26.84000015258789,26.950000762939453,25.90999984741211,25.950000762939453,84480600
2021-09-24,8.346484184265137,26.899999618530273,27.059999465942383,26.469999313354492,26.549999237060547,44821500
2021-09-27,8.420950889587402,27.139999389648438,27.459999084472656,26.5,27.139999389648438,89178700
2021-09-28,8.365102767944336,26.959999084472656,27.889999389648438,26.719999313354492,27.190000534057617,117874300
2021-09-29,8.498519897460938,27.389999389648438,27.530000686645508,26.81999969482422,27.209999084472656,58731700
2021-09-30,8.448877334594727,27.229999542236328,27.579999923706055,27.170000076293945,27.530000686645508,65744000
2021-10-01,8.687788963317871,28.0,28.0,27.06999969482422,27.1200008392334,60983200
2021-10-04,8.93291187286377,28.790000915527344,28.809999465942383,27.719999313354492,27.760000228881836,106937000
2021-10-05,9.128386497497559,29.420000076293945,29.469999313354492,28.899999618530273,29.0,100469100
2021-10-06,8.886367797851562,28.639999389648438,29.170000076293945,28.469999313354492,28.950000762939453,84599400
2021-10-07,8.873958587646484,28.600000381469727,28.979999542236328,28.25,28.700000762939453,60551100
2021-10-08,9.03530216217041,29.1200008392334,29.610000610351562,28.709999084472656,29.0,84170500
2021-10-11,9.097356796264648,29.31999969482422,29.850000381469727,29.149999618530273,29.5,76466700
2021-10-13,9.193544387817383,29.6299991607666,29.700000762939453,29.079999923706055,29.170000076293945,55605400
2021-10-14,9.209057807922363,29.68000030517578,30.219999313354492,29.5,29.860000610351562,76172700
2021-10-15,9.184234619140625,29.600000381469727,29.84000015258789,29.510000228881836,29.799999237060547,72479900
2021-10-18,9.1376953125,29.450000762939453,29.639999389648438,28.989999771118164,29.399999618530273,68971300
2021-10-19,8.690892219543457,28.010000228881836,29.31999969482422,27.860000610351562,29.239999771118164,111484000
2021-10-20,8.84292984008789,28.5,28.799999237060547,27.950000762939453,28.270000457763672,56063300
2021-10-21,8.51713752746582,27.450000762939453,28.18000030517578,26.920000076293945,27.860000610351562,101567700
2021-10-22,8.43336296081543,27.18000030517578,27.760000228881836,25.770000457763672,27.100000381469727,138384700
2021-10-25,9.010480880737305,29.040000915527344,29.309999465942383,27.649999618530273,27.760000228881836,135830600
2021-10-26,8.923603057861328,28.760000228881836,29.229999542236328,28.600000381469727,28.799999237060547,57865600
2021-10-27,8.901881217956543,28.690000534057617,29.059999465942383,28.469999313354492,28.829999923706055,57579200
2021-10-28,8.985657691955566,28.959999084472656,29.25,28.25,28.530000686645508,89578000
2021-10-29,8.424055099487305,27.149999618530273,29.190000534057617,26.969999313354492,29.1299991607666,157340000
2021-11-01,8.687788963317871,28.0,28.31999969482422,27.3700008392334,27.709999084472656,102157200
2021-11-03,8.330970764160156,26.850000381469727,27.850000381469727,26.799999237060547,27.709999084472656,83475800
2021-11-04,8.067234992980957,26.0,27.239999771118164,25.850000381469727,27.020000457763672,92603400
2021-11-05,8.02069091796875,25.850000381469727,26.540000915527344,25.780000686645508,26.290000915527344,86264000
2021-11-08,8.104466438293457,26.1200008392334,26.65999984741211,25.719999313354492,25.809999465942383,59704100
2021-11-09,8.265812873840332,26.639999389648438,26.950000762939453,26.200000762939453,26.200000762939453,73021700
2021-11-10,8.20065689086914,26.43000030517578,26.93000030517578,26.15999984741211,26.600000381469727,68176300
2021-11-11,8.20685863494873,26.450000762939453,26.8799991607666,26.239999771118164,26.8799991607666,60848900
2021-11-12,8.374409675598145,26.989999771118164,27.15999984741211,26.0,26.309999465942383,85962500
2021-11-16,8.461287498474121,27.270000457763672,27.559999465942383,26.6299991607666,27.260000228881836,60978200
2021-11-17,8.247196197509766,26.579999923706055,27.440000534057617,26.489999771118164,27.389999389648438,82106800
2021-11-18,8.234784126281738,26.540000915527344,26.75,26.049999237060547,26.690000534057617,63993000
2021-11-19,8.098261833190918,26.100000381469727,26.280000686645508,25.780000686645508,26.100000381469727,85893800
2021-11-22,8.178933143615723,26.360000610351562,27.1299991607666,26.290000915527344,26.299999237060547,59195200
2021-11-23,8.625736236572266,27.799999237060547,28.049999237060547,26.5,26.610000610351562,108382300
2021-11-24,8.802594184875488,28.3700008392334,28.440000534057617,27.510000228881836,27.780000686645508,64263300
2021-11-25,9.190442085266113,29.6200008392334,29.790000915527344,28.559999465942383,29.049999237060547,104052200
2021-11-26,8.833620071411133,28.469999313354492,29.15999984741211,28.06999969482422,28.389999389648438,108871800
2021-11-29,9.143899917602539,29.469999313354492,29.81999969482422,28.809999465942383,29.360000610351562,84672200
2021-11-30,9.131488800048828,29.43000030517578,29.639999389648438,28.860000610351562,29.299999237060547,129384600
2021-12-01,9.184234619140625,29.600000381469727,30.670000076293945,29.479999542236328,29.84000015258789,135078600
2021-12-02,9.88499927520752,28.360000610351562,28.489999771118164,26.200000762939453,26.989999771118164,191410300
2021-12-03,10.024420738220215,28.760000228881836,28.940000534057617,28.219999313354492,28.479999542236328,105133000
2021-12-06,10.069733619689941,28.889999389648438,29.270000457763672,28.68000030517578,28.780000686645508,66142300
2021-12-07,10.233552932739258,29.360000610351562,29.56999969482422,28.799999237060547,29.280000686645508,98989300
2021-12-08,10.230067253112793,29.350000381469727,30.06999969482422,29.219999313354492,29.360000610351562,71167700
2021-12-09,10.20915412902832,29.290000915527344,29.489999771118164,28.790000915527344,29.100000381469727,67668200
2021-12-10,10.334634780883789,29.649999618530273,30.100000381469727,29.479999542236328,29.5,38517500
2021-12-13,10.271897315979004,29.469999313354492,30.049999237060547,29.290000915527344,29.670000076293945,45448700
2021-12-14,10.149901390075684,29.1200008392334,29.850000381469727,29.010000228881836,29.610000610351562,56833800
2021-12-15,10.212640762329102,29.299999237060547,29.299999237060547,28.59000015258789,29.100000381469727,55085100
2021-12-16,10.348576545715332,29.690000534057617,29.979999542236328,29.5,29.6200008392334,56545700
2021-12-17,10.104588508605957,28.989999771118164,29.639999389648438,28.780000686645508,29.31999969482422,93593700
2021-12-20,9.815287590026855,28.15999984741211,28.549999237060547,27.68000030517578,28.440000534057617,106282500
2021-12-21,9.829232215881348,28.200000762939453,28.719999313354492,28.1200008392334,28.549999237060547,40454500
2021-12-22,9.815287590026855,28.15999984741211,28.399999618530273,27.969999313354492,28.399999618530273,33734500
2021-12-23,9.874543190002441,28.329999923706055,28.420000076293945,28.149999618530273,28.329999923706055,28713600
2021-12-27,10.020936012268066,28.75,28.780000686645508,28.149999618530273,28.31999969482422,44227900
2021-12-28,10.031393051147461,28.780000686645508,29.280000686645508,28.700000762939453,29.010000228881836,30688100
2021-12-29,9.947739601135254,28.540000915527344,28.899999618530273,28.420000076293945,28.700000762939453,35508400
2021-12-30,9.916369438171387,28.450000762939453,28.700000762939453,28.389999389648438,28.549999237060547,43229100
2022-01-03,10.139443397521973,29.09000015258789,29.219999313354492,28.530000686645508,28.540000915527344,52704700
2022-01-04,10.177787780761719,29.200000762939453,29.399999618530273,28.90999984741211,29.15999984741211,51739200
2022-01-05,9.783919334411621,28.06999969482422,29.270000457763672,27.940000534057617,29.190000534057617,78459800
2022-01-06,9.776947021484375,28.049999237060547,28.649999618530273,27.84000015258789,28.290000915527344,61163100
2022-01-07,9.822259902954102,28.18000030517578,28.290000915527344,27.81999969482422,28.110000610351562,47507600
2022-01-10,9.763005256652832,28.010000228881836,28.239999771118164,27.719999313354492,27.989999771118164,37455200
2022-01-11,10.052305221557617,28.84000015258789,29.06999969482422,27.850000381469727,28.100000381469727,73623800
2022-01-12,10.35903549194336,29.719999313354492,29.90999984741211,28.950000762939453,28.950000762939453,81378200
2022-01-13,10.568164825439453,30.31999969482422,30.6299991607666,29.5,29.530000686645508,76717500
2022-01-14,10.962034225463867,31.450000762939453,31.600000381469727,30.239999771118164,30.280000686645508,96458800
2022-01-17,10.979460716247559,31.5,31.809999465942383,31.25,31.399999618530273,35675900
2022-01-18,11.028257369995117,31.639999389648438,31.979999542236328,30.969999313354492,31.559999465942383,78198800
2022-01-19,10.975973129272461,31.489999771118164,32.209999084472656,31.440000534057617,31.899999618530273,77480200
2022-01-20,11.05614185333252,31.719999313354492,32.0,31.110000610351562,31.5,85353100
2022-01-21,11.07357120513916,31.770000457763672,31.8799991607666,31.530000686645508,31.56999969482422,61345400
2022-01-24,11.136309623718262,31.950000762939453,32.25,31.040000915527344,31.690000534057617,79117100
2022-01-25,11.49880599975586,32.9900016784668,33.22999954223633,31.579999923706055,31.700000762939453,98358500
2022-01-26,11.805535316467285,33.869998931884766,34.27000045776367,33.29999923706055,33.29999923706055,98679900
2022-01-27,11.809019088745117,33.880001068115234,34.63999938964844,33.16999816894531,34.25,90631000
2022-01-28,11.341958045959473,32.540000915527344,34.349998474121094,32.220001220703125,33.79999923706055,117400500
2022-01-31,11.275732040405273,32.349998474121094,33.0,32.06999969482422,32.5,62450300
2022-02-01,11.502291679382324,33.0,33.31999969482422,31.950000762939453,32.349998474121094,57315200
2022-02-02,11.33498764038086,32.52000045776367,33.4900016784668,32.36000061035156,33.40999984741211,36271700
2022-02-03,11.178135871887207,32.06999969482422,32.91999816894531,31.6200008392334,32.349998474121094,51087800
2022-02-04,11.373327255249023,32.630001068115234,33.22999954223633,31.8799991607666,32.40999984741211,59346800
2022-02-07,11.206021308898926,32.150001525878906,32.779998779296875,32.130001068115234,32.54999923706055,48868100
2022-02-08,11.094481468200684,31.829999923706055,31.950000762939453,31.260000228881836,31.899999618530273,62590000
2022-02-09,11.136309623718262,31.950000762939453,32.689998626708984,31.649999618530273,31.739999771118164,50960500
2022-02-10,11.30710220336914,32.439998626708984,32.900001525878906,31.940000534057617,32.29999923706055,49534600
2022-02-11,11.767191886901855,33.7599983215332,33.90999984741211,32.630001068115234,32.77000045776367,88013400
2022-02-14,11.502291679382324,33.0,33.939998626708984,32.81999969482422,33.86000061035156,55687000
2022-02-15,11.321044921875,32.47999954223633,32.68000030517578,31.889999389648438,32.65999984741211,65689000
2022-02-16,11.477892875671387,32.93000030517578,33.70000076293945,32.77000045776367,32.83000183105469,65811600
2022-02-17,11.432581901550293,32.79999923706055,33.290000915527344,32.54999923706055,32.849998474121094,43255200
2022-02-18,11.502291679382324,33.0,33.09000015258789,32.27000045776367,32.56999969482422,60304700
2022-02-21,11.798563957214355,33.849998474121094,34.0,33.0,33.04999923706055,51263800
2022-02-22,11.760222434997559,33.7400016784668,34.68000030517578,33.209999084472656,34.220001220703125,80206700
2022-02-23,11.927529335021973,34.220001220703125,34.599998474121094,33.79999923706055,34.18000030517578,86530100
2022-02-24,11.638230323791504,33.38999938964844,35.290000915527344,32.68000030517578,34.79999923706055,139674100
2022-02-25,11.850845336914062,34.0,34.0,32.900001525878906,33.45000076293945,86189100
2022-03-02,12.08437728881836,34.66999816894531,35.290000915527344,34.38999938964844,35.2599983215332,58071800
2022-03-03,11.93449878692627,34.2400016784668,34.93000030517578,34.15999984741211,34.81999969482422,69237400
2022-03-04,11.931012153625488,34.22999954223633,34.68000030517578,33.81999969482422,34.08000183105469,55418000
2022-03-07,11.084026336669922,31.799999237060547,34.599998474121094,31.6299991607666,34.5,110954100
2022-03-08,11.314072608947754,32.459999084472656,32.970001220703125,31.510000228881836,32.0,111633500
2022-03-09,11.348929405212402,32.560001373291016,32.81999969482422,31.739999771118164,32.599998474121094,87779300
2022-03-10,11.746280670166016,33.70000076293945,34.599998474121094,32.52000045776367,32.599998474121094,136437700
2022-03-11,11.324530601501465,32.4900016784668,34.380001068115234,32.06999969482422,33.90999984741211,92153700
2022-03-14,11.108424186706543,31.8700008392334,32.88999938964844,31.520000457763672,32.43000030517578,52274100
2022-03-15,10.840038299560547,31.100000381469727,31.540000915527344,30.469999313354492,31.139999389648438,66272000
2022-03-16,10.745929718017578,30.829999923706055,31.540000915527344,30.3700008392334,31.5,72034900
2022-03-17,10.460113525390625,30.010000228881836,31.399999618530273,29.5,31.25,178319300
2022-03-18,10.669248580932617,30.610000610351562,30.81999969482422,29.860000610351562,30.09000015258789,93097100
2022-03-21,11.070084571838379,31.760000228881836,32.09000015258789,30.639999389648438,30.90999984741211,67700800
2022-03-22,11.02128791809082,31.6200008392334,32.099998474121094,31.350000381469727,31.989999771118164,56128600
2022-03-23,11.171164512634277,32.04999923706055,32.470001220703125,31.690000534057617,31.93000030517578,52956100
2022-03-24,11.300128936767578,32.41999816894531,32.599998474121094,31.670000076293945,32.04999923706055,49402800
2022-03-25,11.258301734924316,32.29999923706055,32.54999923706055,31.920000076293945,32.150001525878906,51780100
2022-03-28,11.01431655883789,31.600000381469727,32.08000183105469,30.979999542236328,32.060001373291016,68610500
2022-03-29,11.258301734924316,32.29999923706055,32.7599983215332,31.920000076293945,32.130001068115234,93809000
2022-03-30,11.49880599975586,32.9900016784668,32.9900016784668,32.380001068115234,32.5,69648400
2022-03-31,11.659140586853027,33.45000076293945,33.56999969482422,32.5,32.56999969482422,94269500
2022-04-01,11.505775451660156,33.0099983215332,33.790000915527344,32.90999984741211,33.54999923706055,72545400
2022-04-04,11.397725105285645,32.70000076293945,32.900001525878906,32.25,32.900001525878906,56053000
2022-04-05,11.289673805236816,32.38999938964844,33.060001373291016,32.38999938964844,32.65999984741211,45847200
2022-04-06,11.279216766357422,32.36000061035156,32.779998779296875,32.040000915527344,32.599998474121094,56947100
2022-04-07,11.864789009094238,34.040000915527344,34.060001373291016,32.5,32.63999938964844,118469400
2022-04-08,11.924042701721191,34.209999084472656,34.40999984741211,33.849998474121094,34.06999969482422,60772700
2022-04-11,11.833417892456055,33.95000076293945,34.099998474121094,33.779998779296875,33.900001525878906,48125400
2022-04-12,11.798563957214355,33.849998474121094,34.68000030517578,33.79999923706055,34.400001525878906,68522800
2022-04-13,12.049520492553711,34.56999969482422,34.79999923706055,34.099998474121094,34.369998931884766,101438800
2022-04-14,11.923782348632812,31.270000457763672,32.06999969482422,31.15999984741211,31.600000381469727,119382100
2022-04-18,11.714057922363281,30.719999313354492,31.389999389648438,30.469999313354492,31.15999984741211,76350600
2022-04-19,12.068683624267578,31.649999618530273,32.0,31.1200008392334,31.15999984741211,88494100
2022-04-20,12.125880241394043,31.799999237060547,31.950000762939453,31.329999923706055,31.649999618530273,34694700
2022-04-22,11.653048515319824,30.559999465942383,31.299999237060547,30.31999969482422,31.049999237060547,74560900
2022-04-25,11.481456756591797,30.110000610351562,30.440000534057617,29.540000915527344,29.969999313354492,66413900
2022-04-26,11.462388038635254,30.059999465942383,30.579999923706055,29.889999389648438,30.110000610351562,48764100
2022-04-27,11.462388038635254,30.059999465942383,30.559999465942383,29.950000762939453,30.3700008392334,41881300
2022-04-28,11.538652420043945,30.260000228881836,30.6200008392334,30.25,30.450000762939453,43298500
2022-04-29,11.54627799987793,30.280000686645508,31.59000015258789,30.280000686645508,30.75,76243900
2022-05-02,11.431883811950684,29.979999542236328,30.329999923706055,29.329999923706055,30.170000076293945,72456200
2022-05-03,11.534839630126953,30.25,30.389999389648438,29.81999969482422,30.1200008392334,52531000
2022-05-04,12.228836059570312,32.06999969482422,32.16999816894531,30.399999618530273,30.600000381469727,109417000
2022-05-05,12.205955505371094,32.0099983215332,32.5,31.020000457763672,31.809999465942383,99439900
2022-05-06,12.606338500976562,33.060001373291016,33.119998931884766,31.899999618530273,32.689998626708984,129570200
2022-05-09,12.263152122497559,32.15999984741211,33.040000915527344,32.060001373291016,32.70000076293945,92314500
2022-05-10,12.369924545288086,32.439998626708984,32.849998474121094,32.20000076293945,32.36000061035156,60330600
2022-05-11,12.800809860229492,33.56999969482422,33.90999984741211,32.689998626708984,32.779998779296875,108895400
2022-05-12,12.899954795837402,33.83000183105469,34.08000183105469,33.2599983215332,33.2599983215332,114415900
2022-05-13,13.067736625671387,34.27000045776367,34.439998626708984,33.900001525878906,34.099998474121094,67000100
2022-05-16,13.197381973266602,34.61000061035156,34.880001068115234,34.0099983215332,34.25,92075300
2022-05-17,13.025789260864258,34.15999984741211,35.13999938964844,34.13999938964844,35.0,90914700
2022-05-18,12.812251091003418,33.599998474121094,34.560001373291016,33.43000030517578,34.18000030517578,80986200
2022-05-19,13.029601097106934,34.16999816894531,34.290000915527344,33.33000183105469,33.52000045776367,63983100
2022-05-20,13.281271934509277,34.83000183105469,34.83000183105469,34.25,34.59000015258789,79589900
2022-05-23,13.803677558898926,36.20000076293945,36.310001373291016,35.150001525878906,35.18000030517578,93807400
2022-05-24,13.427818298339844,31.600000381469727,32.09000015258789,30.709999084472656,31.200000762939453,154453100
2022-05-25,13.619036674499512,32.04999923706055,32.279998779296875,31.260000228881836,31.700000762939453,69991900
2022-05-26,13.653032302856445,32.130001068115234,32.560001373291016,31.950000762939453,32.02000045776367,78303600
2022-05-27,13.002886772155762,30.600000381469727,32.150001525878906,30.56999969482422,32.150001525878906,118295600
2022-05-30,12.743680953979492,29.989999771118164,30.8700008392334,29.1200008392334,30.84000015258789,98110100
2022-05-31,12.77342700958252,30.059999465942383,30.6200008392334,29.809999465942383,30.40999984741211,83598000
2022-06-01,12.756429672241211,30.020000457763672,30.329999923706055,29.850000381469727,29.899999618530273,46353200
2022-06-02,12.645947456359863,29.760000228881836,30.049999237060547,29.549999237060547,29.969999313354492,50738300
2022-06-03,12.866910934448242,30.280000686645508,30.440000534057617,29.530000686645508,29.709999084472656,60396900
2022-06-06,12.875408172607422,30.299999237060547,30.530000686645508,29.90999984741211,30.5,39213900
2022-06-07,13.028383255004883,30.65999984741211,31.299999237060547,30.15999984741211,30.190000534057617,80333700
2022-06-08,12.964644432067871,30.510000228881836,31.149999618530273,30.329999923706055,30.420000076293945,65923900
2022-06-09,12.777674674987793,30.06999969482422,30.65999984741211,29.979999542236328,30.510000228881836,53879000
2022-06-10,12.599203109741211,29.649999618530273,30.010000228881836,29.059999465942383,30.010000228881836,63101700
2022-06-13,12.437728881835938,29.270000457763672,29.579999923706055,28.670000076293945,29.020000457763672,64507100
2022-06-14,12.57795524597168,29.600000381469727,30.25,29.239999771118164,29.65999984741211,68816900
2022-06-15,12.356992721557617,29.079999923706055,30.020000457763672,28.84000015258789,30.0,72785700
2022-06-17,11.604866027832031,27.309999465942383,28.450000762939453,26.1299991607666,28.170000076293945,184606500
2022-06-20,11.736594200134277,27.6200008392334,28.25,25.90999984741211,26.020000457763672,92581800
2022-06-21,11.502882957458496,27.06999969482422,28.15999984741211,26.690000534057617,27.799999237060547,85179500
2022-06-22,11.468886375427246,26.989999771118164,27.549999237060547,26.389999389648438,26.579999923706055,57874700
2022-06-23,11.25642204284668,26.489999771118164,27.3799991607666,26.1200008392334,26.979999542236328,69262300
2022-06-24,11.171436309814453,26.290000915527344,27.09000015258789,26.18000030517578,26.760000228881836,53413400
2022-06-27,11.889567375183105,27.979999542236328,28.06999969482422,26.65999984741211,26.81999969482422,90417700
2022-06-28,12.038294792175293,28.329999923706055,28.829999923706055,28.020000457763672,28.579999923706055,51388000
2022-06-29,11.932062149047852,28.079999923706055,28.81999969482422,27.84000015258789,28.479999542236328,52048800
2022-06-30,11.86832332611084,27.93000030517578,28.059999465942383,27.399999618530273,27.649999618530273,49910100
2022-07-01,12.123281478881836,28.530000686645508,28.850000381469727,27.520000457763672,28.079999923706055,64948200
2022-07-04,12.382490158081055,29.139999389648438,29.280000686645508,28.540000915527344,28.540000915527344,37324200
2022-07-05,11.910816192626953,28.030000686645508,28.950000762939453,27.549999237060547,28.899999618530273,78428500
2022-07-06,11.757841110229492,27.670000076293945,28.479999542236328,26.90999984741211,28.15999984741211,57617200
2022-07-07,12.102033615112305,28.479999542236328,28.920000076293945,28.0,28.0,52147300
2022-07-08,12.238009452819824,28.799999237060547,28.969999313354492,28.3700008392334,28.530000686645508,43097800
2022-07-11,12.178524017333984,28.65999984741211,28.790000915527344,28.25,28.31999969482422,39577600
2022-07-12,11.995800018310547,28.229999542236328,28.43000030517578,27.969999313354492,28.299999237060547,46462000
2022-07-13,12.00429916381836,28.25,28.479999542236328,27.979999542236328,28.1299991607666,35497200
2022-07-14,11.681351661682129,27.489999771118164,28.0,27.239999771118164,28.0,47151000
2022-07-15,11.881071090698242,27.959999084472656,28.049999237060547,27.489999771118164,27.700000762939453,38610800
2022-07-18,12.153027534484863,28.600000381469727,28.690000534057617,28.299999237060547,28.389999389648438,46782300
2022-07-19,12.39948558807373,29.18000030517578,29.239999771118164,28.399999618530273,28.549999237060547,48562300
2022-07-20,12.395238876342773,29.170000076293945,29.219999313354492,28.829999923706055,29.06999969482422,43520800
2022-07-21,12.331499099731445,29.020000457763672,29.1299991607666,28.200000762939453,28.979999542236328,58843200
2022-07-22,12.463227272033691,29.329999923706055,29.469999313354492,28.850000381469727,29.040000915527344,55676200
2022-07-25,13.045380592346191,30.700000762939453,30.75,29.610000610351562,29.610000610351562,79106600
2022-07-26,13.177109718322754,31.010000228881836,31.6200008392334,30.59000015258789,31.200000762939453,78360100
2022-07-27,13.321587562561035,31.350000381469727,31.469999313354492,30.6200008392334,31.299999237060547,56097200
2022-07-28,13.72102165222168,32.290000915527344,32.630001068115234,31.43000030517578,31.59000015258789,114996500
2022-07-29,14.511393547058105,34.150001525878906,34.65999984741211,32.83000183105469,33.599998474121094,181480600
2022-08-01,14.311676979064941,33.68000030517578,34.150001525878906,33.220001220703125,34.0,81365100
2022-08-02,14.375417709350586,33.83000183105469,34.5,33.47999954223633,33.77000045776367,69147100
2022-08-03,14.38391399383545,33.849998474121094,34.15999984741211,33.560001373291016,34.0099983215332,65544500
2022-08-04,14.53688907623291,34.209999084472656,34.400001525878906,33.58000183105469,34.08000183105469,54387500
2022-08-05,14.817344665527344,34.869998931884766,35.060001373291016,34.119998931884766,34.150001525878906,77882600
2022-08-08,15.565220832824707,36.630001068115234,36.77000045776367,35.130001068115234,35.13999938964844,109484600
2022-08-09,15.820180892944336,37.22999954223633,37.459999084472656,36.849998474121094,37.0099983215332,79051200
2022-08-10,15.76919174194336,37.11000061035156,37.650001525878906,36.61000061035156,37.650001525878906,78369600
2022-08-11,15.403748512268066,36.25,37.86000061035156,36.25,37.45000076293945,128896500
2022-08-12,16.547626495361328,31.709999084472656,31.829999923706055,29.079999923706055,29.100000381469727,171288300
2022-08-15,16.552846908569336,31.719999313354492,32.22999954223633,30.549999237060547,30.8799991607666,96759000
2022-08-16,16.704181671142578,32.0099983215332,32.06999969482422,31.5,31.719999313354492,64218800
2022-08-17,17.09556770324707,32.7599983215332,32.81999969482422,31.600000381469727,31.649999618530273,72924700
2022-08-18,17.43997573852539,33.41999816894531,33.65999984741211,32.869998931884766,33.099998474121094,84552500
2022-08-19,16.558067321777344,31.729999542236328,33.150001525878906,31.329999923706055,32.91999816894531,125178200
2022-08-22,16.912919998168945,32.40999984741211,32.58000183105469,30.479999542236328,31.739999771118164,92400300
2022-08-23,17.450416564941406,33.439998626708984,33.5,32.619998931884766,32.630001068115234,73215800
2022-08-24,17.554784774780273,33.63999938964844,34.119998931884766,33.25,33.540000915527344,61067900
2022-08-25,17.366920471191406,33.279998779296875,34.36000061035156,32.66999816894531,34.099998474121094,99511600
2022-08-26,17.554784774780273,33.63999938964844,33.66999816894531,32.56999969482422,33.279998779296875,63545400
2022-08-29,17.993133544921875,34.47999954223633,35.08000183105469,33.45000076293945,33.54999923706055,73339500
2022-08-30,16.92336082458496,32.43000030517578,34.220001220703125,32.27000045776367,34.0,99361100
2022-08-31,17.340829849243164,33.22999954223633,33.439998626708984,31.81999969482422,32.06999969482422,114235400
2022-09-01,17.66437339782715,33.849998474121094,33.95000076293945,32.7599983215332,33.36000061035156,69184700
2022-09-02,17.43997573852539,33.41999816894531,34.56999969482422,33.2599983215332,34.439998626708984,81792300
2022-09-05,17.398237228393555,33.34000015258789,34.11000061035156,33.150001525878906,33.849998474121094,76337600
2022-09-06,16.751144409179688,32.099998474121094,32.59000015258789,31.510000228881836,32.27000045776367,111813500
2022-09-08,16.594594955444336,31.799999237060547,32.779998779296875,31.399999618530273,32.310001373291016,63159800
2022-09-09,16.58937644958496,31.790000915527344,32.66999816894531,31.700000762939453,32.4900016784668,49871900
2022-09-12,16.4276065826416,31.479999542236328,32.72999954223633,31.459999084472656,32.150001525878906,71374500
2022-09-13,15.994474411010742,30.649999618530273,31.440000534057617,30.520000457763672,30.940000534057617,88327800
2022-09-14,16.239742279052734,31.1200008392334,31.43000030517578,30.6299991607666,30.75,49039700
2022-09-15,16.20842933654785,31.059999465942383,31.229999542236328,30.799999237060547,30.920000076293945,45553200
2022-09-16,16.062313079833984,30.780000686645508,30.950000762939453,30.34000015258789,30.860000610351562,107303600
2022-09-19,16.31801986694336,31.270000457763672,31.3799991607666,29.8799991607666,30.5,65559900
2022-09-20,16.22408676147461,31.09000015258789,31.600000381469727,30.84000015258789,31.420000076293945,67798200
2022-09-21,16.26583480834961,31.170000076293945,31.469999313354492,30.889999389648438,31.350000381469727,58812200
2022-09-22,16.667652130126953,31.940000534057617,32.08000183105469,31.030000686645508,31.479999542236328,69764300
2022-09-23,15.623970031738281,29.940000534057617,31.389999389648438,29.770000457763672,31.31999969482422,138630800
2022-09-26,15.284772872924805,29.290000915527344,30.079999923706055,29.270000457763672,29.719999313354492,42934600
2022-09-27,15.483068466186523,29.670000076293945,29.8799991607666,29.579999923706055,29.65999984741211,71087600
2022-09-28,15.274333953857422,29.270000457763672,29.81999969482422,28.579999923706055,29.670000076293945,104670700
2022-09-29,15.295207023620605,29.309999465942383,29.399999618530273,28.600000381469727,28.989999771118164,87536500
2022-09-30,15.550912857055664,29.799999237060547,30.489999771118164,29.0,29.219999313354492,121637100
2022-10-03,16.79289436340332,32.18000030517578,32.63999938964844,31.65999984741211,31.90999984741211,179694100
2022-10-04,16.370206832885742,31.3700008392334,32.97999954223633,31.06999969482422,32.900001525878906,115917200
2022-10-05,16.985977172851562,32.54999923706055,32.81999969482422,31.200000762939453,31.40999984741211,92893700
2022-10-06,17.56521987915039,33.65999984741211,33.790000915527344,32.439998626708984,33.0,82671900
2022-10-07,17.549564361572266,33.630001068115234,34.31999969482422,33.220001220703125,33.58000183105469,73500100
2022-10-10,17.351268768310547,33.25,33.88999938964844,33.0,33.650001525878906,52222600
2022-10-11,17.22080421447754,33.0,33.33000183105469,32.61000061035156,32.88999938964844,58332400
2022-10-13,17.71133804321289,33.939998626708984,34.4900016784668,32.40999984741211,32.5,91143900
2022-10-14,17.43997573852539,33.41999816894531,34.13999938964844,33.29999923706055,33.970001220703125,62246100
2022-10-17,17.42432403564453,33.38999938964844,34.150001525878906,32.84000015258789,33.2400016784668,100936400
2022-10-18,17.85223388671875,34.209999084472656,34.22999954223633,33.15999984741211,33.900001525878906,82313200
2022-10-19,18.48366355895996,35.41999816894531,35.560001373291016,34.02000045776367,34.130001068115234,113700900
2022-10-20,19.031599044799805,36.470001220703125,36.54999923706055,35.77000045776367,36.099998474121094,114347400
2022-10-21,19.68390464782715,37.720001220703125,38.38999938964844,36.38999938964844,36.45000076293945,139601400
2022-10-24,17.873109817504883,34.25,36.81999969482422,34.22999954223633,36.5,142110900
2022-10-25,17.497379302978516,33.529998779296875,34.5,33.209999084472656,34.040000915527344,113161200
2022-10-26,17.06947135925293,32.709999084472656,33.529998779296875,31.899999618530273,32.599998474121094,121334800
2022-10-27,17.199932098388672,32.959999084472656,33.540000915527344,32.66999816894531,32.810001373291016,111008800
2022-10-28,16.99641227722168,32.56999969482422,33.119998931884766,31.860000610351562,32.70000076293945,129745400
2022-10-31,15.556127548217773,29.809999465942383,31.600000381469727,29.15999984741211,30.610000610351562,262409400
2022-11-01,15.582220077514648,29.860000610351562,30.670000076293945,29.559999465942383,30.56999969482422,115944200
2022-11-03,15.62918758392334,29.950000762939453,30.389999389648438,29.440000534057617,29.799999237060547,139062100
2022-11-04,14.768144607543945,28.299999237060547,30.899999618530273,28.18000030517578,30.799999237060547,195361000
2022-11-07,14.168025016784668,27.149999618530273,28.299999237060547,27.06999969482422,27.959999084472656,117206600
2022-11-08,14.272395133972168,27.350000381469727,27.530000686645508,26.75,27.059999465942383,94745400
2022-11-09,14.037565231323242,26.899999618530273,27.950000762939453,26.639999389648438,27.149999618530273,103303500
2022-11-10,13.630528450012207,26.1200008392334,26.889999389648438,25.610000610351562,26.079999923706055,145470100
2022-11-11,14.084532737731934,26.989999771118164,27.360000610351562,25.700000762939453,25.799999237060547,146365800
2022-11-14,14.45504093170166,27.700000762939453,28.18000030517578,27.09000015258789,27.260000228881836,66639500
2022-11-16,14.168025016784668,27.149999618530273,28.110000610351562,26.93000030517578,27.809999465942383,85549900
2022-11-17,14.173243522644043,27.15999984741211,27.299999237060547,26.549999237060547,27.0,101525800
2022-11-18,13.933197021484375,26.700000762939453,27.600000381469727,26.219999313354492,27.399999618530273,127683500
2022-11-21,13.974943161010742,26.780000686645508,27.56999969482422,26.049999237060547,27.1200008392334,164898100
2022-11-22,13.025115966796875,23.329999923706055,23.43000030517578,22.299999237060547,23.0,164261300
2022-11-23,13.086529731750488,23.440000534057617,23.649999618530273,22.799999237060547,23.0,77317300
2022-11-24,13.538750648498535,24.25,24.6299991607666,23.25,23.520000457763672,94233800
2022-11-25,13.321016311645508,23.860000610351562,24.329999923706055,23.600000381469727,24.260000228881836,58635900
2022-11-28,13.600164413452148,24.360000610351562,24.549999237060547,23.540000915527344,23.649999618530273,56067400
2022-11-29,14.16962718963623,25.3799991607666,25.8799991607666,24.479999542236328,24.600000381469727,96151500
2022-11-30,14.884251594543457,26.65999984741211,26.65999984741211,25.5,25.600000381469727,120774700
2022-12-01,14.286870002746582,25.59000015258789,26.790000915527344,25.559999465942383,26.579999923706055,71259400
2022-12-02,14.465524673461914,25.90999984741211,26.450000762939453,25.309999465942383,25.690000534057617,66301000
2022-12-05,14.303621292114258,25.6200008392334,26.579999923706055,25.549999237060547,26.0,56065400
2022-12-06,14.314787864685059,25.639999389648438,26.389999389648438,25.420000076293945,25.81999969482422,74991200
2022-12-07,14.15287971496582,25.350000381469727,26.06999969482422,25.270000457763672,25.34000015258789,57008400
2022-12-08,13.834650039672852,24.780000686645508,25.790000915527344,24.639999389648438,25.549999237060547,55567700
2022-12-09,13.79556941986084,24.709999084472656,25.049999237060547,24.489999771118164,24.989999771118164,61586200
2022-12-12,13.348930358886719,23.90999984741211,24.65999984741211,23.1299991607666,24.579999923706055,111293100
2022-12-13,13.019533157348633,23.31999969482422,24.200000762939453,23.309999465942383,24.100000381469727,102533100
2022-12-14,11.986679077148438,21.469999313354492,22.600000381469727,20.770000457763672,22.5,319501600
2022-12-15,12.304910659790039,22.040000915527344,22.3700008392334,20.829999923706055,21.0,132385600
2022-12-16,12.310492515563965,22.049999237060547,22.110000610351562,21.510000228881836,21.959999084472656,90767300
2022-12-19,12.494731903076172,22.3799991607666,22.510000228881836,21.639999389648438,22.100000381469727,63074100
2022-12-20,12.87995719909668,23.06999969482422,23.239999771118164,22.209999084472656,22.389999389648438,71875500
2022-12-21,13.159106254577637,23.56999969482422,23.719999313354492,22.850000381469727,23.5,74252800
2022-12-22,13.393593788146973,23.989999771118164,24.559999465942383,23.700000762939453,23.899999618530273,81894800
2022-12-23,14.024470329284668,25.1200008392334,25.219999313354492,24.1299991607666,24.1299991607666,68387900
2022-12-26,13.92397689819336,24.940000534057617,25.299999237060547,24.81999969482422,25.1200008392334,28765200
2022-12-27,14.01888656616211,25.110000610351562,25.309999465942383,24.549999237060547,25.25,50803200
2022-12-28,13.84581470489502,24.799999237060547,25.31999969482422,24.75,25.100000381469727,57293500
2022-12-29,13.678327560424805,24.5,25.049999237060547,24.43000030517578,24.989999771118164,57901800
2023-01-02,12.796212196350098,22.920000076293945,23.809999465942383,22.799999237060547,23.540000915527344,78424700
2023-01-03,12.472399711608887,22.34000015258789,23.100000381469727,22.1299991607666,22.940000534057617,96750300
2023-01-04,12.868789672851562,23.049999237060547,23.59000015258789,21.829999923706055,21.959999084472656,129504000
2023-01-05,13.33218002319336,23.8799991607666,24.040000915527344,23.149999618530273,23.34000015258789,73886000
2023-01-06,13.25401782989502,23.739999771118164,24.31999969482422,23.549999237060547,23.940000534057617,51851500
2023-01-09,13.326598167419434,23.8700008392334,24.0,23.25,23.5,46385200
2023-01-10,13.449426651000977,24.09000015258789,24.110000610351562,23.3700008392334,23.950000762939453,52741100
2023-01-11,13.555499076843262,24.280000686645508,24.6200008392334,24.049999237060547,24.149999618530273,53536500
2023-01-12,13.750904083251953,24.6299991607666,24.649999618530273,24.110000610351562,24.290000915527344,58130000
2023-01-13,13.717403411865234,24.56999969482422,24.65999984741211,24.25,24.440000534057617,40002700
2023-01-16,13.421507835388184,24.040000915527344,24.5,23.829999923706055,24.40999984741211,31973700
2023-01-17,14.24779224395752,25.520000457763672,25.6200008392334,24.110000610351562,24.110000610351562,91797500
2023-01-18,13.996557235717773,25.06999969482422,26.030000686645508,25.0,25.84000015258789,69692900
2023-01-19,14.454364776611328,25.889999389648438,25.950000762939453,24.790000915527344,25.0,75553300
2023-01-20,14.722344398498535,26.3700008392334,26.600000381469727,25.420000076293945,25.889999389648438,114219500
2023-01-23,14.956830978393555,26.790000915527344,27.600000381469727,26.1299991607666,26.270000457763672,87678100
2023-01-24,14.850752830505371,26.600000381469727,27.530000686645508,26.3700008392334,27.469999313354492,65794000
2023-01-25,15.040573120117188,26.940000534057617,27.079999923706055,26.010000228881836,26.549999237060547,51832900
2023-01-26,14.655349731445312,26.25,27.200000762939453,25.799999237060547,27.09000015258789,73344800
2023-01-27,14.303621292114258,25.6200008392334,26.229999542236328,25.440000534057617,26.18000030517578,47681900
2023-01-30,14.376197814941406,25.75,26.06999969482422,25.510000228881836,25.850000381469727,40683200
2023-01-31,14.554856300354004,26.06999969482422,26.209999084472656,25.520000457763672,25.6299991607666,54048900
2023-02-01,14.353866577148438,25.709999084472656,26.479999542236328,25.450000762939453,26.06999969482422,56349200
2023-02-02,13.689492225646973,24.520000457763672,25.809999465942383,24.420000076293945,25.510000228881836,83823000
2023-02-03,13.840231895446777,24.790000915527344,25.3799991607666,24.420000076293945,24.540000915527344,71170700
2023-02-06,14.392949104309082,25.780000686645508,25.8700008392334,24.75,24.8700008392334,82794500
2023-02-07,14.303621292114258,25.6200008392334,26.139999389648438,25.459999084472656,25.90999984741211,55311800
2023-02-08,14.54368782043457,26.049999237060547,26.149999618530273,25.559999465942383,25.799999237060547,48713100
2023-02-09,14.47669506072998,25.93000030517578,26.31999969482422,25.790000915527344,26.049999237060547,38198300
2023-02-10,14.91774845123291,26.719999313354492,26.790000915527344,25.93000030517578,25.979999542236328,54683100
2023-02-13,14.962410926818848,26.799999237060547,26.889999389648438,26.3700008392334,26.690000534057617,36726900
2023-02-14,14.90658187866211,26.700000762939453,27.059999465942383,26.600000381469727,26.850000381469727,35839000
2023-02-15,14.928915023803711,26.739999771118164,26.799999237060547,26.299999237060547,26.579999923706055,72554100
2023-02-16,14.990327835083008,26.850000381469727,26.950000762939453,26.489999771118164,26.600000381469727,44115700
2023-02-17,14.761425018310547,26.440000534057617,26.670000076293945,26.3700008392334,26.670000076293945,61085700
2023-02-22,14.381781578063965,25.760000228881836,26.110000610351562,25.690000534057617,26.0,38608500
2023-02-23,14.822836875915527,26.549999237060547,26.790000915527344,25.770000457763672,25.770000457763672,73913400
2023-02-24,14.459945678710938,25.899999618530273,26.700000762939453,25.8700008392334,26.670000076293945,64409100
2023-02-27,14.599519729614258,26.149999618530273,26.739999771118164,25.809999465942383,25.84000015258789,76250600
2023-02-28,14.091466903686523,25.239999771118164,26.920000076293945,25.239999771118164,26.209999084472656,130248100
2023-03-01,14.124961853027344,25.299999237060547,25.43000030517578,24.190000534057617,25.309999465942383,109257700
2023-03-02,13.756485939025879,24.639999389648438,25.670000076293945,24.3700008392334,25.420000076293945,124516200
2023-03-03,14.348283767700195,25.700000762939453,25.739999771118164,24.450000762939453,24.829999923706055,87591800
2023-03-06,14.493441581726074,25.959999084472656,26.1200008392334,25.3700008392334,25.700000762939453,50227400
2023-03-07,14.0133056640625,25.100000381469727,25.780000686645508,24.93000030517578,25.719999313354492,59052500
2023-03-08,14.191960334777832,25.420000076293945,25.920000076293945,25.1299991607666,25.149999618530273,66220400
2023-03-09,14.130545616149902,25.309999465942383,26.229999542236328,25.280000686645508,25.350000381469727,68042300
2023-03-10,13.946308135986328,24.979999542236328,25.579999923706055,24.940000534057617,25.15999984741211,48118600
2023-03-13,13.505253791809082,24.190000534057617,24.860000610351562,24.100000381469727,24.549999237060547,58605500
2023-03-14,13.265183448791504,23.760000228881836,24.729999542236328,23.600000381469727,24.280000686645508,58916700
2023-03-15,13.030696868896484,23.34000015258789,23.479999542236328,22.799999237060547,23.329999923706055,93708800
2023-03-16,12.98603630065918,23.260000228881836,23.520000457763672,22.969999313354492,23.399999618530273,66821000
2023-03-17,13.125609397888184,23.510000228881836,23.510000228881836,22.860000610351562,23.100000381469727,93502700
2023-03-20,12.801795959472656,22.93000030517578,23.649999618530273,22.889999389648438,23.510000228881836,57575200
2023-03-21,13.064194679260254,23.399999618530273,23.600000381469727,23.079999923706055,23.200000762939453,43391200
2023-03-22,13.025115966796875,23.329999923706055,23.6200008392334,23.040000915527344,23.389999389648438,46435600
2023-03-23,12.729215621948242,22.799999237060547,23.670000076293945,22.59000015258789,23.3700008392334,74711200
2023-03-24,12.72363567352295,22.790000915527344,23.1299991607666,22.479999542236328,22.709999084472656,52556800
2023-03-27,12.941370010375977,23.18000030517578,23.360000610351562,22.829999923706055,23.110000610351562,39148700
2023-03-28,13.170271873474121,23.59000015258789,23.639999389648438,23.149999618530273,23.219999313354492,29091100
2023-03-29,13.343344688415527,23.899999618530273,24.040000915527344,23.469999313354492,23.709999084472656,49148600
2023-03-30,13.382427215576172,23.969999313354492,24.280000686645508,23.68000030517578,24.25,56116900
2023-03-31,13.092111587524414,23.450000762939453,24.219999313354492,23.209999084472656,24.0,59547800
2023-04-03,13.672741889953613,24.489999771118164,24.5,23.799999237060547,24.09000015258789,73931200
2023-04-04,13.549918174743652,24.270000457763672,24.760000228881836,24.100000381469727,24.6299991607666,57505700
2023-04-05,13.594579696655273,24.350000381469727,24.530000686645508,23.270000457763672,24.190000534057617,93626400
2023-04-06,13.399173736572266,24.0,24.420000076293945,23.950000762939453,24.34000015258789,29565400
2023-04-10,13.683908462524414,24.510000228881836,24.65999984741211,24.030000686645508,24.030000686645508,41455900
2023-04-11,14.32595157623291,25.65999984741211,25.700000762939453,24.6299991607666,24.700000762939453,80565000
2023-04-12,14.432029724121094,25.850000381469727,26.149999618530273,25.18000030517578,25.979999542236328,71563400
2023-04-13,14.53252124786377,26.030000686645508,26.09000015258789,25.799999237060547,25.850000381469727,38852800
2023-04-14,14.68326187133789,26.299999237060547,26.399999618530273,25.719999313354492,25.799999237060547,38421100
2023-04-17,14.912162780761719,26.709999084472656,26.799999237060547,26.209999084472656,26.239999771118164,49427100
2023-04-18,15.291807174682617,27.389999389648438,27.6200008392334,26.520000457763672,26.709999084472656,99478800
2023-04-19,14.800506591796875,26.510000228881836,27.309999465942383,26.450000762939453,27.15999984741211,73217800
2023-04-20,14.901000022888184,26.690000534057617,26.979999542236328,26.290000915527344,26.520000457763672,54738400
2023-04-24,15.185733795166016,27.200000762939453,27.260000228881836,26.5,26.600000381469727,43820900
2023-04-25,15.124317169189453,27.09000015258789,27.5,26.719999313354492,27.15999984741211,53854100
2023-04-26,14.934496879577637,26.75,27.219999313354492,26.75,27.1200008392334,40249400
2023-04-27,14.571602821350098,26.100000381469727,27.18000030517578,25.90999984741211,26.850000381469727,115632700
2023-04-28,14.905023574829102,23.700000762939453,24.049999237060547,23.149999618530273,23.600000381469727,81138500
2023-05-02,14.301276206970215,22.739999771118164,23.739999771118164,22.639999389648438,23.700000762939453,67911100
2023-05-03,14.25096607208252,22.65999984741211,22.989999771118164,22.420000076293945,22.600000381469727,51133700
2023-05-04,14.477372169494629,23.020000457763672,23.3799991607666,22.610000610351562,22.889999389648438,57854400
2023-05-05,15.09369945526123,24.0,24.170000076293945,23.18000030517578,23.299999237060547,83365200
2023-05-08,15.414438247680664,24.510000228881836,24.6299991607666,24.209999084472656,24.450000762939453,59352300
2023-05-09,15.46474838256836,24.59000015258789,24.799999237060547,24.239999771118164,24.40999984741211,33978200
2023-05-10,15.42701530456543,24.530000686645508,24.81999969482422,24.329999923706055,24.59000015258789,41500700
2023-05-11,15.993030548095703,25.43000030517578,25.479999542236328,23.93000030517578,24.1299991607666,136878100
2023-05-12,16.508729934692383,26.25,26.739999771118164,25.479999542236328,25.579999923706055,117237500
2023-05-15,16.137676239013672,25.65999984741211,26.149999618530273,25.399999618530273,26.059999465942383,81996700
2023-05-16,16.54017448425293,26.299999237060547,27.030000686645508,26.079999923706055,26.110000610351562,117782700
2023-05-17,16.137676239013672,25.65999984741211,26.760000228881836,25.510000228881836,26.600000381469727,107129200
2023-05-18,16.232011795043945,25.809999465942383,25.850000381469727,25.350000381469727,25.59000015258789,63010500
2023-05-19,16.206857681274414,25.770000457763672,26.18000030517578,25.639999389648438,26.079999923706055,69245500
2023-05-22,16.11252212524414,25.6200008392334,26.010000228881836,25.5,25.8799991607666,38010200
2023-05-23,16.508729934692383,26.25,26.43000030517578,25.520000457763672,25.649999618530273,58285300
2023-05-24,16.760292053222656,26.649999618530273,26.899999618530273,26.049999237060547,26.25,54796400
2023-05-25,16.63450813293457,26.450000762939453,26.84000015258789,26.190000534057617,26.799999237060547,49182700
2023-05-26,16.854625701904297,26.799999237060547,26.90999984741211,26.530000686645508,26.809999465942383,39866600
2023-05-29,16.78544807434082,26.690000534057617,26.81999969482422,26.559999465942383,26.75,17977100
2023-05-30,16.59677505493164,26.389999389648438,26.799999237060547,26.260000228881836,26.719999313354492,45736700
2023-05-31,16.426973342895508,26.1200008392334,26.360000610351562,25.8700008392334,26.270000457763672,49207600
2023-06-01,16.955251693725586,26.959999084472656,27.0,26.15999984741211,26.299999237060547,63148200
2023-06-02,17.093608856201172,27.18000030517578,27.600000381469727,27.110000610351562,27.43000030517578,39919300
2023-06-05,17.27599334716797,27.469999313354492,27.559999465942383,27.229999542236328,27.540000915527344,39321700
2023-06-06,17.640756607055664,28.049999237060547,28.25,27.209999084472656,27.450000762939453,75426600
2023-06-07,18.15645980834961,28.8700008392334,29.059999465942383,28.43000030517578,28.649999618530273,82330400
2023-06-09,19.043214797973633,30.280000686645508,30.389999389648438,29.020000457763672,29.100000381469727,80442400
2023-06-12,19.376535415649414,30.809999465942383,30.989999771118164,30.040000915527344,30.219999313354492,119350400
2023-06-13,19.33872413635254,28.860000610351562,29.239999771118164,28.59000015258789,29.239999771118164,79174900
2023-06-14,20.169631958007812,30.100000381469727,30.100000381469727,28.8799991607666,28.940000534057617,98326000
2023-06-15,19.69386863708496,29.389999389648438,30.850000381469727,29.280000686645508,30.200000762939453,120579500
2023-06-16,19.861391067504883,29.639999389648438,29.920000076293945,29.040000915527344,29.229999542236328,94572000
2023-06-19,20.384057998657227,30.420000076293945,30.459999084472656,29.549999237060547,29.6299991607666,34573900
2023-06-20,20.48457145690918,30.56999969482422,30.75,29.899999618530273,30.299999237060547,55605300
2023-06-21,21.342281341552734,31.850000381469727,32.0,30.850000381469727,30.93000030517578,89294300
2023-06-22,21.074251174926758,31.450000762939453,31.690000534057617,31.079999923706055,31.459999084472656,43455800
2023-06-23,20.209835052490234,30.15999984741211,31.280000686645508,29.889999389648438,31.200000762939453,76023400
2023-06-26,20.665494918823242,30.84000015258789,31.049999237060547,30.1200008392334,30.1200008392334,53635000
2023-06-27,20.504674911499023,30.600000381469727,31.200000762939453,30.34000015258789,30.93000030517578,48399600
2023-06-28,20.699003219604492,30.889999389648438,31.18000030517578,30.549999237060547,30.579999923706055,36794600
2023-06-29,20.792814254760742,31.030000686645508,31.1200008392334,30.760000228881836,31.0,32071800
2023-06-30,19.787681579589844,29.530000686645508,31.079999923706055,29.31999969482422,31.0,104262900
2023-07-03,20.156230926513672,30.079999923706055,30.18000030517578,29.719999313354492,29.719999313354492,31266900
2023-07-04,20.203134536743164,30.149999618530273,30.389999389648438,29.959999084472656,29.959999084472656,18308000
2023-07-05,20.17633628845215,30.110000610351562,30.549999237060547,29.65999984741211,30.15999984741211,53585500
2023-07-06,19.86808967590332,29.649999618530273,30.0,29.149999618530273,29.850000381469727,47685700
2023-07-07,19.767576217651367,29.5,30.200000762939453,29.360000610351562,29.760000228881836,55533500
2023-07-10,19.801082611083984,29.549999237060547,29.670000076293945,29.010000228881836,29.110000610351562,25590200
2023-07-11,19.533050537109375,29.149999618530273,29.530000686645508,29.0,29.530000686645508,40877000
2023-07-12,19.546451568603516,29.170000076293945,29.770000457763672,29.139999389648438,29.200000762939453,40181800
2023-07-13,19.854694366455078,29.6299991607666,29.719999313354492,29.040000915527344,29.06999969482422,35886500
2023-07-14,19.46603775024414,29.049999237060547,29.579999923706055,28.860000610351562,29.5,34451100
2023-07-17,19.425832748413086,28.989999771118164,29.09000015258789,27.950000762939453,28.40999984741211,52160800
2023-07-18,19.318618774414062,28.829999923706055,29.200000762939453,28.709999084472656,29.0,35640400
2023-07-19,19.499544143676758,29.100000381469727,29.1299991607666,28.56999969482422,28.809999465942383,46517700
2023-07-20,19.5196475982666,29.1299991607666,29.350000381469727,28.8799991607666,29.06999969482422,33177100
2023-07-21,19.888195037841797,29.68000030517578,29.860000610351562,29.1299991607666,29.149999618530273,52059200
2023-07-24,20.303647994995117,30.299999237060547,30.40999984741211,29.760000228881836,29.799999237060547,45268100
2023-07-25,20.77271270751953,31.0,31.049999237060547,30.200000762939453,30.5,56261000
2023-07-26,20.77271270751953,31.0,31.219999313354492,30.6299991607666,30.950000762939453,45880200
2023-07-27,19.69386863708496,29.389999389648438,30.889999389648438,29.3799991607666,30.850000381469727,86471900
2023-07-28,19.941802978515625,29.760000228881836,29.950000762939453,29.31999969482422,29.43000030517578,43608600
2023-07-31,20.846420288085938,31.110000610351562,31.149999618530273,30.299999237060547,30.299999237060547,91290800
2023-08-01,20.504674911499023,30.600000381469727,31.09000015258789,29.950000762939453,31.09000015258789,75752400
2023-08-02,20.45777130126953,30.530000686645508,30.579999923706055,29.799999237060547,30.510000228881836,62068400
2023-08-03,20.719104766845703,30.920000076293945,31.1299991607666,30.6200008392334,30.93000030517578,57304400
2023-08-04,20.102622985839844,30.0,31.139999389648438,29.739999771118164,30.700000762939453,120685800
2023-08-07,20.22994041442871,30.190000534057617,30.5,29.860000610351562,29.860000610351562,44984900
2023-08-08,20.250043869018555,30.219999313354492,30.389999389648438,29.719999313354492,29.90999984741211,34771300
2023-08-09,20.41086196899414,30.459999084472656,30.719999313354492,30.15999984741211,30.209999084472656,48561500
2023-08-10,20.524776458740234,30.6299991607666,30.860000610351562,30.1200008392334,30.299999237060547,54020200
2023-08-11,20.477872848510742,30.559999465942383,31.040000915527344,30.15999984741211,30.610000610351562,39403200
2023-08-14,20.531478881835938,30.639999389648438,30.739999771118164,30.270000457763672,30.479999542236328,27992700
2023-08-15,20.67889976501465,30.860000610351562,32.150001525878906,30.850000381469727,32.04999923706055,87366200
2023-08-16,21.134557723999023,31.540000915527344,31.979999542236328,30.8799991607666,31.0,74461000
2023-08-17,21.067548751831055,31.440000534057617,32.189998626708984,31.309999465942383,31.75,57570600
2023-08-18,21.121152877807617,31.520000457763672,31.68000030517578,31.18000030517578,31.40999984741211,45579700
2023-08-21,20.973739624023438,31.299999237060547,32.029998779296875,30.969999313354492,31.700000762939453,42236900
2023-08-22,21.293241500854492,30.610000610351562,30.610000610351562,30.239999771118164,30.5,31372200
2023-08-23,22.4271240234375,32.2400016784668,32.2400016784668,31.09000015258789,31.200000762939453,95507400
2023-08-24,22.392335891723633,32.189998626708984,32.720001220703125,31.84000015258789,32.27000045776367,49332300
2023-08-25,22.239299774169922,31.969999313354492,32.470001220703125,31.799999237060547,32.380001068115234,34079000
2023-08-28,22.489727020263672,32.33000183105469,32.34000015258789,31.860000610351562,32.099998474121094,24956100
2023-08-29,22.538421630859375,32.400001525878906,32.5,31.989999771118164,32.400001525878906,40607500
2023-08-30,22.691457748413086,32.619998931884766,32.70000076293945,32.29999923706055,32.40999984741211,34637900
2023-08-31,22.21843147277832,31.940000534057617,32.790000915527344,31.8799991607666,32.709999084472656,48971500
2023-09-01,22.69841957092285,32.630001068115234,32.689998626708984,31.959999084472656,32.209999084472656,50089200
2023-09-04,22.461902618408203,32.290000915527344,32.720001220703125,32.209999084472656,32.68000030517578,21667400
2023-09-05,23.213180541992188,33.369998931884766,33.4900016784668,32.220001220703125,32.27000045776367,75082900
2023-09-06,23.317529678344727,33.52000045776367,33.79999923706055,33.220001220703125,33.349998474121094,57856500
2023-09-08,23.234050750732422,33.400001525878906,33.66999816894531,33.2599983215332,33.47999954223633,39074100
2023-09-11,23.213180541992188,33.369998931884766,33.689998626708984,33.33000183105469,33.470001220703125,30276200
2023-09-12,23.324481964111328,33.529998779296875,33.779998779296875,33.4900016784668,33.54999923706055,31963000
2023-09-13,22.976667404174805,33.029998779296875,33.70000076293945,33.029998779296875,33.650001525878906,47685700
2023-09-14,23.560993194580078,33.869998931884766,34.0,33.099998474121094,33.099998474121094,46502100
2023-09-15,23.57491111755371,33.88999938964844,33.9900016784668,33.61000061035156,33.869998931884766,54801500
2023-09-18,23.741863250732422,34.130001068115234,34.709999084472656,33.849998474121094,34.0,52363400
2023-09-19,23.797510147094727,34.209999084472656,34.619998931884766,34.06999969482422,34.209999084472656,43247200
2023-09-20,23.853160858154297,34.290000915527344,34.61000061035156,34.0099983215332,34.150001525878906,39102300
2023-09-21,23.484477996826172,33.7599983215332,34.290000915527344,33.630001068115234,34.0,60109400
2023-09-22,23.67229461669922,34.029998779296875,34.189998626708984,33.810001373291016,34.02000045776367,31020500
2023-09-25,23.825336456298828,34.25,34.33000183105469,33.93000030517578,33.95000076293945,26767200
2023-09-26,23.275787353515625,33.459999084472656,34.09000015258789,33.459999084472656,34.0,60687500
2023-09-27,24.013158798217773,34.52000045776367,34.52000045776367,33.779998779296875,33.86000061035156,53708700
2023-09-28,23.964462280273438,34.45000076293945,34.540000915527344,34.209999084472656,34.45000076293945,30765000
2023-09-29,24.09663200378418,34.63999938964844,34.689998626708984,34.25,34.5,40227600
2023-10-02,23.734905242919922,34.119998931884766,34.77000045776367,33.93000030517578,34.54999923706055,34403400
2023-10-03,23.63055992126465,33.970001220703125,34.22999954223633,33.630001068115234,33.970001220703125,37947300
2023-10-04,22.691457748413086,32.619998931884766,33.709999084472656,32.38999938964844,33.599998474121094,88895900
2023-10-05,22.767980575561523,32.72999954223633,32.939998626708984,32.290000915527344,32.5099983215332,35342000
2023-10-06,23.310565948486328,33.5099983215332,33.81999969482422,32.33000183105469,32.599998474121094,48132800
2023-10-09,24.31227684020996,34.95000076293945,35.08000183105469,34.099998474121094,34.150001525878906,77528400
2023-10-10,24.493141174316406,35.209999084472656,35.34000015258789,34.7400016784668,34.900001525878906,48326500
2023-10-11,24.4305362701416,35.119998931884766,35.25,34.4900016784668,35.13999938964844,41578500
2023-10-13,25.23746109008789,36.279998779296875,36.36000061035156,35.779998779296875,35.790000915527344,66943700
2023-10-16,25.51572036743164,36.68000030517578,36.79999923706055,35.959999084472656,36.400001525878906,49626600
2023-10-17,26.204391479492188,37.66999816894531,37.66999816894531,36.630001068115234,36.70000076293945,68814800
2023-10-18,26.795679092407227,38.52000045776367,38.61000061035156,37.90999984741211,37.9900016784668,85931700
2023-10-19,26.67046356201172,38.34000015258789,38.470001220703125,37.91999816894531,38.36000061035156,56016600
2023-10-20,26.32960319519043,37.849998474121094,38.86000061035156,37.38999938964844,38.689998626708984,66242400
2023-10-23,24.590530395507812,35.349998474121094,36.79999923706055,35.2599983215332,36.59000015258789,104499100
2023-10-24,24.959213256835938,35.880001068115234,36.189998626708984,35.16999816894531,35.650001525878906,78634900
2023-10-25,25.091381072998047,36.06999969482422,36.279998779296875,35.75,36.08000183105469,32846500
2023-10-26,24.834001541137695,35.70000076293945,35.93000030517578,35.150001525878906,35.849998474121094,47858600
2023-10-27,24.653135299682617,35.439998626708984,36.459999084472656,35.16999816894531,36.209999084472656,45843100
2023-10-30,24.402711868286133,35.08000183105469,35.720001220703125,34.86000061035156,35.58000183105469,31346900
2023-10-31,24.166194915771484,34.7400016784668,35.18000030517578,34.4900016784668,35.0099983215332,36965200
2023-11-01,24.4305362701416,35.119998931884766,35.540000915527344,34.900001525878906,35.02000045776367,46335300
2023-11-03,24.722700119018555,35.540000915527344,35.88999938964844,35.04999923706055,35.790000915527344,30959700
2023-11-06,24.70182991027832,35.5099983215332,36.130001068115234,35.5099983215332,35.7400016784668,33583600
2023-11-07,24.291406631469727,34.91999816894531,35.41999816894531,34.65999984741211,35.06999969482422,48919900
2023-11-08,23.769685745239258,34.16999816894531,34.79999923706055,33.90999984741211,34.599998474121094,59742900
2023-11-09,24.26358413696289,34.880001068115234,35.150001525878906,34.36000061035156,34.5,56231100
2023-11-10,24.15228271484375,34.720001220703125,35.060001373291016,34.5099983215332,34.65999984741211,40004800
2023-11-13,24.827043533325195,35.689998626708984,35.75,34.66999816894531,34.68000030517578,44120000
2023-11-14,25.16790199279785,36.18000030517578,36.2400016784668,35.4900016784668,35.689998626708984,50888600
2023-11-16,24.729652404785156,35.54999923706055,36.4900016784668,35.5,35.97999954223633,72361200
2023-11-17,25.536584854125977,36.709999084472656,36.91999816894531,35.81999969482422,35.83000183105469,87666300
2023-11-20,25.55745506286621,36.7400016784668,37.220001220703125,36.27000045776367,36.77000045776367,67796900
2023-11-21,25.293113708496094,36.36000061035156,36.540000915527344,35.90999984741211,36.540000915527344,49597800
2023-11-22,25.41691017150879,35.15999984741211,35.15999984741211,34.25,34.900001525878906,58578300
2023-11-23,25.42413902282715,35.16999816894531,35.25,34.810001373291016,35.130001068115234,24068100
2023-11-24,25.496429443359375,35.27000045776367,35.81999969482422,34.709999084472656,34.97999954223633,53456200
2023-11-27,25.35185432434082,35.06999969482422,35.400001525878906,34.75,35.0,36996000
2023-11-28,25.734983444213867,35.599998474121094,35.619998931884766,35.150001525878906,35.16999816894531,36875900
2023-11-29,25.467514038085938,35.22999954223633,36.029998779296875,34.939998626708984,35.900001525878906,37528600
2023-11-30,25.959081649780273,35.90999984741211,35.91999816894531,35.2400016784668,35.459999084472656,58808800
2023-12-01,25.78558349609375,35.66999816894531,36.0,35.529998779296875,35.720001220703125,36388100
2023-12-04,25.236188888549805,34.90999984741211,35.54999923706055,34.849998474121094,35.439998626708984,35601900
2023-12-05,25.12052345275879,34.75,35.16999816894531,34.68000030517578,34.91999816894531,43234200
2023-12-06,24.21690559387207,33.5,34.79999923706055,33.5,34.54999923706055,64179200
2023-12-07,24.159074783325195,33.41999816894531,34.18000030517578,33.040000915527344,33.650001525878906,64723900
2023-12-08,24.93257713317871,34.4900016784668,34.540000915527344,33.47999954223633,33.709999084472656,53290700
2023-12-11,24.838594436645508,34.36000061035156,34.689998626708984,34.2400016784668,34.459999084472656,30613300
2023-12-12,24.636186599731445,34.08000183105469,34.599998474121094,33.79999923706055,34.54999923706055,30371500
2023-12-13,24.990406036376953,34.56999969482422,34.619998931884766,34.13999938964844,34.209999084472656,38992900
2023-12-14,25.532573699951172,35.31999969482422,35.7400016784668,34.84000015258789,35.0,57950000
2023-12-15,25.590408325195312,35.400001525878906,35.790000915527344,35.0,35.279998779296875,56570100
2023-12-18,25.908475875854492,35.84000015258789,36.29999923706055,35.58000183105469,35.75,44474300
2023-12-19,26.204864501953125,36.25,36.25,35.810001373291016,35.959999084472656,32183000
2023-12-20,26.298839569091797,36.380001068115234,36.7400016784668,36.290000915527344,36.369998931884766,38947900
2023-12-21,26.30607032775879,36.38999938964844,36.68000030517578,36.06999969482422,36.66999816894531,30511900
2023-12-22,26.559083938598633,36.7400016784668,36.79999923706055,36.369998931884766,36.5,31234700
2023-12-26,26.985591888427734,37.33000183105469,37.369998931884766,36.83000183105469,36.86000061035156,23466800
2023-12-27,27.007274627685547,37.36000061035156,37.43000030517578,37.130001068115234,37.31999969482422,19588500
2023-12-28,26.920530319213867,37.2400016784668,37.36000061035156,37.040000915527344,37.22999954223633,21421900
2024-01-02,27.310890197753906,37.779998779296875,37.88999938964844,37.400001525878906,37.439998626708984,24043800
2024-01-03,28.163902282714844,38.959999084472656,39.119998931884766,37.66999816894531,37.79999923706055,52300200
2024-01-04,27.925350189208984,38.630001068115234,39.349998474121094,38.5099983215332,39.119998931884766,45344900
2024-01-05,27.990407943725586,38.720001220703125,39.13999938964844,38.40999984741211,38.869998931884766,35783700
2024-01-08,27.78076934814453,38.43000030517578,38.43000030517578,37.61000061035156,38.380001068115234,35158100
2024-01-09,27.542213439941406,38.099998474121094,38.75,38.029998779296875,38.66999816894531,27279000
2024-01-10,27.28920555114746,37.75,38.27000045776367,37.5099983215332,38.099998474121094,27382000
2024-01-11,27.52052879333496,38.06999969482422,38.150001525878906,37.70000076293945,37.97999954223633,26564400
2024-01-12,27.592815399169922,38.16999816894531,38.72999954223633,38.16999816894531,38.5,24479500
2024-01-15,27.889205932617188,38.58000183105469,38.619998931884766,37.86000061035156,37.9900016784668,13818300
2024-01-16,27.542213439941406,38.099998474121094,38.790000915527344,38.08000183105469,38.61000061035156,31277700
2024-01-17,27.383180618286133,37.880001068115234,38.150001525878906,37.81999969482422,37.970001220703125,27577300
2024-01-18,27.274749755859375,37.72999954223633,38.13999938964844,37.560001373291016,38.13999938964844,22987200
2024-01-19,27.130168914794922,37.529998779296875,37.900001525878906,37.22999954223633,37.810001373291016,31745200
2024-01-22,27.25305938720703,37.70000076293945,37.810001373291016,37.22999954223633,37.5,22753700
2024-01-23,27.592815399169922,38.16999816894531,38.369998931884766,37.43000030517578,37.84000015258789,32498500
2024-01-24,27.383180618286133,37.880001068115234,38.540000915527344,37.77000045776367,38.290000915527344,25415300
2024-01-25,28.39522361755371,39.279998779296875,39.279998779296875,38.130001068115234,38.2599983215332,48655300
2024-01-26,28.886795043945312,39.959999084472656,40.09000015258789,38.90999984741211,39.099998474121094,41378200
2024-01-29,29.3277587890625,40.56999969482422,40.59000015258789,39.83000183105469,40.0,30547500
2024-01-30,29.14703941345215,40.31999969482422,40.7400016784668,40.04999923706055,40.16999816894531,34829000
2024-01-31,29.465112686157227,40.7599983215332,41.2400016784668,40.18000030517578,40.22999954223633,57978900
2024-02-01,30.050655364990234,41.56999969482422,41.880001068115234,40.66999816894531,40.779998779296875,61629200
2024-02-02,29.66029167175293,41.029998779296875,41.779998779296875,41.02000045776367,41.58000183105469,36485600
2024-02-05,29.790409088134766,41.209999084472656,41.68000030517578,40.93000030517578,41.0099983215332,27703000
2024-02-06,30.06511688232422,41.59000015258789,42.349998474121094,41.27000045776367,41.45000076293945,35474600
2024-02-07,30.506072998046875,42.20000076293945,42.20000076293945,41.41999816894531,41.52000045776367,30648100
2024-02-08,30.26029396057129,41.86000061035156,42.45000076293945,41.86000061035156,42.29999923706055,25589100
2024-02-09,29.855470657348633,41.29999923706055,42.33000183105469,41.29999923706055,42.13999938964844,30388000
2024-02-14,29.63137435913086,40.9900016784668,41.400001525878906,40.86000061035156,41.099998474121094,18315300
2024-02-15,30.578367233276367,42.29999923706055,42.29999923706055,40.849998474121094,41.0099983215332,33246400
2024-02-16,30.86029052734375,42.689998626708984,42.88999938964844,42.060001373291016,42.09000015258789,37268900
2024-02-19,31.012100219726562,42.900001525878906,42.939998626708984,42.560001373291016,42.7599983215332,12826700
2024-02-20,30.686800003051758,42.45000076293945,42.81999969482422,42.099998474121094,42.77000045776367,42375400
2024-02-21,30.730173110961914,42.5099983215332,42.720001220703125,42.130001068115234,42.45000076293945,20873800
2024-02-22,30.498851776123047,42.189998626708984,42.68000030517578,41.79999923706055,42.66999816894531,32162800
2024-02-23,30.289207458496094,41.900001525878906,42.2400016784668,41.61000061035156,42.13999938964844,43924500
2024-02-26,30.86029052734375,42.689998626708984,42.72999954223633,41.83000183105469,41.900001525878906,25885700
2024-02-27,30.81692123413086,42.630001068115234,42.81999969482422,42.380001068115234,42.70000076293945,27678100
2024-02-28,29.226560592651367,40.43000030517578,42.939998626708984,39.83000183105469,42.52000045776367,112322000
2024-02-29,29.01691436767578,40.13999938964844,41.2400016784668,39.849998474121094,40.59000015258789,61899800
2024-03-01,29.04583168029785,40.18000030517578,40.849998474121094,40.13999938964844,40.349998474121094,31248500
2024-03-04,28.973543167114258,40.08000183105469,40.75,40.02000045776367,40.27000045776367,21988000
2024-03-05,28.886795043945312,39.959999084472656,40.369998931884766,39.61000061035156,40.099998474121094,30293300
2024-03-06,29.5229434967041,40.84000015258789,40.84000015258789,40.11000061035156,40.20000076293945,45481000
2024-03-07,29.19763946533203,40.38999938964844,40.939998626708984,40.279998779296875,40.63999938964844,50199800
2024-03-08,26.53016471862793,36.70000076293945,37.060001373291016,35.099998474121094,35.900001525878906,230369800
2024-03-11,25.771127700805664,35.650001525878906,37.7400016784668,35.29999923706055,35.66999816894531,127528700
2024-03-12,26.616912841796875,36.81999969482422,37.22999954223633,36.15999984741211,36.349998474121094,76139100
2024-03-13,26.298839569091797,36.380001068115234,37.33000183105469,36.310001373291016,36.900001525878906,45140600
2024-03-14,26.18317985534668,36.220001220703125,36.91999816894531,36.150001525878906,36.7400016784668,39983400
2024-03-15,26.25546646118164,36.31999969482422,36.45000076293945,35.939998626708984,36.29999923706055,59362500
2024-03-18,26.269920349121094,36.34000015258789,36.720001220703125,35.5,36.40999984741211,35326100
2024-03-19,26.07474136352539,36.06999969482422,36.849998474121094,35.560001373291016,36.38999938964844,48540800
2024-03-20,26.53016471862793,36.70000076293945,36.7400016784668,35.810001373291016,36.22999954223633,39017900
2024-03-21,25.807275772094727,35.70000076293945,37.060001373291016,35.68000030517578,36.849998474121094,47220200
2024-03-22,26.06028175354004,36.04999923706055,36.220001220703125,35.43000030517578,35.900001525878906,34426800
2024-03-25,26.457874298095703,36.599998474121094,36.83000183105469,36.15999984741211,36.18000030517578,26951500
2024-03-26,26.212087631225586,36.2599983215332,36.66999816894531,36.16999816894531,36.66999816894531,24837800
2024-03-27,26.421730041503906,36.54999923706055,36.65999984741211,36.119998931884766,36.279998779296875,19995700
2024-03-28,27.007274627685547,37.36000061035156,37.52000045776367,36.470001220703125,36.5,31958200
2024-04-01,27.2169189453125,37.650001525878906,37.709999084472656,37.209999084472656,37.5,23697800
2024-04-02,27.918115615844727,38.619998931884766,38.650001525878906,37.77000045776367,37.81999969482422,45930700
2024-04-03,27.773540496826172,38.41999816894531,39.0099983215332,38.220001220703125,38.70000076293945,31437200
2024-04-04,27.455469131469727,37.97999954223633,39.47999954223633,37.43000030517578,38.470001220703125,165566800
2024-04-05,27.542213439941406,38.099998474121094,38.56999969482422,37.16999816894531,37.900001525878906,65469200
2024-04-08,27.925350189208984,38.630001068115234,39.060001373291016,37.72999954223633,38.029998779296875,36384400
2024-04-09,27.997636795043945,38.72999954223633,39.13999938964844,38.060001373291016,38.900001525878906,36989300
2024-04-10,28.619321823120117,39.59000015258789,39.72999954223633,38.65999984741211,38.72999954223633,55821500
2024-04-11,28.409690856933594,39.29999923706055,39.7599983215332,39.20000076293945,39.599998474121094,33195300
2024-04-12,28.149446487426758,38.939998626708984,40.04999923706055,38.70000076293945,39.720001220703125,39613500
2024-04-15,28.41691780090332,39.310001373291016,39.45000076293945,38.630001068115234,38.939998626708984,28692000
2024-04-16,28.54703712463379,39.4900016784668,39.709999084472656,38.95000076293945,39.0099983215332,37303000
2024-04-17,28.756669998168945,39.779998779296875,39.95000076293945,39.34000015258789,39.4900016784668,39221700
2024-04-18,28.80727767944336,39.849998474121094,40.59000015258789,39.650001525878906,40.0,45078800
2024-04-19,29.298847198486328,40.529998779296875,41.06999969482422,39.84000015258789,40.04999923706055,80546900
2024-04-22,30.000049591064453,41.5,41.59000015258789,40.52000045776367,40.7599983215332,51775500
2024-04-23,29.942218780517578,41.41999816894531,41.630001068115234,40.959999084472656,41.400001525878906,35456900
2024-04-24,29.804868698120117,41.22999954223633,41.9900016784668,41.209999084472656,41.54999923706055,45388300
2024-04-25,30.520536422729492,42.220001220703125,42.47999954223633,41.08000183105469,41.400001525878906,66372400
2024-04-26,30.951566696166992,41.650001525878906,41.779998779296875,41.06999969482422,41.290000915527344,31899100
2024-04-29,31.32314109802246,42.150001525878906,42.150001525878906,41.31999969482422,41.47999954223633,27886000
2024-04-30,31.226533889770508,42.02000045776367,42.209999084472656,41.619998931884766,42.0,36635400
2024-05-02,31.34543228149414,42.18000030517578,42.380001068115234,41.84000015258789,42.25,33244700
2024-05-03,30.946687698364258,39.88999938964844,40.689998626708984,39.45000076293945,40.689998626708984,45114200
2024-05-06,31.156150817871094,40.15999984741211,40.36000061035156,39.720001220703125,39.869998931884766,22977200
2024-05-07,31.536298751831055,40.650001525878906,40.650001525878906,40.0,40.150001525878906,23808600
2024-05-08,32.01728820800781,41.27000045776367,41.33000183105469,40.310001373291016,40.349998474121094,25352000
2024-05-09,32.32761001586914,41.66999816894531,41.84000015258789,40.939998626708984,41.060001373291016,27206400
2024-05-10,32.25779724121094,41.58000183105469,42.09000015258789,41.5,41.84000015258789,27968700
2024-05-13,32.288822174072266,41.619998931884766,41.970001220703125,41.5099983215332,41.7400016784668,18394300
2024-05-14,31.70697021484375,40.869998931884766,41.29999923706055,40.15999984741211,40.7599983215332,53613200
2024-05-15,29.790748596191406,38.400001525878906,38.810001373291016,37.5,37.599998474121094,131281100
2024-05-16,28.921850204467773,37.279998779296875,38.650001525878906,37.2400016784668,38.29999923706055,83168500
2024-05-17,28.46412467956543,36.689998626708984,37.41999816894531,36.5099983215332,37.349998474121094,67207900
2024-05-20,28.510677337646484,36.75,37.2400016784668,36.630001068115234,36.72999954223633,40400400
2024-05-21,28.45636558532715,36.68000030517578,37.09000015258789,36.56999969482422,36.790000915527344,27967400
2024-05-22,28.844268798828125,37.18000030517578,37.459999084472656,36.40999984741211,36.5,36528800
2024-05-23,28.557222366333008,36.810001373291016,37.709999084472656,36.56999969482422,37.439998626708984,47987800
2024-05-24,28.402061462402344,36.61000061035156,37.189998626708984,36.56999969482422,37.06999969482422,23684700
2024-05-27,28.71238136291504,37.0099983215332,37.08000183105469,36.689998626708984,36.720001220703125,13623300
2024-05-28,29.32526397705078,37.79999923706055,38.290000915527344,37.40999984741211,37.439998626708984,46437700
2024-05-29,29.286474227905273,37.75,37.91999816894531,37.439998626708984,37.709999084472656,29246800
2024-05-31,30.09330940246582,38.790000915527344,38.88999938964844,37.900001525878906,37.93000030517578,53929400
2024-06-03,29.930389404296875,38.58000183105469,38.93000030517578,38.439998626708984,38.83000183105469,43454500
2024-06-04,29.5967960357666,38.150001525878906,38.43000030517578,37.70000076293945,38.400001525878906,34090200
2024-06-05,29.63558578491211,38.20000076293945,38.43000030517578,38.06999969482422,38.2599983215332,18627100
2024-06-06,29.775232315063477,38.380001068115234,38.720001220703125,38.27000045776367,38.279998779296875,25944100
2024-06-07,28.6580753326416,36.939998626708984,38.470001220703125,36.86000061035156,38.220001220703125,46003600
2024-06-10,29.0925235748291,37.5,38.060001373291016,37.119998931884766,37.189998626708984,32560900
2024-06-11,29.21664810180664,37.65999984741211,38.0,37.5,37.810001373291016,31131300
2024-06-12,28.580915451049805,35.81999969482422,37.04999923706055,35.61000061035156,36.95000076293945,52182400
2024-06-13,28.293672561645508,35.459999084472656,36.189998626708984,34.849998474121094,35.900001525878906,46233500
2024-06-14,27.67130470275879,34.68000030517578,35.5,34.150001525878906,35.4900016784668,53534900
2024-06-17,27.775035858154297,34.810001373291016,35.130001068115234,34.27000045776367,34.40999984741211,40941800
2024-06-18,28.644746780395508,35.900001525878906,36.13999938964844,34.81999969482422,34.88999938964844,36180700
2024-06-19,28.66868782043457,35.93000030517578,36.119998931884766,35.56999969482422,35.900001525878906,20776200
2024-06-20,29.12348747253418,36.5,36.88999938964844,36.20000076293945,36.220001220703125,39442900
2024-06-21,29.275089263916016,36.689998626708984,36.959999084472656,36.380001068115234,36.54999923706055,43340200
2024-06-24,29.5703182220459,37.060001373291016,37.060001373291016,36.47999954223633,36.84000015258789,24599400
2024-06-25,29.54637908935547,37.029998779296875,37.119998931884766,36.7599983215332,37.04999923706055,18572600
2024-06-26,29.594257354736328,37.09000015258789,37.119998931884766,36.709999084472656,36.79999923706055,25553200
2024-06-27,30.088958740234375,37.709999084472656,37.959999084472656,37.31999969482422,37.5099983215332,37731000
2024-06-28,30.360244750976562,38.04999923706055,38.16999816894531,37.709999084472656,37.79999923706055,22019700
2024-07-01,30.82302474975586,38.630001068115234,38.7599983215332,38.18000030517578,38.310001373291016,24963500
2024-07-02,30.727277755737305,38.5099983215332,39.099998474121094,38.439998626708984,38.83000183105469,33346200
2024-07-03,30.19268035888672,37.84000015258789,38.790000915527344,37.7599983215332,38.70000076293945,38509400
2024-07-04,29.777772903442383,37.31999969482422,37.959999084472656,37.119998931884766,37.900001525878906,32698800
2024-07-05,29.93735122680664,37.52000045776367,37.650001525878906,37.11000061035156,37.45000076293945,32758800
2024-07-08,30.67142677307129,38.439998626708984,38.52000045776367,37.290000915527344,37.47999954223633,48845900
2024-07-09,30.66344451904297,38.43000030517578,38.70000076293945,38.27000045776367,38.45000076293945,34832500
2024-07-10,30.376197814941406,38.06999969482422,38.560001373291016,37.97999954223633,38.4900016784668,32899700
2024-07-11,30.58365821838379,38.33000183105469,38.45000076293945,38.11000061035156,38.15999984741211,17229400
2024-07-12,30.440034866333008,38.150001525878906,38.5099983215332,38.13999938964844,38.43000030517578,15779100
2024-07-15,30.719297409057617,38.5,38.72999954223633,38.20000076293945,38.29999923706055,22969200
2024-07-16,30.639511108398438,38.400001525878906,38.5,38.11000061035156,38.349998474121094,19637000
2024-07-17,30.799087524414062,38.599998474121094,38.689998626708984,38.34000015258789,38.43000030517578,24606100
2024-07-18,30.74323081970215,38.529998779296875,38.65999984741211,38.349998474121094,38.5,21315500
2024-07-19,30.870899200439453,38.689998626708984,38.77000045776367,38.38999938964844,38.5,30593100
2024-07-22,30.256513595581055,37.91999816894531,38.59000015258789,37.880001068115234,38.59000015258789,25807800
2024-07-23,29.86553955078125,37.43000030517578,38.0,37.43000030517578,37.91999816894531,25284700
2024-07-24,30.10491371154785,37.72999954223633,38.0,37.5,37.65999984741211,23863800
2024-07-25,30.065017700195312,37.68000030517578,37.75,37.27000045776367,37.560001373291016,19562600
2024-07-26,30.033100128173828,37.63999938964844,38.130001068115234,37.41999816894531,37.66999816894531,32043200
2024-07-29,29.426692962646484,36.880001068115234,37.720001220703125,36.41999816894531,37.5099983215332,39790000
2024-07-30,29.24317741394043,36.650001525878906,36.77000045776367,36.38999938964844,36.5099983215332,16040700
2024-07-31,29.849586486816406,37.40999984741211,37.40999984741211,36.959999084472656,37.04999923706055,28561100
2024-08-01,29.394777297973633,36.84000015258789,37.83000183105469,36.790000915527344,37.75,29756300
2024-08-02,28.509103775024414,35.72999954223633,36.79999923706055,35.72999954223633,36.720001220703125,36483900
2024-08-05,28.485172271728516,35.70000076293945,35.70000076293945,34.599998474121094,34.79999923706055,44765900
2024-08-06,28.97986602783203,36.31999969482422,36.65999984741211,35.34000015258789,35.599998474121094,36009000
2024-08-07,28.939971923828125,36.27000045776367,36.75,36.0,36.70000076293945,25020500
2024-08-08,29.402751922607422,36.849998474121094,36.95000076293945,36.15999984741211,36.349998474121094,29870300
2024-08-09,29.131467819213867,36.5099983215332,36.95000076293945,35.58000183105469,36.130001068115234,66082100
2024-08-12,29.793729782104492,37.34000015258789,37.810001373291016,36.79999923706055,36.79999923706055,39655100
2024-08-13,29.61020851135254,37.11000061035156,37.630001068115234,36.970001220703125,37.529998779296875,28557200
2024-08-14,30.128849029541016,37.7599983215332,38.0,37.15999984741211,37.189998626708984,37955500
2024-08-15,30.591632843017578,38.34000015258789,38.560001373291016,38.0,38.04999923706055,33409000
2024-08-16,30.719297409057617,38.5,38.77000045776367,38.029998779296875,38.16999816894531,35472700
2024-08-19,30.67142677307129,38.439998626708984,38.790000915527344,38.400001525878906,38.599998474121094,28138200
2024-08-20,30.551742553710938,38.290000915527344,38.68000030517578,37.88999938964844,38.5,27322600
2024-08-21,30.36822509765625,38.060001373291016,38.790000915527344,37.939998626708984,38.68000030517578,38491900
2024-08-22,30.461116790771484,37.119998931884766,37.29999923706055,36.86000061035156,37.279998779296875,26334300
2024-08-23,30.272375106811523,36.88999938964844,37.529998779296875,36.88999938964844,37.369998931884766,29239000
2024-08-26,32.47161865234375,39.56999969482422,39.61000061035156,37.709999084472656,37.86000061035156,102270300
2024-08-27,32.03668975830078,39.040000915527344,39.369998931884766,38.95000076293945,39.25,35073100
2024-08-28,32.49623489379883,39.599998474121094,39.86000061035156,38.779998779296875,38.939998626708984,43284500
2024-08-29,32.2746696472168,39.33000183105469,39.83000183105469,39.279998779296875,39.650001525878906,25356600
2024-08-30,32.3074951171875,39.369998931884766,39.650001525878906,38.880001068115234,39.220001220703125,84437200
2024-09-02,32.00386428833008,39.0,39.400001525878906,38.88999938964844,39.33000183105469,15288400
2024-09-03,31.618175506591797,38.529998779296875,38.81999969482422,38.380001068115234,38.790000915527344,35866300
2024-09-04,31.62638282775879,38.540000915527344,38.91999816894531,38.52000045776367,38.7400016784668,28851300
2024-09-05,31.4294376373291,38.29999923706055,38.88999938964844,38.29999923706055,38.650001525878906,26206600
2024-09-06,30.813983917236328,37.54999923706055,38.45000076293945,37.470001220703125,38.369998931884766,32971700
2024-09-09,31.15042495727539,37.959999084472656,38.25,37.61000061035156,37.84000015258789,30521800
2024-09-10,30.633441925048828,37.33000183105469,37.91999816894531,37.0,37.91999816894531,37263500
2024-09-11,30.60062026977539,37.290000915527344,37.83000183105469,36.869998931884766,37.7599983215332,32907000
2024-09-12,30.255958557128906,36.869998931884766,37.31999969482422,36.75,37.290000915527344,22103300
2024-09-13,30.116458892822266,36.70000076293945,37.54999923706055,36.59000015258789,37.11000061035156,34729600
2024-09-16,30.534971237182617,37.209999084472656,37.720001220703125,37.15999984741211,37.2400016784668,22614800
2024-09-17,30.39546775817871,37.040000915527344,37.189998626708984,36.70000076293945,37.16999816894531,23443700
2024-09-18,29.665119171142578,36.150001525878906,36.93000030517578,36.150001525878906,36.90999984741211,38777000
2024-09-19,29.763593673706055,36.27000045776367,36.779998779296875,36.189998626708984,36.56999969482422,25059700
2024-09-20,29.75538444519043,36.2599983215332,36.400001525878906,36.06999969482422,36.27000045776367,48336200
2024-09-23,30.059019088745117,36.630001068115234,36.959999084472656,36.220001220703125,36.38999938964844,28218500
2024-09-24,30.182106018066406,36.779998779296875,37.310001373291016,36.720001220703125,37.22999954223633,35104100
2024-09-25,30.403671264648438,37.04999923706055,37.43000030517578,36.959999084472656,37.099998474121094,38655300
2024-09-26,29.747182846069336,36.25,36.91999816894531,35.970001220703125,36.91999816894531,58048200
2024-09-27,29.632295608520508,36.11000061035156,36.380001068115234,35.93000030517578,36.380001068115234,34537400
2024-09-30,29.55023765563965,36.0099983215332,36.279998779296875,35.91999816894531,36.15999984741211,21146300
2024-10-01,30.33802604675293,36.970001220703125,37.52000045776367,35.83000183105469,36.0099983215332,49748200
2024-10-02,30.75653076171875,37.47999954223633,37.93000030517578,37.349998474121094,37.75,32014500
2024-10-03,31.134016036987305,37.939998626708984,38.040000915527344,37.209999084472656,37.439998626708984,31033000
2024-10-04,31.05195426940918,37.84000015258789,38.20000076293945,37.66999816894531,38.150001525878906,22526800
2024-10-07,31.486881256103516,38.369998931884766,38.380001068115234,37.900001525878906,38.040000915527344,36418000
2024-10-08,30.855010986328125,37.599998474121094,37.75,37.45000076293945,37.470001220703125,34142000
2024-10-09,30.543174743652344,37.220001220703125,37.52000045776367,37.0099983215332,37.369998931884766,30789800
2024-10-10,30.896041870117188,37.650001525878906,37.7400016784668,37.31999969482422,37.400001525878906,20630100
2024-10-11,30.87141990661621,37.619998931884766,37.650001525878906,37.31999969482422,37.599998474121094,16343000
2024-10-14,30.945280075073242,37.709999084472656,37.900001525878906,37.349998474121094,37.470001220703125,22279000
2024-10-15,30.69089126586914,37.400001525878906,37.40999984741211,37.060001373291016,37.209999084472656,28204600
2024-10-16,30.534971237182617,37.209999084472656,37.58000183105469,37.189998626708984,37.54999923706055,23041200
2024-10-17,30.305198669433594,36.93000030517578,37.209999084472656,36.689998626708984,37.209999084472656,22174300
2024-10-18,30.2231388092041,36.83000183105469,37.06999969482422,36.40999984741211,36.97999954223633,32000800
2024-10-21,29.747182846069336,36.25,37.04999923706055,36.20000076293945,37.0,28390000
2024-10-22,29.632295608520508,36.11000061035156,36.29999923706055,35.9900016784668,36.20000076293945,29144300
2024-10-23,29.263023376464844,35.65999984741211,35.939998626708984,35.56999969482422,35.90999984741211,30769100
2024-10-24,29.4599666595459,35.900001525878906,36.029998779296875,35.560001373291016,35.849998474121094,23058900
2024-10-25,29.665119171142578,36.150001525878906,36.4900016784668,35.849998474121094,35.959999084472656,32585900
2024-10-28,29.61588478088379,36.09000015258789,36.130001068115234,35.34000015258789,35.4900016784668,27507100
2024-10-29,29.55023765563965,36.0099983215332,36.41999816894531,35.79999923706055,36.33000183105469,26090200
2024-10-30,29.418941497802734,35.849998474121094,36.369998931884766,35.849998474121094,36.119998931884766,26144700
2024-10-31,29.46817398071289,35.90999984741211,36.04999923706055,35.630001068115234,35.869998931884766,25597000
2024-11-01,29.06607437133789,35.41999816894531,36.369998931884766,35.29999923706055,36.20000076293945,30605300
2024-11-04,29.131725311279297,35.5,35.95000076293945,35.380001068115234,35.900001525878906,24003600
2024-11-05,29.041458129882812,35.38999938964844,35.599998474121094,35.029998779296875,35.5,23990600
2024-11-06,29.049663543701172,35.400001525878906,35.459999084472656,35.040000915527344,35.04999923706055,28440800
2024-11-07,29.139928817749023,35.5099983215332,35.88999938964844,35.27000045776367,35.4900016784668,34081200
2024-11-08,29.68973731994629,36.18000030517578,36.31999969482422,35.540000915527344,35.849998474121094,49865100
2024-11-11,29.747182846069336,36.25,36.41999816894531,35.900001525878906,35.9900016784668,21446300
2024-11-12,30.305198669433594,36.93000030517578,37.11000061035156,36.34000015258789,36.36000061035156,39412300
2024-11-13,30.2641658782959,36.880001068115234,37.06999969482422,36.529998779296875,36.95000076293945,34090000
2024-11-14,30.58420753479004,37.27000045776367,37.33000183105469,36.86000061035156,36.91999816894531,30262100
2024-11-18,31.347379684448242,38.20000076293945,38.29999923706055,37.20000076293945,37.20000076293945,39004100
2024-11-19,31.019128799438477,37.79999923706055,38.29999923706055,37.650001525878906,38.099998474121094,26002700
2024-11-21,31.109397888183594,37.90999984741211,38.130001068115234,37.54999923706055,37.970001220703125,36048400
2024-11-22,32.3485221862793,39.41999816894531,39.83000183105469,38.470001220703125,38.709999084472656,85234900
2024-11-25,32.151573181152344,39.18000030517578,39.86000061035156,39.150001525878906,39.380001068115234,41119500
2024-11-26,32.11054229736328,39.130001068115234,39.5099983215332,39.060001373291016,39.36000061035156,35188200
2024-11-27,31.99566078186035,38.9900016784668,39.36000061035156,38.75,39.20000076293945,30600700
2024-11-28,31.66741371154785,38.59000015258789,39.29999923706055,38.380001068115234,38.810001373291016,33113500
2024-11-29,31.921804428100586,38.900001525878906,39.220001220703125,38.40999984741211,38.5,44011700
2024-12-02,32.12696075439453,39.150001525878906,39.400001525878906,38.77000045776367,38.900001525878906,31711800
2024-12-03,32.4141731262207,39.5,39.5,39.08000183105469,39.400001525878906,22536200
2024-12-04,32.209022521972656,39.25,39.86000061035156,38.97999954223633,39.5,31584400
2024-12-05,32.529056549072266,39.63999938964844,39.810001373291016,39.209999084472656,39.38999938964844,25214200
2024-12-06,32.02848434448242,39.029998779296875,39.70000076293945,38.959999084472656,39.63999938964844,31118500
2024-12-09,32.85730743408203,40.040000915527344,40.16999816894531,39.36000061035156,39.380001068115234,28548700
2024-12-10,32.98038864135742,40.189998626708984,40.43000030517578,40.11000061035156,40.29999923706055,21837600
2024-12-11,33.30864334106445,40.59000015258789,40.7599983215332,39.95000076293945,40.349998474121094,46900900
2024-12-12,32.712860107421875,38.34000015258789,38.88999938964844,38.119998931884766,38.720001220703125,38310600
2024-12-13,32.508087158203125,38.099998474121094,38.72999954223633,37.91999816894531,38.599998474121094,23235400
2024-12-16,32.3715705871582,37.939998626708984,38.2599983215332,37.83000183105469,38.189998626708984,21349400
2024-12-17,32.67873001098633,38.29999923706055,38.4900016784668,37.83000183105469,37.939998626708984,39617200
2024-12-18,31.83403968811035,37.310001373291016,38.400001525878906,37.310001373291016,38.279998779296875,58126400
2024-12-19,31.706050872802734,37.15999984741211,37.93000030517578,36.97999954223633,37.65999984741211,43268400
2024-12-20,31.441551208496094,36.849998474121094,37.349998474121094,36.709999084472656,37.15999984741211,59277400
2024-12-23,31.45008659362793,36.86000061035156,37.04999923706055,36.720001220703125,37.0,43785600
2024-12-26,31.686504364013672,35.77000045776367,36.0,35.599998474121094,35.630001068115234,22920700
2024-12-27,31.58906364440918,35.65999984741211,36.0,35.61000061035156,36.0,24167200
2024-12-30,32.058555603027344,36.189998626708984,36.369998931884766,35.77000045776367,35.779998779296875,22355600
2025-01-02,32.57234573364258,36.77000045776367,37.09000015258789,36.189998626708984,36.41999816894531,30046800
2025-01-03,32.22686767578125,36.380001068115234,37.040000915527344,36.31999969482422,36.880001068115234,23314200
2025-01-06,32.07627487182617,36.209999084472656,36.689998626708984,36.060001373291016,36.599998474121094,23760200
2025-01-07,32.75837326049805,36.97999954223633,37.25,36.29999923706055,36.54999923706055,37753300
2025-01-08,32.49262237548828,36.68000030517578,37.119998931884766,36.43000030517578,36.9900016784668,24483500
2025-01-09,32.63435363769531,36.84000015258789,36.970001220703125,36.70000076293945,36.70000076293945,11526600
2025-01-10,32.72293472290039,36.939998626708984,37.52000045776367,36.900001525878906,37.25,40328800
2025-01-13,32.838096618652344,37.06999969482422,37.529998779296875,36.970001220703125,37.29999923706055,22897100
2025-01-14,32.61663818359375,36.81999969482422,37.130001068115234,36.58000183105469,37.11000061035156,29173100
2025-01-15,33.03298568725586,37.290000915527344,37.31999969482422,36.79999923706055,36.93000030517578,32512700
2025-01-16,32.82038116455078,37.04999923706055,37.2400016784668,36.77000045776367,37.209999084472656,26733200
2025-01-17,32.9532585144043,37.20000076293945,37.400001525878906,36.849998474121094,37.0099983215332,39941100
2025-01-20,33.03298568725586,37.290000915527344,37.43000030517578,37.11000061035156,37.220001220703125,13912800
2025-01-21,33.041839599609375,37.29999923706055,37.349998474121094,36.720001220703125,37.099998474121094,23612200
2025-01-22,32.855812072753906,37.09000015258789,37.630001068115234,37.029998779296875,37.36000061035156,21832200
2025-01-23,32.6254997253418,36.83000183105469,37.40999984741211,36.70000076293945,37.119998931884766,26725700
2025-01-24,32.45718765258789,36.63999938964844,36.900001525878906,36.400001525878906,36.880001068115234,16216500
2025-01-27,32.93553924560547,37.18000030517578,37.29999923706055,36.470001220703125,36.56999969482422,29809700
2025-01-28,32.8912467956543,37.130001068115234,37.4900016784668,36.880001068115234,37.400001525878906,27621700
2025-01-29,32.68750762939453,36.900001525878906,37.33000183105469,36.7599983215332,37.20000076293945,18204400
2025-01-30,33.1215705871582,37.38999938964844,37.5099983215332,36.79999923706055,37.040000915527344,30916000
2025-01-31,33.38731384277344,37.689998626708984,38.369998931884766,37.25,37.38999938964844,37044800
2025-02-03,33.21901321411133,37.5,37.810001373291016,37.380001068115234,37.7599983215332,24877600
2025-02-04,32.8912467956543,37.130001068115234,37.349998474121094,36.81999969482422,37.29999923706055,34290300
2025-02-05,32.65207290649414,36.86000061035156,37.06999969482422,36.75,37.04999923706055,20539800
2025-02-06,32.59006118774414,36.790000915527344,37.119998931884766,36.70000076293945,36.84000015258789,17512400
2025-02-07,32.40403366088867,36.58000183105469,37.029998779296875,36.369998931884766,36.86000061035156,21438700
2025-02-10,32.6254997253418,36.83000183105469,37.029998779296875,36.720001220703125,36.810001373291016,17483300
2025-02-11,32.6254997253418,36.83000183105469,37.09000015258789,36.68000030517578,37.0099983215332,16624300
2025-02-12,32.138282775878906,36.279998779296875,36.75,36.11000061035156,36.650001525878906,37364500
2025-02-13,32.17371368408203,36.31999969482422,36.33000183105469,36.02000045776367,36.20000076293945,15351300
2025-02-14,33.16585922241211,37.439998626708984,37.58000183105469,36.400001525878906,36.439998626708984,40322000
2025-02-17,33.36960220336914,37.66999816894531,37.91999816894531,37.470001220703125,37.63999938964844,22615200
2025-02-18,33.980831146240234,38.36000061035156,38.439998626708984,37.709999084472656,37.720001220703125,44062600
2025-02-19,34.051692962646484,38.439998626708984,38.65999984741211,37.869998931884766,38.11000061035156,32648200
2025-02-20,34.10484313964844,38.5,38.56999969482422,38.310001373291016,38.41999816894531,26641200
2025-02-21,34.00740432739258,38.38999938964844,38.529998779296875,38.16999816894531,38.529998779296875,30115200
2025-02-24,33.768226623535156,38.119998931884766,38.5099983215332,37.79999923706055,38.5,27830300
2025-02-25,33.61764144897461,37.95000076293945,38.439998626708984,37.83000183105469,38.119998931884766,31960900
2025-02-26,33.61764144897461,37.95000076293945,38.25,37.75,38.25,27420200
2025-02-27,32.430606842041016,36.61000061035156,36.7400016784668,35.47999954223633,36.36000061035156,129693500
2025-02-28,31.82823944091797,35.93000030517578,36.54999923706055,35.810001373291016,36.4900016784668,55476800
2025-03-05,30.66779136657715,34.619998931884766,35.11000061035156,34.54999923706055,35.02000045776367,48552000
2025-03-06,30.348886489868164,34.2599983215332,35.119998931884766,34.029998779296875,34.810001373291016,47749600
2025-03-07,30.676647186279297,34.630001068115234,34.93000030517578,34.22999954223633,34.290000915527344,28074700
2025-03-10,30.66779136657715,34.619998931884766,34.619998931884766,34.0,34.58000183105469,35037200
2025-03-11,30.2071533203125,34.099998474121094,34.900001525878906,33.90999984741211,34.75,28805400
2025-03-12,30.2071533203125,34.099998474121094,34.400001525878906,33.959999084472656,34.15999984741211,20149100
2025-03-13,30.508337020874023,34.439998626708984,34.540000915527344,34.040000915527344,34.18000030517578,19263600
2025-03-14,31.447328567504883,35.5,35.7599983215332,34.369998931884766,34.599998474121094,41529400
2025-03-17,32.031982421875,36.15999984741211,36.40999984741211,35.599998474121094,35.61000061035156,31175900
2025-03-18,32.058555603027344,36.189998626708984,36.40999984741211,35.90999984741211,36.189998626708984,15086400
2025-03-19,32.031982421875,36.15999984741211,36.33000183105469,36.029998779296875,36.27000045776367,21180500
2025-03-20,32.10285568237305,36.2400016784668,36.47999954223633,35.7599983215332,36.15999984741211,46921900
2025-03-21,32.59892272949219,36.79999923706055,37.029998779296875,36.18000030517578,36.220001220703125,61175700
2025-03-24,32.55463409423828,36.75,36.939998626708984,36.5,36.70000076293945,20348000
2025-03-25,32.811527252197266,37.040000915527344,37.52000045776367,36.630001068115234,36.849998474121094,28036100
2025-03-26,33.1215705871582,37.38999938964844,37.630001068115234,37.150001525878906,37.150001525878906,26870300
2025-03-27,33.36960220336914,37.66999816894531,37.970001220703125,37.38999938964844,37.43000030517578,28444400
2025-03-28,33.15700149536133,37.43000030517578,37.880001068115234,37.09000015258789,37.650001525878906,22057700
2025-03-31,32.91781997680664,37.15999984741211,37.63999938964844,37.08000183105469,37.349998474121094,26049400
2025-04-01,33.041839599609375,37.29999923706055,37.970001220703125,37.20000076293945,37.29999923706055,19075600
2025-04-02,32.9532585144043,37.20000076293945,37.29999923706055,36.83000183105469,37.27000045776367,16959200
2025-04-03,31.89025115966797,36.0,36.29999923706055,35.61000061035156,36.150001525878906,65896000
2025-04-04,30.605777740478516,34.54999923706055,35.0099983215332,33.810001373291016,34.7400016784668,87263200
2025-04-07,29.39217758178711,33.18000030517578,34.54999923706055,33.11000061035156,33.91999816894531,85724900
2025-04-08,28.346885681152344,32.0,33.939998626708984,31.8799991607666,33.70000076293945,62128500
2025-04-09,29.49847984313965,33.29999923706055,33.58000183105469,31.040000915527344,31.309999465942383,106391600
2025-04-10,27.664791107177734,31.229999542236328,33.02000045776367,31.200000762939453,33.0,71250600
2025-04-11,28.214012145996094,31.850000381469727,32.29999923706055,30.780000686645508,31.5,65329400
2025-04-14,28.107711791992188,31.729999542236328,32.880001068115234,31.440000534057617,32.599998474121094,56015200
2025-04-15,27.461048126220703,31.0,31.8700008392334,30.979999542236328,31.729999542236328,58276900
2025-04-16,27.461048126220703,31.0,31.469999313354492,30.850000381469727,31.290000915527344,73227700
2025-04-17,28.003997802734375,30.850000381469727,31.18000030517578,30.459999084472656,30.670000076293945,65752700
2025-04-22,28.067541122436523,30.920000076293945,31.25,30.329999923706055,30.799999237060547,41683900
2025-04-23,27.749828338623047,30.56999969482422,31.780000686645508,30.5,31.350000381469727,71566500
2025-04-24,27.622745513916016,30.43000030517578,30.84000015258789,30.059999465942383,30.809999465942383,61589200
2025-04-25,27.70444107055664,30.520000457763672,30.729999542236328,30.200000762939453,30.34000015258789,35581500
2025-04-28,27.595510482788086,30.399999618530273,30.780000686645508,30.25,30.559999465942383,27362000
2025-04-29,27.740751266479492,30.559999465942383,30.809999465942383,30.149999618530273,30.299999237060547,33041100
2025-04-30,27.22333526611328,29.989999771118164,30.579999923706055,29.959999084472656,30.40999984741211,52798300
2025-05-02,27.967687606811523,30.809999465942383,30.809999465942383,29.969999313354492,30.200000762939453,33146600
2025-05-05,26.923778533935547,29.65999984741211,30.6200008392334,29.65999984741211,30.56999969482422,59011700
2025-05-06,27.368574142456055,30.149999618530273,30.389999389648438,29.959999084472656,30.110000610351562,52751300
2025-05-07,27.49566078186035,30.290000915527344,30.299999237060547,29.899999618530273,30.299999237060547,35050400
2025-05-08,27.87691307067871,30.709999084472656,31.030000686645508,30.450000762939453,30.59000015258789,44665000
2025-05-09,28.058462142944336,30.90999984741211,31.18000030517578,30.639999389648438,31.100000381469727,25075600
2025-05-12,28.730194091796875,31.649999618530273,32.16999816894531,31.649999618530273,31.899999618530273,53493600
2025-05-13,29.165916442871094,32.130001068115234,32.25,31.350000381469727,31.770000457763672,56165300
2025-05-14,28.966209411621094,31.90999984741211,32.119998931884766,31.700000762939453,32.0,28060100
2025-05-15,28.929901123046875,31.8700008392334,32.09000015258789,31.59000015258789,31.700000762939453,32468300
2025-05-16,29.066062927246094,32.02000045776367,32.15999984741211,31.65999984741211,31.84000015258789,48111800
2025-05-19,29.02975082397461,31.979999542236328,32.099998474121094,31.700000762939453,31.84000015258789,30200500
2025-05-20,29.14775848388672,32.11000061035156,32.40999984741211,31.950000762939453,32.04999923706055,33485800
2025-05-21,28.82097053527832,31.75,32.38999938964844,31.690000534057617,32.209999084472656,28724100
2025-05-22,28.439714431762695,31.329999923706055,31.649999618530273,31.209999084472656,31.639999389648438,42207300
2025-05-23,28.503259658813477,31.399999618530273,31.399999618530273,30.8700008392334,31.09000015258789,25732400
2025-05-26,28.4124813079834,31.299999237060547,31.530000686645508,31.139999389648438,31.459999084472656,21277100
2025-05-27,28.621265411376953,31.530000686645508,31.670000076293945,31.360000610351562,31.520000457763672,34361500
2025-05-28,28.530492782592773,31.43000030517578,31.719999313354492,31.43000030517578,31.670000076293945,30516200
2025-05-29,28.35801887512207,31.239999771118164,31.5,31.049999237060547,31.479999542236328,20778800
2025-05-30,28.04938507080078,30.899999618530273,31.270000457763672,30.899999618530273,31.149999618530273,45127700
2025-06-02,28.212779998779297,31.079999923706055,31.649999618530273,31.010000228881836,31.639999389648438,35111000
2025-06-03,28.221351623535156,30.18000030517578,30.299999237060547,29.389999389648438,29.8799991607666,59828700
2025-06-04,27.44521713256836,29.350000381469727,30.450000762939453,29.270000457763672,30.239999771118164,41952900
2025-06-05,27.454570770263672,29.360000610351562,29.639999389648438,29.209999084472656,29.5,23774000
2025-06-06,27.744449615478516,29.670000076293945,29.829999923706055,29.360000610351562,29.450000762939453,28069300
2025-06-09,27.276899337768555,29.170000076293945,29.469999313354492,28.860000610351562,29.219999313354492,43834800
2025-06-10,28.099788665771484,30.049999237060547,30.219999313354492,29.350000381469727,29.40999984741211,46241800
2025-06-11,29.034887313842773,31.049999237060547,31.15999984741211,30.299999237060547,30.299999237060547,52432400
2025-06-12,29.68946075439453,31.75,31.90999984741211,30.729999542236328,30.799999237060547,51729500
2025-06-13,30.418838500976562,32.529998779296875,33.16999816894531,32.16999816894531,33.11000061035156,74902600
2025-06-16,30.11960792541504,32.209999084472656,32.93000030517578,32.06999969482422,32.529998779296875,45972200
2025-06-17,30.802230834960938,32.939998626708984,33.09000015258789,32.369998931884766,32.380001068115234,57633400
2025-06-18,30.774179458618164,32.90999984741211,33.209999084472656,32.4900016784668,32.959999084472656,49342900
2025-06-20,30.690019607543945,32.81999969482422,33.15999984741211,32.630001068115234,32.72999954223633,85062700
2025-06-23,29.923234939575195,32.0,33.34000015258789,31.809999465942383,33.290000915527344,54592400
2025-06-24,29.334121704101562,31.3700008392334,31.84000015258789,31.139999389648438,31.290000915527344,48728300
2025-06-25,29.184505462646484,31.209999084472656,31.540000915527344,31.209999084472656,31.31999969482422,23127700
2025-06-26,29.41827964782715,31.459999084472656,31.600000381469727,31.309999465942383,31.350000381469727,17227000
2025-06-27,29.184505462646484,31.209999084472656,31.450000762939453,31.139999389648438,31.389999389648438,16482100
2025-06-30,29.343473434448242,31.3799991607666,31.489999771118164,31.100000381469727,31.209999084472656,23091100
2025-07-01,29.446334838867188,31.489999771118164,31.56999969482422,31.260000228881836,31.450000762939453,17014100
2025-07-02,29.969989776611328,32.04999923706055,32.2400016784668,31.479999542236328,31.579999923706055,28311600
2025-07-03,30.072853088378906,32.15999984741211,32.38999938964844,31.940000534057617,32.0,14322300
2025-07-04,30.03544807434082,32.119998931884766,32.310001373291016,31.969999313354492,32.0,9356900
2025-07-07,29.97934341430664,32.060001373291016,32.2599983215332,31.899999618530273,32.119998931884766,17938800
2025-07-08,30.409488677978516,32.52000045776367,32.59000015258789,32.029998779296875,32.06999969482422,28778300
2025-07-09,30.22246742248535,32.31999969482422,32.630001068115234,32.060001373291016,32.56999969482422,22338900
2025-07-10,30.147661209106445,32.2400016784668,32.43000030517578,31.719999313354492,32.0099983215332,23102800
2025-07-11,30.512348175048828,32.630001068115234,32.70000076293945,32.150001525878906,32.20000076293945,23946700
2025-07-14,30.11025619506836,32.20000076293945,32.77000045776367,32.119998931884766,32.630001068115234,24106300
2025-07-15,29.876480102539062,31.950000762939453,32.380001068115234,31.809999465942383,32.2400016784668,18688300
2025-07-16,29.726863861083984,31.790000915527344,31.950000762939453,31.469999313354492,31.899999618530273,27588900
2025-07-17,29.427631378173828,31.469999313354492,31.770000457763672,31.399999618530273,31.770000457763672,27497600
2025-07-18,28.978784561157227,30.989999771118164,31.600000381469727,30.600000381469727,31.399999618530273,57635000
2025-07-21,29.034887313842773,31.049999237060547,31.280000686645508,30.770000457763672,30.889999389648438,16412000
2025-07-22,29.31542205810547,31.350000381469727,31.579999923706055,30.989999771118164,31.049999237060547,24557100
2025-07-23,29.91388511657715,31.989999771118164,32.029998779296875,31.299999237060547,31.350000381469727,27418600
2025-07-24,29.867130279541016,31.940000534057617,32.02000045776367,31.649999618530273,31.93000030517578,17856300
2025-07-25,29.90453338623047,31.979999542236328,32.18000030517578,31.90999984741211,31.989999771118164,13341000
2025-07-28,29.941938400268555,32.02000045776367,32.43000030517578,31.68000030517578,32.15999984741211,27972800
2025-07-29,30.334678649902344,32.439998626708984,32.599998474121094,31.989999771118164,32.189998626708984,33284000
2025-07-30,30.643264770507812,32.77000045776367,32.83000183105469,32.27000045776367,32.29999923706055,27110400
2025-07-31,30.521699905395508,32.63999938964844,32.75,32.41999816894531,32.45000076293945,23544900
2025-08-01,30.11960792541504,32.209999084472656,32.90999984741211,32.040000915527344,32.79999923706055,24191800
2025-08-04,30.072853088378906,32.15999984741211,32.27000045776367,31.959999084472656,32.209999084472656,15215600
2025-08-05,30.213117599487305,32.310001373291016,32.40999984741211,32.029998779296875,32.130001068115234,20635500
2025-08-06,30.250518798828125,32.349998474121094,32.939998626708984,32.189998626708984,32.599998474121094,32854600
2025-08-07,30.418838500976562,32.529998779296875,32.849998474121094,32.43000030517578,32.63999938964844,21111400
2025-08-08,28.54863739013672,30.530000686645508,32.04999923706055,30.530000686645508,31.5,107235300
2025-08-11,28.726306915283203,30.719999313354492,31.030000686645508,30.579999923706055,30.709999084472656,28045800
2025-08-12,28.801115036010742,30.799999237060547,31.270000457763672,30.649999618530273,30.790000915527344,37973300
2025-08-13,28.586040496826172,30.56999969482422,30.860000610351562,30.40999984741211,30.799999237060547,38340700
2025-08-14,28.221351623535156,30.18000030517578,30.729999542236328,30.020000457763672,30.729999542236328,43087500
2025-08-15,28.21200180053711,30.170000076293945,30.219999313354492,29.739999771118164,30.100000381469727,55416100
2025-08-18,28.389671325683594,30.360000610351562,30.549999237060547,30.020000457763672,30.25,31498100
2025-08-19,28.090438842773438,30.040000915527344,30.229999542236328,29.850000381469727,30.200000762939453,39294300
2025-08-20,28.25875473022461,30.219999313354492,30.360000610351562,30.100000381469727,30.1200008392334,23706600
2025-08-21,28.3242130279541,30.290000915527344,30.43000030517578,30.010000228881836,30.219999313354492,23327000
2025-08-22,29.138917922973633,30.469999313354492,30.469999313354492,29.799999237060547,29.889999389648438,49813600
2025-08-25,29.31105613708496,30.649999618530273,30.780000686645508,30.420000076293945,30.469999313354492,21075300
2025-08-26,29.10066795349121,30.43000030517578,30.579999923706055,30.229999542236328,30.479999542236328,21789700
2025-08-27,29.320619583129883,30.65999984741211,30.68000030517578,30.360000610351562,30.450000762939453,16349100
2025-08-28,29.578824996948242,30.93000030517578,31.1299991607666,30.709999084472656,30.780000686645508,25802500
2025-08-29,29.741397857666016,31.100000381469727,31.350000381469727,30.850000381469727,30.93000030517578,27713400
2025-09-01,29.808340072631836,31.170000076293945,31.3700008392334,31.049999237060547,31.200000762939453,9889700
2025-09-02,29.961349487304688,31.329999923706055,31.440000534057617,31.0,31.0,19812000
2025-09-03,29.70314598083496,31.059999465942383,31.350000381469727,30.920000076293945,31.1200008392334,29788800
2025-09-04,29.70314598083496,31.059999465942383,31.31999969482422,30.93000030517578,31.0,24816500
2025-09-05,29.253677368164062,30.59000015258789,31.09000015258789,30.190000534057617,31.079999923706055,46121900
2025-09-08,29.36843490600586,30.709999084472656,30.969999313354492,30.510000228881836,30.829999923706055,18164200
2025-09-09,29.597951889038086,30.950000762939453,31.149999618530273,30.809999465942383,30.860000610351562,31283900
2025-09-10,30.133487701416016,31.510000228881836,31.540000915527344,30.920000076293945,30.959999084472656,35949600
2025-09-11,30.018728256225586,31.389999389648438,31.479999542236328,31.270000457763672,31.299999237060547,17607900
2025-09-12,29.817903518676758,31.18000030517578,31.700000762939453,31.15999984741211,31.450000762939453,19318400
2025-09-15,30.076108932495117,31.450000762939453,31.549999237060547,31.059999465942383,31.299999237060547,21978400
2025-09-16,30.152612686157227,31.530000686645508,31.68000030517578,31.34000015258789,31.600000381469727,19154700
2025-09-17,30.334312438964844,31.719999313354492,31.790000915527344,31.459999084472656,31.540000915527344,29148100
2025-09-18,30.037857055664062,31.40999984741211,31.81999969482422,31.190000534057617,31.770000457763672,25702900
2025-09-19,29.70314598083496,31.059999465942383,31.450000762939453,30.90999984741211,31.43000030517578,48871300
2025-09-22,29.999603271484375,31.3700008392334,31.469999313354492,30.84000015258789,31.0,22016100
2025-09-23,30.506450653076172,31.899999618530273,32.09000015258789,31.459999084472656,31.489999771118164,39895300
2025-09-24,31.194997787475586,32.619998931884766,32.630001068115234,32.060001373291016,32.15999984741211,36414400
2025-09-25,30.94635581970215,32.36000061035156,32.79999923706055,32.2400016784668,32.70000076293945,29556300
2025-09-26,30.841161727905273,32.25,32.7400016784668,32.150001525878906,32.4900016784668,27819700
2025-09-29,30.420381546020508,31.809999465942383,32.540000915527344,31.729999542236328,32.2599983215332,35720000
2025-09-30,30.085670471191406,31.459999084472656,31.899999618530273,31.15999984741211,31.690000534057617,48611500
2025-10-01,30.009166717529297,31.3799991607666,31.549999237060547,31.299999237060547,31.450000762939453,24817000
2025-10-02,29.722270965576172,31.079999923706055,31.40999984741211,31.020000457763672,31.3799991607666,25497100
2025-10-03,29.645767211914062,31.0,31.329999923706055,31.0,31.15999984741211,19756800
2025-10-06,29.37799835205078,30.719999313354492,31.229999542236328,30.700000762939453,31.200000762939453,21245400
2025-10-07,29.48319435119629,30.829999923706055,30.860000610351562,30.350000381469727,30.719999313354492,29068800
2025-10-08,29.31105613708496,30.649999618530273,31.079999923706055,30.5,31.079999923706055,17687400
2025-10-09,28.890275955200195,30.209999084472656,30.84000015258789,30.190000534057617,30.65999984741211,22879700
2025-10-10,28.6320743560791,29.940000534057617,30.15999984741211,29.8700008392334,30.100000381469727,50214400
2025-10-13,28.909404754638672,30.229999542236328,30.270000457763672,29.969999313354492,30.149999618530273,13890500
2025-10-14,28.70857810974121,30.020000457763672,30.459999084472656,29.8799991607666,29.950000762939453,28138200
2025-10-15,28.45037269592285,29.75,30.170000076293945,29.670000076293945,30.049999237060547,40261000
2025-10-16,28.16347885131836,29.450000762939453,29.809999465942383,29.40999984741211,29.739999771118164,28660900
2025-10-17,28.431245803833008,29.729999542236328,29.950000762939453,29.309999465942383,29.5,36238600
2025-10-20,28.45037269592285,29.75,29.899999618530273,29.479999542236328,29.700000762939453,31442800
2025-10-21,28.220857620239258,29.510000228881836,29.989999771118164,29.469999313354492,29.959999084472656,25509900
2025-10-22,28.546005249023438,29.850000381469727,30.030000686645508,29.6200008392334,29.760000228881836,27088800
2025-10-23,28.871152877807617,30.190000534057617,30.719999313354492,30.110000610351562,30.520000457763672,40060800
2025-10-24,28.536441802978516,29.84000015258789,30.450000762939453,29.809999465942383,30.299999237060547,24370300
2025-10-27,28.689453125,30.0,30.15999984741211,29.690000534057617,30.15999984741211,24771400
2025-10-28,28.679887771606445,29.989999771118164,30.350000381469727,29.760000228881836,29.899999618530273,25324800
2025-10-29,28.70857810974121,30.020000457763672,30.15999984741211,29.799999237060547,30.09000015258789,24854900
2025-10-30,28.58425521850586,29.889999389648438,30.15999984741211,29.760000228881836,29.920000076293945,22657200
2025-10-31,28.45037269592285,29.75,30.09000015258789,29.549999237060547,30.0,29516300
2025-11-03,28.785083770751953,30.100000381469727,30.469999313354492,29.799999237060547,29.8799991607666,54977300
2025-11-04,28.928529739379883,30.25,30.260000228881836,29.90999984741211,30.0,35035200
2025-11-05,29.5023193359375,30.850000381469727,30.950000762939453,30.209999084472656,30.25,40375900
2025-11-06,29.655330657958984,31.010000228881836,31.280000686645508,30.899999618530273,30.979999542236328,43435700
2025-11-07,30.774219512939453,32.18000030517578,32.18000030517578,30.850000381469727,31.219999313354492,97315600
2025-11-10,30.94635581970215,32.36000061035156,32.54999923706055,31.93000030517578,32.29999923706055,41064200
2025-11-11,31.749662399291992,33.20000076293945,33.439998626708984,32.45000076293945,32.540000915527344,68221300
2025-11-12,30.936790466308594,32.349998474121094,33.2599983215332,32.08000183105469,33.2599983215332,67646400
2025-11-13,31.070676803588867,32.4900016784668,32.939998626708984,32.31999969482422,32.36000061035156,38517200
2025-11-14,31.271503448486328,32.70000076293945,33.16999816894531,32.58000183105469,32.599998474121094,27371300
2025-11-17,31.443641662597656,32.880001068115234,33.08000183105469,32.72999954223633,32.7599983215332,63708200
2025-11-18,31.54883575439453,32.9900016784668,33.16999816894531,32.66999816894531,32.70000076293945,26520500
2025-11-19,31.386260986328125,32.81999969482422,32.97999954223633,32.540000915527344,32.79999923706055,48719300
2025-11-21,31.147178649902344,32.56999969482422,32.7400016784668,32.36000061035156,32.560001373291016,40869300
2025-11-24,31.11849021911621,32.540000915527344,32.75,32.36000061035156,32.560001373291016,38665600
2025-11-25,30.869848251342773,32.279998779296875,32.439998626708984,32.09000015258789,32.349998474121094,28431100
2025-11-26,30.822032928466797,32.22999954223633,32.40999984741211,32.099998474121094,32.380001068115234,25042100
2025-11-27,30.984607696533203,32.400001525878906,32.400001525878906,32.20000076293945,32.279998779296875,16087400
2025-11-28,30.401254653930664,31.790000915527344,32.310001373291016,31.290000915527344,32.27000045776367,60420500
2025-12-01,30.458633422851562,31.850000381469727,32.16999816894531,31.56999969482422,31.950000762939453,29489100
2025-12-02,30.669023513793945,32.06999969482422,32.06999969482422,31.440000534057617,31.93000030517578,25574100
2025-12-03,30.898540496826172,32.310001373291016,32.5,32.150001525878906,32.150001525878906,36630000
2025-12-04,31.099365234375,32.52000045776367,32.75,32.45000076293945,32.4900016784668,33009700
2025-12-05,29.999603271484375,31.3700008392334,32.90999984741211,31.3700008392334,32.5,74495100
2025-12-08,30.276933670043945,31.65999984741211,31.989999771118164,31.489999771118164,31.56999969482422,30271600
2025-12-09,30.468198776245117,31.860000610351562,31.899999618530273,31.329999923706055,31.610000610351562,23863000
2025-12-10,30.544702529907227,31.940000534057617,31.989999771118164,31.540000915527344,31.8799991607666,22123700
2025-12-11,30.037857055664062,31.40999984741211,31.899999618530273,31.25,31.8799991607666,64927900
2025-12-12,30.209991455078125,31.59000015258789,31.719999313354492,31.34000015258789,31.40999984741211,39659900
2025-12-15,30.315189361572266,31.700000762939453,31.899999618530273,31.59000015258789,31.68000030517578,31898900
2025-12-16,29.397125244140625,30.739999771118164,31.530000686645508,30.610000610351562,31.530000686645508,52661900
2025-12-17,29.722270965576172,31.079999923706055,31.079999923706055,30.81999969482422,30.860000610351562,39337100
2025-12-18,29.550134658813477,30.899999618530273,31.280000686645508,30.829999923706055,31.200000762939453,34311000
2025-12-19,29.655330657958984,31.010000228881836,31.239999771118164,30.969999313354492,31.06999969482422,45807700
2025-12-22,29.741397857666016,31.100000381469727,31.530000686645508,31.100000381469727,31.25,35896900
2025-12-23,29.901338577270508,30.309999465942383,30.56999969482422,30.200000762939453,30.549999237060547,35703900
2025-12-26,29.999990463256836,30.40999984741211,30.43000030517578,30.1200008392334,30.309999465942383,20178600
2025-12-29,30.315675735473633,30.729999542236328,30.809999465942383,30.520000457763672,30.559999465942383,20588100
2025-12-30,30.404462814331055,30.81999969482422,30.959999084472656,30.649999618530273,30.799999237060547,16880600
2026-01-02,30.29594612121582,30.709999084472656,30.959999084472656,30.360000610351562,30.959999084472656,21625200
2026-01-05,29.792823791503906,30.200000762939453,30.770000457763672,29.729999542236328,30.700000762939453,48211400
2026-01-06,29.240371704101562,29.639999389648438,30.43000030517578,29.6200008392334,30.3700008392334,38095000
2026-01-07,29.427810668945312,29.829999923706055,29.829999923706055,29.530000686645508,29.670000076293945,28132900
2026-01-08,29.792823791503906,30.200000762939453,30.34000015258789,29.790000915527344,29.90999984741211,34125800
2026-01-09,29.8914737701416,30.299999237060547,30.739999771118164,30.139999389648438,30.170000076293945,27982800
2026-01-12,29.950666427612305,30.360000610351562,30.56999969482422,30.209999084472656,30.299999237060547,18947400
2026-01-13,30.72014808654785,31.139999389648438,31.31999969482422,30.360000610351562,30.360000610351562,54097100
2026-01-14,31.55868911743164,31.989999771118164,32.529998779296875,31.200000762939453,31.350000381469727,82309300
2026-01-15,31.361385345458984,31.790000915527344,31.93000030517578,31.440000534057617,31.5,26456600
2026-01-16,31.608015060424805,32.040000915527344,32.20000076293945,31.8799991607666,31.950000762939453,70947300
2026-01-19,31.73625946044922,32.16999816894531,32.209999084472656,31.90999984741211,31.959999084472656,12852900
2026-01-20,31.854644775390625,32.290000915527344,32.52000045776367,31.940000534057617,32.16999816894531,26300000
2026-01-21,32.97927474975586,33.43000030517578,33.54999923706055,32.43000030517578,32.5,93270900
2026-01-22,33.127254486083984,33.58000183105469,34.130001068115234,33.2599983215332,33.380001068115234,71516300
2026-01-23,34.56756591796875,35.040000915527344,35.47999954223633,33.880001068115234,33.95000076293945,68642600
2026-01-26,34.88325119018555,35.36000061035156,35.70000076293945,35.040000915527344,35.369998931884766,39869600
2026-01-27,35.64287185668945,36.130001068115234,36.45000076293945,35.369998931884766,35.5099983215332,47268200
2026-01-28,36.83655548095703,37.34000015258789,37.439998626708984,36.5,36.54999923706055,46054700
2026-01-29,37.19170379638672,37.70000076293945,38.58000183105469,37.56999969482422,38.0,58722800
2026-01-30,37.250892639160156,37.7599983215332,37.97999954223633,37.02000045776367,37.22999954223633,45794700
2026-02-02,36.73790740966797,37.2400016784668,37.2400016784668,36.619998931884766,36.779998779296875,38505600
2026-02-03,37.07332229614258,37.58000183105469,38.31999969482422,37.13999938964844,37.5099983215332,57152800
2026-02-04,37.014129638671875,37.52000045776367,37.68000030517578,36.970001220703125,37.45000076293945,37955800
2026-02-05,36.50114059448242,37.0,37.61000061035156,36.900001525878906,37.400001525878906,35933100
2026-02-06,36.155860900878906,36.650001525878906,37.27000045776367,36.45000076293945,37.209999084472656,27681100
2026-02-09,36.81682586669922,37.31999969482422,37.45000076293945,36.54999923706055,36.65999984741211,27089800
2026-02-10,36.84642028808594,37.349998474121094,37.58000183105469,36.90999984741211,37.31999969482422,24585300
2026-02-11,37.56658172607422,38.08000183105469,38.459999084472656,37.689998626708984,37.72999954223633,55863800
2026-02-12,36.609657287597656,37.11000061035156,38.04999923706055,36.79999923706055,38.04999923706055,39856000
2026-02-13,36.39262390136719,36.88999938964844,37.15999984741211,36.529998779296875,37.15999984741211,27507000
2026-02-18,36.688575744628906,37.189998626708984,37.38999938964844,36.849998474121094,37.06999969482422,32276700
2026-02-19,37.30022048950195,37.810001373291016,38.2400016784668,37.439998626708984,37.5,48355000
2026-02-20,37.458065032958984,37.970001220703125,37.970001220703125,37.45000076293945,37.66999816894531,51949800
2026-02-23,38.0697021484375,38.59000015258789,39.25,37.849998474121094,37.970001220703125,55061500
2026-02-24,39.03649139404297,39.56999969482422,39.65999984741211,38.86000061035156,38.86000061035156,43263600
2026-02-25,39.03649139404297,39.56999969482422,39.970001220703125,39.029998779296875,39.939998626708984,26012300
2026-02-26,39.075950622558594,39.61000061035156,39.79999923706055,38.970001220703125,39.29999923706055,29919100
2026-02-27,38.79972839355469,39.33000183105469,40.27000045776367,39.33000183105469,39.91999816894531,38799000
2026-03-02,40.57545852661133,41.130001068115234,41.529998779296875,40.52000045776367,41.29999923706055,83817000
2026-03-03,40.397884368896484,40.95000076293945,42.0,40.75,41.70000076293945,93893800
2026-03-04,39.95395278930664,40.5,41.16999816894531,39.93000030517578,40.95000076293945,50915600
2026-03-05,40.141387939453125,40.689998626708984,40.77000045776367,39.97999954223633,40.529998779296875,53107600
2026-03-06,41.59156799316406,42.15999984741211,43.119998931884766,41.41999816894531,41.900001525878906,87228000
2026-03-09,42.578086853027344,43.15999984741211,44.27000045776367,42.66999816894531,43.25,107124400
2026-03-10,42.35118865966797,42.93000030517578,43.099998474121094,42.029998779296875,42.310001373291016,56706200
2026-03-11,44.19597625732422,44.79999923706055,44.880001068115234,43.22999954223633,43.25,73234300
2026-03-12,44.393280029296875,45.0,46.09000015258789,44.20000076293945,45.38999938964844,86124400
2026-03-13,44.067726135253906,44.66999816894531,45.34000015258789,44.290000915527344,44.61000061035156,42520400
2026-03-16,45.24168395996094,45.86000061035156,45.9900016784668,44.79999923706055,44.880001068115234,40474100
2026-03-17,45.75467300415039,46.380001068115234,47.2599983215332,45.79999923706055,45.849998474121094,51025600
2026-03-18,46.36631393432617,47.0,47.150001525878906,46.54999923706055,46.70000076293945,55074700
2026-03-19,46.14927673339844,46.779998779296875,48.130001068115234,46.689998626708984,47.20000076293945,84865000
2026-03-20,45.05424499511719,45.66999816894531,47.25,44.91999816894531,46.790000915527344,78125700
2026-03-23,45.40938949584961,46.029998779296875,46.18000030517578,44.31999969482422,44.41999816894531,65252400
2026-03-24,46.63267517089844,47.27000045776367,47.95000076293945,46.369998931884766,46.400001525878906,57455300
2026-03-25,46.85957336425781,47.5,47.54999923706055,46.29999923706055,46.5,40532900
2026-03-26,47.372562408447266,48.02000045776367,48.470001220703125,47.52000045776367,47.599998474121094,59986800
2026-03-27,48.74382019042969,49.40999984741211,49.439998626708984,48.130001068115234,48.5,54170900
2026-03-30,49.00031280517578,49.66999816894531,50.689998626708984,49.4900016784668,49.75,51454300
2026-03-31,48.0137939453125,48.66999816894531,50.54999923706055,47.650001525878906,50.06999969482422,78931700
2026-04-01,46.7313232421875,47.369998931884766,48.06999969482422,46.77000045776367,47.70000076293945,66488400
2026-04-02,47.50080871582031,48.150001525878906,49.459999084472656,47.95000076293945,49.29999923706055,38536900
2026-04-06,48.280155181884766,48.939998626708984,49.0,47.880001068115234,47.9900016784668,27848100
2026-04-07,47.855953216552734,48.5099983215332,49.560001373291016,48.400001525878906,49.09000015258789,33362800
2026-04-08,45.981571197509766,46.61000061035156,46.63999938964844,44.529998779296875,44.70000076293945,87580500
2026-04-09,47.254180908203125,47.900001525878906,48.54999923706055,47.029998779296875,47.540000915527344,58206500
2026-04-10,48.36894226074219,49.029998779296875,49.029998779296875,47.529998779296875,47.529998779296875,42860900
2026-04-13,49.108829498291016,49.779998779296875,50.2400016784668,49.25,49.75,60941100
2026-04-14,47.23445129394531,47.880001068115234,49.650001525878906,47.66999816894531,49.61000061035156,58646800
2026-04-15,46.25779724121094,46.88999938964844,48.099998474121094,46.72999954223633,47.95000076293945,61852100
2026-04-16,47.92501449584961,48.58000183105469,48.68000030517578,46.7599983215332,47.290000915527344,54484300
2026-04-17,45.596832275390625,46.220001220703125,46.54999923706055,44.869998931884766,46.5,105186900
2026-04-20,46.386043548583984,47.02000045776367,47.47999954223633,46.5099983215332,47.2400016784668,41904500
2026-04-22,47.027278900146484,47.66999816894531,47.97999954223633,47.25,47.63999938964844,51063000
2026-04-23,47.77000045776367,47.77000045776367,48.08000183105469,46.900001525878906,47.36000061035156,38666800
2026-04-24,47.15999984741211,47.15999984741211,47.52000045776367,46.45000076293945,47.5,34880200
2026-04-27,47.369998931884766,47.369998931884766,48.16999816894531,47.16999816894531,47.220001220703125,31543600
2026-04-28,47.52000045776367,47.52000045776367,48.040000915527344,47.459999084472656,47.650001525878906,29389700
2026-04-29,48.959999084472656,48.959999084472656,49.29999923706055,48.0,48.099998474121094,47685000
2026-04-30,49.08000183105469,49.08000183105469,49.380001068115234,48.290000915527344,48.810001373291016,36666100
2026-05-04,49.34000015258789,49.34000015258789,49.849998474121094,48.91999816894531,49.279998779296875,41319600
2026-05-05,48.65999984741211,48.65999984741211,49.029998779296875,48.33000183105469,48.880001068115234,28066500
2026-05-06,47.27000045776367,47.27000045776367,47.4900016784668,46.59000015258789,46.709999084472656,62009100
2026-05-07,46.220001220703125,46.220001220703125,46.650001525878906,45.20000076293945,46.400001525878906,71214500
2026-05-08,45.66999816894531,45.66999816894531,46.54999923706055,45.66999816894531,46.38999938964844,32914200
2026-05-11,46.43000030517578,46.43000030517578,46.5099983215332,45.650001525878906,46.209999084472656,50622200
2026-05-12,45.68000030517578,45.68000030517578,46.25,45.400001525878906,46.25,81072700
2026-05-13,44.56999969482422,44.56999969482422,45.83000183105469,44.36000061035156,45.77000045776367,57251900
2026-05-14,45.0,45.0,45.369998931884766,44.380001068115234,44.459999084472656,47760000
2026-05-15,45.470001220703125,45.470001220703125,45.540000915527344,44.97999954223633,45.38999938964844,59380500
2026-05-18,46.439998626708984,46.439998626708984,46.459999084472656,44.470001220703125,45.099998474121094,57388200
2026-05-19,46.09000015258789,46.09000015258789,46.29999923706055,45.59000015258789,45.9900016784668,40943000
2026-05-20,44.599998474121094,44.599998474121094,46.40999984741211,44.540000915527344,45.77000045776367,52780200
2026-05-21,44.95000076293945,44.95000076293945,45.650001525878906,44.5,45.099998474121094,57725900
2026-05-22,44.47999954223633,44.47999954223633,44.75,43.869998931884766,44.7400016784668,39634300
2026-05-25,43.400001525878906,43.400001525878906,43.81999969482422,42.970001220703125,43.4900016784668,26720900
